,facility_detail_info,facility_available_name
0,총주차대수5,장애인 전용 주차구역_FR푸드시스템
1,단차없음 또는 경사로 1/12이하 설치,주출입구 높이차이 제거_FR푸드시스템
2,유효폭 1.2m 이상,주출입구 높이차이 제거_FR푸드시스템
3,손잡이 설치,주출입구 높이차이 제거_FR푸드시스템
4,평탄함,주출입구 접근로_OK목장
5,단차없음,주출입구 접근로_OK목장
6,유효폭 1.2m 이상,주출입구 접근로_OK목장
7,기울기 1/18이하,주출입구 접근로_OK목장
8,보/차도 구분,주출입구 접근로_OK목장
9,총주차대수30,장애인 전용 주차구역_OK목장
10,전용주차대수  3,장애인 전용 주차구역_OK목장
11,출입구와 가까운 곳에 설치,장애인 전용 주차구역_OK목장
12,크기 확보(3.3*5m),장애인 전용 주차구역_OK목장
13,안내표지판 설치,장애인 전용 주차구역_OK목장
14,평탄함,주출입구 접근로_The만나
15,단차없음,주출입구 접근로_The만나
16,유효폭 1.2m 이상,주출입구 접근로_The만나
17,기울기 1/18이하,주출입구 접근로_The만나
18,보/차도 구분없음,주출입구 접근로_The만나
19,상세정보 없음,장애인 전용 주차구역_The만나
20,경사로 1/12초과 설치,주출입구 높이차이 제거_The만나
21,유효폭 1.2m 미만,주출입구 높이차이 제거_The만나
22,손잡이 설치,주출입구 높이차이 제거_The만나
23,상세정보 없음,주출입구 접근로_㈜이리오어라(한정식)
24,총주차대수31,장애인 전용 주차구역_㈜이리오어라(한정식)
25,전용주차대수  1,장애인 전용 주차구역_㈜이리오어라(한정식)
26,출입구와 가까운 곳에 설치,장애인 전용 주차구역_㈜이리오어라(한정식)
27,크기 확보(3.3*5m),장애인 전용 주차구역_㈜이리오어라(한정식)
28,안내표지판 설치,장애인 전용 주차구역_㈜이리오어라(한정식)
29,평탄하지 않음,주출입구 접근로_가야옥
30,단차없음,주출입구 접근로_가야옥
31,유효폭 1.2m 이상,주출입구 접근로_가야옥
32,기울기 1/18이하,주출입구 접근로_가야옥
33,보/차도 구분,주출입구 접근로_가야옥
34,총주차대수7,장애인 전용 주차구역_가야옥
35,단차없음 또는 경사로 1/12이하 설치,주출입구 높이차이 제거_가야옥
36,유효폭 1.2m 이상,주출입구 높이차이 제거_가야옥
37,손잡이 설치,주출입구 높이차이 제거_가야옥
38,평탄함,주출입구 접근로_가족천하
39,단차없음,주출입구 접근로_가족천하
40,유효폭 1.2m 이상,주출입구 접근로_가족천하
41,기울기 1/18이하,주출입구 접근로_가족천하
42,보/차도 구분,주출입구 접근로_가족천하
43,평탄함,주출입구 접근로_갈비둥지
44,단차없음,주출입구 접근로_갈비둥지
45,유효폭 1.2m 이상,주출입구 접근로_갈비둥지
46,기울기 1/18이하,주출입구 접근로_갈비둥지
47,보/차도 구분없음,주출입구 접근로_갈비둥지
48,총주차대수80,장애인 전용 주차구역_갈비둥지
49,전용주차대수  1,장애인 전용 주차구역_갈비둥지
50,출입구와 가까운 곳에 설치,장애인 전용 주차구역_갈비둥지
51,크기 확보(3.3*5m),장애인 전용 주차구역_갈비둥지
52,안내표지판 설치,장애인 전용 주차구역_갈비둥지
53,경사로 1/12초과 설치,주출입구 높이차이 제거_갈비둥지
54,유효폭 1.2m 이상,주출입구 높이차이 제거_갈비둥지
55,손잡이 설치,주출입구 높이차이 제거_갈비둥지
56,평탄함,주출입구 접근로_갈비사랑
57,단차없음,주출입구 접근로_갈비사랑
58,유효폭 1.2m 이상,주출입구 접근로_갈비사랑
59,기울기 1/18이하,주출입구 접근로_갈비사랑
60,보/차도 구분,주출입구 접근로_갈비사랑
61,단차없음 또는 경사로 1/12이하 설치,주출입구 높이차이 제거_갈비사랑
62,유효폭 1.2m 이상,주출입구 높이차이 제거_갈비사랑
63,평탄함,주출입구 접근로_갈비세상
64,단차없음,주출입구 접근로_갈비세상
65,유효폭 1.2m 이상,주출입구 접근로_갈비세상
66,기울기 1/18이하,주출입구 접근로_갈비세상
67,보/차도 구분,주출입구 접근로_갈비세상
68,단차없음 또는 경사로 1/12이하 설치,주출입구 높이차이 제거_갈비세상
69,유효폭 1.2m 이상,주출입구 높이차이 제거_갈비세상
70,평탄함,주출입구 접근로_갈비예찬
71,단차없음,주출입구 접근로_갈비예찬
72,유효폭 1.2m 이상,주출입구 접근로_갈비예찬
73,기울기 1/18이하,주출입구 접근로_갈비예찬
74,보/차도 구분없음,주출입구 접근로_갈비예찬
75,경사로 1/12초과 설치,주출입구 높이차이 제거_갈비예찬
76,유효폭 1.2m 미만,주출입구 높이차이 제거_갈비예찬
77,손잡이 미흡설치,주출입구 높이차이 제거_갈비예찬
78,평탄함,주출입구 접근로_감자바우
79,단차없음,주출입구 접근로_감자바우
80,유효폭 1.2m 이상,주출입구 접근로_감자바우
81,기울기 1/18이하,주출입구 접근로_감자바우
82,보/차도 구분,주출입구 접근로_감자바우
83,단차없음 또는 경사로 1/12이하 설치,주출입구 높이차이 제거_감자바우
84,평탄함,주출입구 접근로_강강술래
85,단차없음,주출입구 접근로_강강술래
86,유효폭 1.2m 이상,주출입구 접근로_강강술래
87,기울기 1/18이하,주출입구 접근로_강강술래
88,보/차도 구분없음,주출입구 접근로_강강술래
89,총주차대수106,장애인 전용 주차구역_강강술래
90,전용주차대수  3,장애인 전용 주차구역_강강술래
91,출입구와 가까운 곳에 설치,장애인 전용 주차구역_강강술래
92,크기 미 확보,장애인 전용 주차구역_강강술래
93,안내표지판 설치,장애인 전용 주차구역_강강술래
94,단차없음 또는 경사로 1/12이하 설치,주출입구 높이차이 제거_강강술래
95,유효폭 1.2m 이상,주출입구 높이차이 제거_강강술래
96,평탄함,주출입구 접근로_강강술래
97,단차없음,주출입구 접근로_강강술래
98,유효폭 1.2m 이상,주출입구 접근로_강강술래
99,기울기 1/18이하,주출입구 접근로_강강술래
100,보/차도 구분,주출입구 접근로_강강술래
101,출입구 및 피난통로와 가까운곳에 설치,장애인용 관람석_강강술래
102,관람석 면적0.9*1.3m 이상,장애인용 관람석_강강술래
103,좌석설치,장애인용 관람석_강강술래
104,평탄함,주출입구 접근로_개성면옥
105,단차없음,주출입구 접근로_개성면옥
106,유효폭 1.2m 이상,주출입구 접근로_개성면옥
107,기울기 1/18이하,주출입구 접근로_개성면옥
108,보/차도 구분,주출입구 접근로_개성면옥
109,상세정보 없음,장애인 전용 주차구역_개성면옥
110,평탄함,주출입구 접근로_개성면옥(함흥냉면)
111,단차없음,주출입구 접근로_개성면옥(함흥냉면)
112,유효폭 1.2m 이상,주출입구 접근로_개성면옥(함흥냉면)
113,기울기 1/18~1/12이하,주출입구 접근로_개성면옥(함흥냉면)
114,보/차도 구분없음,주출입구 접근로_개성면옥(함흥냉면)
115,총주차대수16,장애인 전용 주차구역_개성면옥(함흥냉면)
116,전용주차대수  2,장애인 전용 주차구역_개성면옥(함흥냉면)
117,출입구와 가까운 곳에 설치,장애인 전용 주차구역_개성면옥(함흥냉면)
118,크기 미 확보,장애인 전용 주차구역_개성면옥(함흥냉면)
119,안내표지판 설치,장애인 전용 주차구역_개성면옥(함흥냉면)
120,평탄함,주출입구 접근로_거북이집
121,단차없음,주출입구 접근로_거북이집
122,유효폭 1.2m 이상,주출입구 접근로_거북이집
123,기울기 1/18이하,주출입구 접근로_거북이집
124,보/차도 구분,주출입구 접근로_거북이집
125,상세정보 없음,장애인 전용 주차구역_거북이집
126,단차없음 또는 경사로 1/12이하 설치,주출입구 높이차이 제거_거북이집
127,유효폭 1.2m 이상,주출입구 높이차이 제거_거북이집
128,평탄함,주출입구 접근로_경복궁
129,단차없음,주출입구 접근로_경복궁
130,유효폭 1.2m 이상,주출입구 접근로_경복궁
131,기울기 1/18이하,주출입구 접근로_경복궁
132,보/차도 구분,주출입구 접근로_경복궁
133,총주차대수14,장애인 전용 주차구역_경복궁
134,단차없음 또는 경사로 1/12이하 설치,주출입구 높이차이 제거_경복궁
135,유효폭 1.2m 이상,주출입구 높이차이 제거_경복궁
136,손잡이 설치,주출입구 높이차이 제거_경복궁
137,평탄함,주출입구 접근로_경복궁(불고기브라더스)
138,단차없음,주출입구 접근로_경복궁(불고기브라더스)
139,유효폭 1.2m 이상,주출입구 접근로_경복궁(불고기브라더스)
140,기울기 1/18~1/12이하,주출입구 접근로_경복궁(불고기브라더스)
141,보/차도 구분없음,주출입구 접근로_경복궁(불고기브라더스)
142,총주차대수11,장애인 전용 주차구역_경복궁(불고기브라더스)
143,전용주차대수  1,장애인 전용 주차구역_경복궁(불고기브라더스)
144,출입구와 가까운 곳에 설치,장애인 전용 주차구역_경복궁(불고기브라더스)
145,크기 확보(3.3*5m),장애인 전용 주차구역_경복궁(불고기브라더스)
146,안내표지판 설치,장애인 전용 주차구역_경복궁(불고기브라더스)
147,단차없음 또는 경사로 1/12이하 설치,주출입구 높이차이 제거_경복궁(불고기브라더스)
148,유효폭 1.2m 이상,주출입구 높이차이 제거_경복궁(불고기브라더스)
149,손잡이 설치,주출입구 높이차이 제거_경복궁(불고기브라더스)
150,상세정보 없음,주출입구 접근로_경인빌딩(엉터리생고기)
151,총주차대수5,장애인 전용 주차구역_경인빌딩(엉터리생고기)
152,평탄함,주출입구 접근로_고기굼터
153,단차없음,주출입구 접근로_고기굼터
154,유효폭 1.2m 이상,주출입구 접근로_고기굼터
155,기울기 1/18이하,주출입구 접근로_고기굼터
156,보/차도 구분,주출입구 접근로_고기굼터
157,단차없음 또는 경사로 1/12이하 설치,주출입구 높이차이 제거_고기굼터
158,유효폭 1.2m 이상,주출입구 높이차이 제거_고기굼터
159,손잡이 설치,주출입구 높이차이 제거_고기굼터
160,상세정보 없음,주출입구 접근로_골방집
161,총주차대수6,장애인 전용 주차구역_골방집
162,상세정보 없음,주출입구 접근로_공룡고기
163,상세정보 없음,장애인 전용 주차구역_공룡고기
164,경사로 1/12초과 설치,주출입구 높이차이 제거_공룡고기
165,유효폭 1.2m 미만,주출입구 높이차이 제거_공룡고기
166,손잡이 미흡설치,주출입구 높이차이 제거_공룡고기
167,평탄함,주출입구 접근로_공룡고기
168,단차없음,주출입구 접근로_공룡고기
169,유효폭 1.2m 이상,주출입구 접근로_공룡고기
170,기울기 1/18이하,주출입구 접근로_공룡고기
171,보/차도 구분없음,주출입구 접근로_공룡고기
172,상세정보 없음,장애인 전용 주차구역_공룡고기
173,평탄함,주출입구 접근로_광양림
174,단차없음,주출입구 접근로_광양림
175,유효폭 1.2m 이상,주출입구 접근로_광양림
176,기울기 1/18~1/12이하,주출입구 접근로_광양림
177,보/차도 구분,주출입구 접근로_광양림
178,총주차대수30,장애인 전용 주차구역_광양림
179,전용주차대수  2,장애인 전용 주차구역_광양림
180,출입구와 가까운 곳에 설치,장애인 전용 주차구역_광양림
181,크기 확보(3.3*5m),장애인 전용 주차구역_광양림
182,안내표지판 설치,장애인 전용 주차구역_광양림
183,경사로 1/12초과 설치,주출입구 높이차이 제거_광양림
184,유효폭 1.2m 미만,주출입구 높이차이 제거_광양림
185,손잡이 설치,주출입구 높이차이 제거_광양림
186,평탄함,주출입구 접근로_교촌1991
187,단차없음,주출입구 접근로_교촌1991
188,유효폭 1.2m 이상,주출입구 접근로_교촌1991
189,기울기 1/18이하,주출입구 접근로_교촌1991
190,보/차도 구분없음,주출입구 접근로_교촌1991
191,총주차대수5,장애인 전용 주차구역_교촌1991
192,상세정보 없음,주출입구 접근로_궁안뜰
193,상세정보 없음,장애인 전용 주차구역_궁안뜰
194,상세정보 없음,주출입구 접근로_근린생활시설(고갯마루한정식)
195,단차없음 또는 경사로 1/12이하 설치,주출입구 높이차이 제거_근린생활시설(고갯마루한정식)
196,유효폭 1.2m 이상,주출입구 높이차이 제거_근린생활시설(고갯마루한정식)
197,평탄함,주출입구 접근로_근린생활시설(대게나라)
198,단차없음,주출입구 접근로_근린생활시설(대게나라)
199,유효폭 1.2m 이상,주출입구 접근로_근린생활시설(대게나라)
200,기울기 1/18이하,주출입구 접근로_근린생활시설(대게나라)
201,보/차도 구분,주출입구 접근로_근린생활시설(대게나라)
202,총주차대수8,장애인 전용 주차구역_근린생활시설(대게나라)
203,단차없음 또는 경사로 1/12이하 설치,주출입구 높이차이 제거_근린생활시설(대게나라)
204,유효폭 1.2m 이상,주출입구 높이차이 제거_근린생활시설(대게나라)
205,상세정보 없음,주출입구 접근로_근린생활시설(못된송아지)
206,상세정보 없음,장애인 전용 주차구역_근린생활시설(못된송아지)
207,평탄함,주출입구 접근로_근린생활시설(배밭고을)
208,단차없음,주출입구 접근로_근린생활시설(배밭고을)
209,유효폭 1.2m 이상,주출입구 접근로_근린생활시설(배밭고을)
210,기울기 1/18이하,주출입구 접근로_근린생활시설(배밭고을)
211,보/차도 구분,주출입구 접근로_근린생활시설(배밭고을)
212,총주차대수47,장애인 전용 주차구역_근린생활시설(배밭고을)
213,전용주차대수  1,장애인 전용 주차구역_근린생활시설(배밭고을)
214,출입구와 가까운 곳에 설치,장애인 전용 주차구역_근린생활시설(배밭고을)
215,크기 미 확보,장애인 전용 주차구역_근린생활시설(배밭고을)
216,안내표지판 설치,장애인 전용 주차구역_근린생활시설(배밭고을)
217,평탄함,주출입구 접근로_근린생활시설(벽창우생고기전문점)
218,단차없음,주출입구 접근로_근린생활시설(벽창우생고기전문점)
219,유효폭 1.2m 이상,주출입구 접근로_근린생활시설(벽창우생고기전문점)
220,기울기 1/18이하,주출입구 접근로_근린생활시설(벽창우생고기전문점)
221,보/차도 구분,주출입구 접근로_근린생활시설(벽창우생고기전문점)
222,총주차대수7,장애인 전용 주차구역_근린생활시설(벽창우생고기전문점)
223,단차없음 또는 경사로 1/12이하 설치,주출입구 높이차이 제거_근린생활시설(벽창우생고기전문점)
224,유효폭 1.2m 이상,주출입구 높이차이 제거_근린생활시설(벽창우생고기전문점)
225,상세정보 없음,주출입구 접근로_근린생활시설(봉평산골메밀촌)
226,총주차대수5,장애인 전용 주차구역_근린생활시설(봉평산골메밀촌)
227,경사로 1/12초과 설치,주출입구 높이차이 제거_근린생활시설(봉평산골메밀촌)
228,유효폭 1.2m 미만,주출입구 높이차이 제거_근린생활시설(봉평산골메밀촌)
229,손잡이 설치,주출입구 높이차이 제거_근린생활시설(봉평산골메밀촌)
230,평탄함,주출입구 접근로_근린생활시설(생고기전문점취어당)
231,단차없음,주출입구 접근로_근린생활시설(생고기전문점취어당)
232,유효폭 1.2m 이상,주출입구 접근로_근린생활시설(생고기전문점취어당)
233,기울기 1/18이하,주출입구 접근로_근린생활시설(생고기전문점취어당)
234,보/차도 구분없음,주출입구 접근로_근린생활시설(생고기전문점취어당)
235,총주차대수4,장애인 전용 주차구역_근린생활시설(생고기전문점취어당)
236,단차없음 또는 경사로 1/12이하 설치,주출입구 높이차이 제거_근린생활시설(생고기전문점취어당)
237,유효폭 1.2m 이상,주출입구 높이차이 제거_근린생활시설(생고기전문점취어당)
238,상세정보 없음,주출입구 접근로_근린생활시설(엉터리생고기)
239,상세정보 없음,장애인 전용 주차구역_근린생활시설(엉터리생고기)
240,평탄함,주출입구 접근로_근린생활시설(진할매칼국수보쌈)
241,단차없음,주출입구 접근로_근린생활시설(진할매칼국수보쌈)
242,유효폭 1.2m 이상,주출입구 접근로_근린생활시설(진할매칼국수보쌈)
243,기울기 1/18이하,주출입구 접근로_근린생활시설(진할매칼국수보쌈)
244,보/차도 구분,주출입구 접근로_근린생활시설(진할매칼국수보쌈)
245,상세정보 없음,장애인 전용 주차구역_근린생활시설(진할매칼국수보쌈)
246,단차없음 또는 경사로 1/12이하 설치,주출입구 높이차이 제거_근린생활시설(진할매칼국수보쌈)
247,유효폭 1.2m 이상,주출입구 높이차이 제거_근린생활시설(진할매칼국수보쌈)
248,손잡이 설치,주출입구 높이차이 제거_근린생활시설(진할매칼국수보쌈)
249,평탄함,주출입구 접근로_근린생활시설(착한고기)
250,단차없음,주출입구 접근로_근린생활시설(착한고기)
251,유효폭 1.2m 이상,주출입구 접근로_근린생활시설(착한고기)
252,기울기 1/18이하,주출입구 접근로_근린생활시설(착한고기)
253,보/차도 구분없음,주출입구 접근로_근린생활시설(착한고기)
254,단차없음 또는 경사로 1/12이하 설치,주출입구 높이차이 제거_근린생활시설(착한고기)
255,유효폭 1.2m 이상,주출입구 높이차이 제거_근린생활시설(착한고기)
256,평탄함,주출입구 접근로_근린생활시설(천하뼈다귀감자탕)
257,단차없음,주출입구 접근로_근린생활시설(천하뼈다귀감자탕)
258,유효폭 1.2m 이상,주출입구 접근로_근린생활시설(천하뼈다귀감자탕)
259,기울기 1/18이하,주출입구 접근로_근린생활시설(천하뼈다귀감자탕)
260,보/차도 구분없음,주출입구 접근로_근린생활시설(천하뼈다귀감자탕)
261,단차없음 또는 경사로 1/12이하 설치,주출입구 높이차이 제거_근린생활시설(천하뼈다귀감자탕)
262,유효폭 1.2m 이상,주출입구 높이차이 제거_근린생활시설(천하뼈다귀감자탕)
263,평탄함,주출입구 접근로_근린생활시설(친구네숯불닭갈비)
264,단차없음,주출입구 접근로_근린생활시설(친구네숯불닭갈비)
265,유효폭 1.2m 이상,주출입구 접근로_근린생활시설(친구네숯불닭갈비)
266,기울기 1/18이하,주출입구 접근로_근린생활시설(친구네숯불닭갈비)
267,보/차도 구분없음,주출입구 접근로_근린생활시설(친구네숯불닭갈비)
268,평탄함,주출입구 접근로_근린생활시설(풍천민물장어)
269,단차없음,주출입구 접근로_근린생활시설(풍천민물장어)
270,유효폭 1.2m 이상,주출입구 접근로_근린생활시설(풍천민물장어)
271,기울기 1/18이하,주출입구 접근로_근린생활시설(풍천민물장어)
272,보/차도 구분없음,주출입구 접근로_근린생활시설(풍천민물장어)
273,상세정보 없음,장애인 전용 주차구역_근린생활시설(풍천민물장어)
274,단차없음 또는 경사로 1/12이하 설치,주출입구 높이차이 제거_근린생활시설(풍천민물장어)
275,유효폭 1.2m 이상,주출입구 높이차이 제거_근린생활시설(풍천민물장어)
276,평탄함,주출입구 접근로_근린생활시설(화통구이)
277,단차없음,주출입구 접근로_근린생활시설(화통구이)
278,유효폭 1.2m 이상,주출입구 접근로_근린생활시설(화통구이)
279,기울기 1/18이하,주출입구 접근로_근린생활시설(화통구이)
280,보/차도 구분없음,주출입구 접근로_근린생활시설(화통구이)
281,총주차대수8,장애인 전용 주차구역_근린생활시설(화통구이)
282,평탄함,주출입구 접근로_근린생활시설(황금오리농원)
283,단차없음,주출입구 접근로_근린생활시설(황금오리농원)
284,유효폭 1.2m 이상,주출입구 접근로_근린생활시설(황금오리농원)
285,기울기 1/18이하,주출입구 접근로_근린생활시설(황금오리농원)
286,보/차도 구분없음,주출입구 접근로_근린생활시설(황금오리농원)
287,경사로 1/12초과 설치,주출입구 높이차이 제거_근린생활시설(황금오리농원)
288,유효폭 1.2m 이상,주출입구 높이차이 제거_근린생활시설(황금오리농원)
289,손잡이 설치,주출입구 높이차이 제거_근린생활시설(황금오리농원)
290,평탄함,주출입구 접근로_금수복국
291,단차없음,주출입구 접근로_금수복국
292,유효폭 1.2m 이상,주출입구 접근로_금수복국
293,기울기 1/18이하,주출입구 접근로_금수복국
294,보/차도 구분,주출입구 접근로_금수복국
295,총주차대수9,장애인 전용 주차구역_금수복국
296,단차없음 또는 경사로 1/12이하 설치,주출입구 높이차이 제거_금수복국
297,유효폭 1.2m 이상,주출입구 높이차이 제거_금수복국
298,평탄함,주출입구 접근로_금수복국
299,단차없음,주출입구 접근로_금수복국
300,유효폭 1.2m 이상,주출입구 접근로_금수복국
301,기울기 1/18이하,주출입구 접근로_금수복국
302,보/차도 구분,주출입구 접근로_금수복국
303,총주차대수86,장애인 전용 주차구역_금수복국
304,전용주차대수  2,장애인 전용 주차구역_금수복국
305,출입구와 가까운 곳에 설치,장애인 전용 주차구역_금수복국
306,크기 확보(3.3*5m),장애인 전용 주차구역_금수복국
307,안내표지판 설치,장애인 전용 주차구역_금수복국
308,단차없음 또는 경사로 1/12이하 설치,주출입구 높이차이 제거_금수복국
309,유효폭 1.2m 이상,주출입구 높이차이 제거_금수복국
310,상세정보 없음,주출입구 접근로_나주곰탕
311,상세정보 없음,장애인 전용 주차구역_나주곰탕
312,상세정보 없음,주출입구 접근로_남원추어탕
313,상세정보 없음,장애인 전용 주차구역_남원추어탕
314,평탄함,주출입구 접근로_논골집
315,단차없음,주출입구 접근로_논골집
316,유효폭 1.2m 이상,주출입구 접근로_논골집
317,기울기 1/18이하,주출입구 접근로_논골집
318,보/차도 구분,주출입구 접근로_논골집
319,총주차대수4,장애인 전용 주차구역_논골집
320,평탄함,주출입구 접근로_놀부 유황오리 진흙구이 청담점(청담솔 빌딩)
321,단차없음,주출입구 접근로_놀부 유황오리 진흙구이 청담점(청담솔 빌딩)
322,유효폭 1.2m 이상,주출입구 접근로_놀부 유황오리 진흙구이 청담점(청담솔 빌딩)
323,기울기 1/18이하,주출입구 접근로_놀부 유황오리 진흙구이 청담점(청담솔 빌딩)
324,보/차도 구분,주출입구 접근로_놀부 유황오리 진흙구이 청담점(청담솔 빌딩)
325,총주차대수83,장애인 전용 주차구역_놀부 유황오리 진흙구이 청담점(청담솔 빌딩)
326,전용주차대수  3,장애인 전용 주차구역_놀부 유황오리 진흙구이 청담점(청담솔 빌딩)
327,출입구와 가까운 곳에 설치,장애인 전용 주차구역_놀부 유황오리 진흙구이 청담점(청담솔 빌딩)
328,크기 확보(3.3*5m),장애인 전용 주차구역_놀부 유황오리 진흙구이 청담점(청담솔 빌딩)
329,안내표지판 설치,장애인 전용 주차구역_놀부 유황오리 진흙구이 청담점(청담솔 빌딩)
330,단차없음 또는 경사로 1/12이하 설치,주출입구 높이차이 제거_놀부 유황오리 진흙구이 청담점(청담솔 빌딩)
331,유효폭 1.2m 이상,주출입구 높이차이 제거_놀부 유황오리 진흙구이 청담점(청담솔 빌딩)
332,평탄함,주출입구 접근로_놀부부대찌게&철판구이
333,단차없음,주출입구 접근로_놀부부대찌게&철판구이
334,유효폭 1.2m 이상,주출입구 접근로_놀부부대찌게&철판구이
335,기울기 1/18이하,주출입구 접근로_놀부부대찌게&철판구이
336,보/차도 구분없음,주출입구 접근로_놀부부대찌게&철판구이
337,총주차대수8,장애인 전용 주차구역_놀부부대찌게&철판구이
338,단차없음 또는 경사로 1/12이하 설치,주출입구 높이차이 제거_놀부부대찌게&철판구이
339,유효폭 1.2m 이상,주출입구 높이차이 제거_놀부부대찌게&철판구이
340,손잡이 설치,주출입구 높이차이 제거_놀부부대찌게&철판구이
341,평탄함,주출입구 접근로_달인갈매기(광명빌딩)
342,단차없음,주출입구 접근로_달인갈매기(광명빌딩)
343,유효폭 1.2m 이상,주출입구 접근로_달인갈매기(광명빌딩)
344,기울기 1/18이하,주출입구 접근로_달인갈매기(광명빌딩)
345,보/차도 구분,주출입구 접근로_달인갈매기(광명빌딩)
346,총주차대수4,장애인 전용 주차구역_달인갈매기(광명빌딩)
347,단차없음 또는 경사로 1/12이하 설치,주출입구 높이차이 제거_달인갈매기(광명빌딩)
348,유효폭 1.2m 이상,주출입구 높이차이 제거_달인갈매기(광명빌딩)
349,상세정보 없음,주출입구 접근로_대가순대국
350,총주차대수8,장애인 전용 주차구역_대가순대국
351,상세정보 없음,주출입구 접근로_대문한정식
352,총주차대수6,장애인 전용 주차구역_대문한정식
353,단차없음 또는 경사로 1/12이하 설치,주출입구 높이차이 제거_대박고기집(등마루오리한마당)
354,유효폭 1.2m 이상,주출입구 높이차이 제거_대박고기집(등마루오리한마당)
355,손잡이 설치,주출입구 높이차이 제거_대박고기집(등마루오리한마당)
356,상세정보 없음,주출입구 접근로_대원
357,유효폭 1.2m 이상,주출입구 높이차이 제거_대원
358,평탄함,주출입구 접근로_대원정
359,단차없음,주출입구 접근로_대원정
360,유효폭 1.2m 이상,주출입구 접근로_대원정
361,기울기 1/18이하,주출입구 접근로_대원정
362,보/차도 구분,주출입구 접근로_대원정
363,상세정보 없음,장애인 전용 주차구역_대원정
364,평탄함,주출입구 접근로_대창타운빌
365,단차없음,주출입구 접근로_대창타운빌
366,유효폭 1.2m 이상,주출입구 접근로_대창타운빌
367,기울기 1/18이하,주출입구 접근로_대창타운빌
368,보/차도 구분,주출입구 접근로_대창타운빌
369,총주차대수10,장애인 전용 주차구역_대창타운빌
370,전용주차대수  1,장애인 전용 주차구역_대창타운빌
371,출입구와 가까운 곳에 설치,장애인 전용 주차구역_대창타운빌
372,크기 미 확보,장애인 전용 주차구역_대창타운빌
373,안내표지판 설치,장애인 전용 주차구역_대창타운빌
374,단차없음 또는 경사로 1/12이하 설치,주출입구 높이차이 제거_대창타운빌
375,유효폭 1.2m 이상,주출입구 높이차이 제거_대창타운빌
376,평탄함,주출입구 접근로_도봉산갈비
377,단차없음,주출입구 접근로_도봉산갈비
378,유효폭 1.2m 이상,주출입구 접근로_도봉산갈비
379,기울기 1/18~1/12이하,주출입구 접근로_도봉산갈비
380,보/차도 구분없음,주출입구 접근로_도봉산갈비
381,총주차대수8,장애인 전용 주차구역_도봉산갈비
382,상세정보 없음,주출입구 높이차이 제거_도봉산갈비
383,상세정보 없음,장애인 전용 주차구역_돈촌삼겹살
384,상세정보 없음,주출입구 접근로_동구밖 장작구이(단군의땅)
385,총주차대수16,장애인 전용 주차구역_동구밖 장작구이(단군의땅)
386,평탄함,주출입구 접근로_동굴과 화로구이(뉴명성)
387,단차없음,주출입구 접근로_동굴과 화로구이(뉴명성)
388,유효폭 1.2m 이상,주출입구 접근로_동굴과 화로구이(뉴명성)
389,기울기 1/18이하,주출입구 접근로_동굴과 화로구이(뉴명성)
390,보/차도 구분없음,주출입구 접근로_동굴과 화로구이(뉴명성)
391,총주차대수30,장애인 전용 주차구역_동굴과 화로구이(뉴명성)
392,전용주차대수  2,장애인 전용 주차구역_동굴과 화로구이(뉴명성)
393,출입구와 가까운 곳에 설치,장애인 전용 주차구역_동굴과 화로구이(뉴명성)
394,크기 확보(3.3*5m),장애인 전용 주차구역_동굴과 화로구이(뉴명성)
395,안내표지판 설치,장애인 전용 주차구역_동굴과 화로구이(뉴명성)
396,경사로 1/12초과 설치,주출입구 높이차이 제거_동굴과 화로구이(뉴명성)
397,유효폭 1.2m 이상,주출입구 높이차이 제거_동굴과 화로구이(뉴명성)
398,손잡이 설치,주출입구 높이차이 제거_동굴과 화로구이(뉴명성)
399,평탄함,주출입구 접근로_둘레길주막미담
400,단차없음,주출입구 접근로_둘레길주막미담
401,유효폭 1.2m 이상,주출입구 접근로_둘레길주막미담
402,기울기 1/18이하,주출입구 접근로_둘레길주막미담
403,보/차도 구분,주출입구 접근로_둘레길주막미담
404,총주차대수2,장애인 전용 주차구역_둘레길주막미담
405,단차없음 또는 경사로 1/12이하 설치,주출입구 높이차이 제거_둘레길주막미담
406,유효폭 1.2m 이상,주출입구 높이차이 제거_둘레길주막미담
407,손잡이 설치,주출입구 높이차이 제거_둘레길주막미담
408,평탄함,주출입구 접근로_뚝심
409,단차없음,주출입구 접근로_뚝심
410,유효폭 1.2m 이상,주출입구 접근로_뚝심
411,기울기 1/18이하,주출입구 접근로_뚝심
412,보/차도 구분,주출입구 접근로_뚝심
413,총주차대수4,장애인 전용 주차구역_뚝심
414,단차없음 또는 경사로 1/12이하 설치,주출입구 높이차이 제거_뚝심
415,유효폭 1.2m 이상,주출입구 높이차이 제거_뚝심
416,손잡이 설치,주출입구 높이차이 제거_뚝심
417,총주차대수20,장애인 전용 주차구역_마루갈비
418,평탄함,주출입구 접근로_만가화로구이
419,단차없음,주출입구 접근로_만가화로구이
420,유효폭 1.2m 이상,주출입구 접근로_만가화로구이
421,기울기 1/18이하,주출입구 접근로_만가화로구이
422,보/차도 구분없음,주출입구 접근로_만가화로구이
423,총주차대수9,장애인 전용 주차구역_만가화로구이
424,경사로 1/12초과 설치,주출입구 높이차이 제거_만가화로구이
425,유효폭 1.2m 미만,주출입구 높이차이 제거_만가화로구이
426,손잡이 설치,주출입구 높이차이 제거_만가화로구이
427,평탄함,주출입구 접근로_만석장
428,단차없음,주출입구 접근로_만석장
429,유효폭 1.2m 이상,주출입구 접근로_만석장
430,기울기 1/18이하,주출입구 접근로_만석장
431,보/차도 구분없음,주출입구 접근로_만석장
432,총주차대수4,장애인 전용 주차구역_만석장
433,단차없음 또는 경사로 1/12이하 설치,주출입구 높이차이 제거_만석장
434,유효폭 1.2m 이상,주출입구 높이차이 제거_만석장
435,손잡이 설치,주출입구 높이차이 제거_만석장
436,평탄함,주출입구 접근로_맛있는고기구워먹는곳
437,단차없음,주출입구 접근로_맛있는고기구워먹는곳
438,유효폭 1.2m 이상,주출입구 접근로_맛있는고기구워먹는곳
439,기울기 1/18이하,주출입구 접근로_맛있는고기구워먹는곳
440,보/차도 구분,주출입구 접근로_맛있는고기구워먹는곳
441,총주차대수6,장애인 전용 주차구역_맛있는고기구워먹는곳
442,평탄함,"주출입구 접근로_명가낙지마당(지하1,지상1층)"
443,단차없음,"주출입구 접근로_명가낙지마당(지하1,지상1층)"
444,유효폭 1.2m 이상,"주출입구 접근로_명가낙지마당(지하1,지상1층)"
445,기울기 1/18이하,"주출입구 접근로_명가낙지마당(지하1,지상1층)"
446,보/차도 구분,"주출입구 접근로_명가낙지마당(지하1,지상1층)"
447,단차없음 또는 경사로 1/12이하 설치,"주출입구 높이차이 제거_명가낙지마당(지하1,지상1층)"
448,유효폭 1.2m 이상,"주출입구 높이차이 제거_명가낙지마당(지하1,지상1층)"
449,손잡이 설치,"주출입구 높이차이 제거_명가낙지마당(지하1,지상1층)"
450,평탄함,주출입구 접근로_명가설렁탕
451,단차없음,주출입구 접근로_명가설렁탕
452,유효폭 1.2m 이상,주출입구 접근로_명가설렁탕
453,기울기 1/18이하,주출입구 접근로_명가설렁탕
454,보/차도 구분없음,주출입구 접근로_명가설렁탕
455,총주차대수3,장애인 전용 주차구역_명가설렁탕
456,단차없음 또는 경사로 1/12이하 설치,주출입구 높이차이 제거_명가설렁탕
457,유효폭 1.2m 이상,주출입구 높이차이 제거_명가설렁탕
458,출입구 및 피난통로와 가까운곳에 설치,장애인용 관람석_명가설렁탕
459,관람석 면적0.9*1.3m 이상,장애인용 관람석_명가설렁탕
460,좌석설치,장애인용 관람석_명가설렁탕
461,평탄함,주출입구 접근로_명문의집
462,단차없음,주출입구 접근로_명문의집
463,유효폭 1.2m 이상,주출입구 접근로_명문의집
464,기울기 1/18이하,주출입구 접근로_명문의집
465,보/차도 구분없음,주출입구 접근로_명문의집
466,총주차대수50,장애인 전용 주차구역_명문의집
467,전용주차대수  4,장애인 전용 주차구역_명문의집
468,출입구와 가까운 곳에 설치,장애인 전용 주차구역_명문의집
469,크기 확보(3.3*5m),장애인 전용 주차구역_명문의집
470,안내표지판 설치,장애인 전용 주차구역_명문의집
471,단차없음 또는 경사로 1/12이하 설치,주출입구 높이차이 제거_명문의집
472,유효폭 1.2m 이상,주출입구 높이차이 제거_명문의집
473,출입구 및 피난통로와 가까운곳에 설치,장애인용 관람석_명문의집
474,관람석 면적0.9*1.3m 이상,장애인용 관람석_명문의집
475,좌석설치,장애인용 관람석_명문의집
476,평탄하지 않음,주출입구 접근로_몽골찬한우
477,단차없음,주출입구 접근로_몽골찬한우
478,유효폭 1.2m 이상,주출입구 접근로_몽골찬한우
479,기울기 1/18이하,주출입구 접근로_몽골찬한우
480,보/차도 구분,주출입구 접근로_몽골찬한우
481,상세정보 없음,장애인 전용 주차구역_몽골찬한우
482,단차없음 또는 경사로 1/12이하 설치,주출입구 높이차이 제거_몽골찬한우
483,유효폭 1.2m 이상,주출입구 높이차이 제거_몽골찬한우
484,평탄함,주출입구 접근로_무봉리토종순대국
485,단차없음,주출입구 접근로_무봉리토종순대국
486,유효폭 1.2m 이상,주출입구 접근로_무봉리토종순대국
487,기울기 1/18이하,주출입구 접근로_무봉리토종순대국
488,보/차도 구분,주출입구 접근로_무봉리토종순대국
489,단차없음 또는 경사로 1/12이하 설치,주출입구 높이차이 제거_무봉리토종순대국
490,유효폭 1.2m 이상,주출입구 높이차이 제거_무봉리토종순대국
491,손잡이 설치,주출입구 높이차이 제거_무봉리토종순대국
492,평탄함,주출입구 접근로_미가할매
493,단차없음,주출입구 접근로_미가할매
494,유효폭 1.2m 이상,주출입구 접근로_미가할매
495,기울기 1/18이하,주출입구 접근로_미가할매
496,보/차도 구분,주출입구 접근로_미가할매
497,상세정보 없음,주출입구 높이차이 제거_미가할매
498,가로조작반 설치,장애인용 승강기_미가할매
499,버튼점자 설치,장애인용 승강기_미가할매
500,점자블록 설치,장애인용 승강기_미가할매
501,음성안내 설치,장애인용 승강기_미가할매
502,점멸등 설치,장애인용 승강기_미가할매
503,평탄함,주출입구 접근로_미담
504,단차없음,주출입구 접근로_미담
505,유효폭 1.2m 이상,주출입구 접근로_미담
506,기울기 1/18이하,주출입구 접근로_미담
507,보/차도 구분,주출입구 접근로_미담
508,상세정보 없음,주출입구 높이차이 제거_미담
509,가로조작반 설치,장애인용 승강기_미담
510,버튼점자 설치,장애인용 승강기_미담
511,점자블록 설치,장애인용 승강기_미담
512,음성안내 설치,장애인용 승강기_미담
513,점멸등 설치,장애인용 승강기_미담
514,상세정보 없음,장애인 전용 주차구역_미락(신성빌딩)
515,평탄함,주출입구 접근로_민속촌(용강빌딩)
516,단차없음,주출입구 접근로_민속촌(용강빌딩)
517,유효폭 1.2m 이상,주출입구 접근로_민속촌(용강빌딩)
518,기울기 1/18이하,주출입구 접근로_민속촌(용강빌딩)
519,보/차도 구분,주출입구 접근로_민속촌(용강빌딩)
520,경사로 1/12초과 설치,주출입구 높이차이 제거_민속촌(용강빌딩)
521,유효폭 1.2m 이상,주출입구 높이차이 제거_민속촌(용강빌딩)
522,평탄함,주출입구 접근로_바달비
523,단차없음,주출입구 접근로_바달비
524,유효폭 1.2m 이상,주출입구 접근로_바달비
525,기울기 1/18이하,주출입구 접근로_바달비
526,보/차도 구분,주출입구 접근로_바달비
527,상세정보 없음,주출입구 높이차이 제거_바달비
528,상세정보 없음,주출입구 접근로_박미선 별난갈비
529,총주차대수12,장애인 전용 주차구역_박미선 별난갈비
530,전용주차대수  1,장애인 전용 주차구역_박미선 별난갈비
531,출입구와 가까운 곳에 설치,장애인 전용 주차구역_박미선 별난갈비
532,크기 확보(3.3*5m),장애인 전용 주차구역_박미선 별난갈비
533,안내표지판 설치,장애인 전용 주차구역_박미선 별난갈비
534,경사로 1/12초과 설치,주출입구 높이차이 제거_박미선 별난갈비
535,유효폭 1.2m 미만,주출입구 높이차이 제거_박미선 별난갈비
536,평탄함,주출입구 접근로_벽제갈비
537,단차없음,주출입구 접근로_벽제갈비
538,유효폭 1.2m 이상,주출입구 접근로_벽제갈비
539,기울기 1/18이하,주출입구 접근로_벽제갈비
540,보/차도 구분,주출입구 접근로_벽제갈비
541,상세정보 없음,장애인 전용 주차구역_벽제갈비
542,단차없음 또는 경사로 1/12이하 설치,주출입구 높이차이 제거_벽제갈비
543,유효폭 1.2m 이상,주출입구 높이차이 제거_벽제갈비
544,상세정보 없음,주출입구 접근로_별당보리밥
545,총주차대수3,장애인 전용 주차구역_별당보리밥
546,평탄함,주출입구 접근로_보름달
547,단차없음,주출입구 접근로_보름달
548,유효폭 1.2m 이상,주출입구 접근로_보름달
549,기울기 1/18이하,주출입구 접근로_보름달
550,보/차도 구분,주출입구 접근로_보름달
551,단차없음 또는 경사로 1/12이하 설치,주출입구 높이차이 제거_보름달
552,상세정보 없음,주출입구 접근로_보성식당
553,총주차대수3,장애인 전용 주차구역_보성식당
554,평탄함,주출입구 접근로_본가
555,단차없음,주출입구 접근로_본가
556,유효폭 1.2m 이상,주출입구 접근로_본가
557,기울기 1/18이하,주출입구 접근로_본가
558,보/차도 구분없음,주출입구 접근로_본가
559,상세정보 없음,장애인 전용 주차구역_본가
560,단차없음 또는 경사로 1/12이하 설치,주출입구 높이차이 제거_본가
561,유효폭 1.2m 이상,주출입구 높이차이 제거_본가
562,상세정보 없음,주출입구 접근로_본돈
563,총주차대수8,장애인 전용 주차구역_본돈
564,평탄함,주출입구 접근로_봉산집
565,단차없음,주출입구 접근로_봉산집
566,유효폭 1.2m 이상,주출입구 접근로_봉산집
567,기울기 1/18이하,주출입구 접근로_봉산집
568,보/차도 구분,주출입구 접근로_봉산집
569,총주차대수5,장애인 전용 주차구역_봉산집
570,단차없음 또는 경사로 1/12이하 설치,주출입구 높이차이 제거_봉산집
571,유효폭 1.2m 이상,주출입구 높이차이 제거_봉산집
572,평탄함,주출입구 접근로_봉우리
573,단차없음,주출입구 접근로_봉우리
574,유효폭 1.2m 이상,주출입구 접근로_봉우리
575,기울기 1/18이하,주출입구 접근로_봉우리
576,보/차도 구분,주출입구 접근로_봉우리
577,총주차대수8,장애인 전용 주차구역_봉우리
578,단차없음 또는 경사로 1/12이하 설치,주출입구 높이차이 제거_봉우리
579,유효폭 1.2m 이상,주출입구 높이차이 제거_봉우리
580,평탄함,주출입구 접근로_봉추찜닭(신사빌딩)
581,단차없음,주출입구 접근로_봉추찜닭(신사빌딩)
582,유효폭 1.2m 이상,주출입구 접근로_봉추찜닭(신사빌딩)
583,기울기 1/18이하,주출입구 접근로_봉추찜닭(신사빌딩)
584,보/차도 구분,주출입구 접근로_봉추찜닭(신사빌딩)
585,상세정보 없음,장애인 전용 주차구역_봉추찜닭(신사빌딩)
586,단차없음 또는 경사로 1/12이하 설치,주출입구 높이차이 제거_봉추찜닭(신사빌딩)
587,유효폭 1.2m 이상,주출입구 높이차이 제거_봉추찜닭(신사빌딩)
588,평탄함,주출입구 접근로_봉피양마포점(오늘도안동한우)
589,단차없음,주출입구 접근로_봉피양마포점(오늘도안동한우)
590,유효폭 1.2m 이상,주출입구 접근로_봉피양마포점(오늘도안동한우)
591,기울기 1/18이하,주출입구 접근로_봉피양마포점(오늘도안동한우)
592,보/차도 구분없음,주출입구 접근로_봉피양마포점(오늘도안동한우)
593,상세정보 없음,장애인 전용 주차구역_봉피양마포점(오늘도안동한우)
594,단차없음 또는 경사로 1/12이하 설치,주출입구 높이차이 제거_봉피양마포점(오늘도안동한우)
595,유효폭 1.2m 이상,주출입구 높이차이 제거_봉피양마포점(오늘도안동한우)
596,총주차대수17,장애인 전용 주차구역_불고기 브라더스 서교점
597,전용주차대수  1,장애인 전용 주차구역_불고기 브라더스 서교점
598,출입구와 가까운 곳에 설치,장애인 전용 주차구역_불고기 브라더스 서교점
599,크기 확보(3.3*5m),장애인 전용 주차구역_불고기 브라더스 서교점
600,안내표지판 설치,장애인 전용 주차구역_불고기 브라더스 서교점
601,단차없음 또는 경사로 1/12이하 설치,주출입구 높이차이 제거_불고기 브라더스 서교점
602,유효폭 1.2m 이상,주출입구 높이차이 제거_불고기 브라더스 서교점
603,평탄함,주출입구 접근로_빵경이네 도야지
604,단차없음,주출입구 접근로_빵경이네 도야지
605,유효폭 1.2m 이상,주출입구 접근로_빵경이네 도야지
606,기울기 1/18이하,주출입구 접근로_빵경이네 도야지
607,보/차도 구분,주출입구 접근로_빵경이네 도야지
608,총주차대수5,장애인 전용 주차구역_빵경이네 도야지
609,단차없음 또는 경사로 1/12이하 설치,주출입구 높이차이 제거_빵경이네 도야지
610,유효폭 1.2m 이상,주출입구 높이차이 제거_빵경이네 도야지
611,평탄함,주출입구 접근로_산봉냉면
612,단차없음,주출입구 접근로_산봉냉면
613,유효폭 1.2m 이상,주출입구 접근로_산봉냉면
614,기울기 1/18이하,주출입구 접근로_산봉냉면
615,보/차도 구분,주출입구 접근로_산봉냉면
616,총주차대수5,장애인 전용 주차구역_산봉냉면
617,평탄함,주출입구 접근로_산화로구이
618,단차없음,주출입구 접근로_산화로구이
619,유효폭 1.2m 이상,주출입구 접근로_산화로구이
620,기울기 1/18이하,주출입구 접근로_산화로구이
621,보/차도 구분,주출입구 접근로_산화로구이
622,경사로 1/12초과 설치,주출입구 높이차이 제거_산화로구이
623,유효폭 1.2m 미만,주출입구 높이차이 제거_산화로구이
624,손잡이 미흡설치,주출입구 높이차이 제거_산화로구이
625,평탄함,주출입구 접근로_삼수갑산
626,단차없음,주출입구 접근로_삼수갑산
627,유효폭 1.2m 이상,주출입구 접근로_삼수갑산
628,기울기 1/18이하,주출입구 접근로_삼수갑산
629,보/차도 구분,주출입구 접근로_삼수갑산
630,총주차대수6,장애인 전용 주차구역_삼수갑산
631,단차없음 또는 경사로 1/12이하 설치,주출입구 높이차이 제거_삼수갑산
632,유효폭 1.2m 이상,주출입구 높이차이 제거_삼수갑산
633,손잡이 설치,주출입구 높이차이 제거_삼수갑산
634,평탄함,주출입구 접근로_삼호복집
635,단차없음,주출입구 접근로_삼호복집
636,유효폭 1.2m 이상,주출입구 접근로_삼호복집
637,기울기 1/18이하,주출입구 접근로_삼호복집
638,보/차도 구분,주출입구 접근로_삼호복집
639,총주차대수4,장애인 전용 주차구역_삼호복집
640,단차없음 또는 경사로 1/12이하 설치,주출입구 높이차이 제거_삼호복집
641,유효폭 1.2m 이상,주출입구 높이차이 제거_삼호복집
642,평탄함,주출입구 접근로_상도갈비
643,단차없음,주출입구 접근로_상도갈비
644,유효폭 1.2m 이상,주출입구 접근로_상도갈비
645,기울기 1/18이하,주출입구 접근로_상도갈비
646,보/차도 구분,주출입구 접근로_상도갈비
647,총주차대수46,장애인 전용 주차구역_상도갈비
648,단차없음 또는 경사로 1/12이하 설치,주출입구 높이차이 제거_상도갈비
649,유효폭 1.2m 이상,주출입구 높이차이 제거_상도갈비
650,손잡이 설치,주출입구 높이차이 제거_상도갈비
651,평탄함,주출입구 접근로_새마을식당
652,단차없음,주출입구 접근로_새마을식당
653,유효폭 1.2m 이상,주출입구 접근로_새마을식당
654,기울기 1/18~1/12이하,주출입구 접근로_새마을식당
655,보/차도 구분,주출입구 접근로_새마을식당
656,상세정보 없음,장애인 전용 주차구역_새마을식당
657,단차없음 또는 경사로 1/12이하 설치,주출입구 높이차이 제거_새마을식당
658,유효폭 1.2m 이상,주출입구 높이차이 제거_새마을식당
659,상세정보 없음,주출입구 접근로_새마을식당(덕당빌딩)
660,평탄함,주출입구 접근로_서귀포뚝배기
661,단차없음,주출입구 접근로_서귀포뚝배기
662,유효폭 1.2m 이상,주출입구 접근로_서귀포뚝배기
663,기울기 1/18이하,주출입구 접근로_서귀포뚝배기
664,보/차도 구분,주출입구 접근로_서귀포뚝배기
665,상세정보 없음,장애인 전용 주차구역_서귀포뚝배기
666,상세정보 없음,주출입구 접근로_서울인삼토계촌(일반음식점)
667,총주차대수20,장애인 전용 주차구역_서울인삼토계촌(일반음식점)
668,전용주차대수  1,장애인 전용 주차구역_서울인삼토계촌(일반음식점)
669,출입구와 가까운 곳에 설치,장애인 전용 주차구역_서울인삼토계촌(일반음식점)
670,크기 확보(3.3*5m),장애인 전용 주차구역_서울인삼토계촌(일반음식점)
671,안내표지판 설치,장애인 전용 주차구역_서울인삼토계촌(일반음식점)
672,단차없음 또는 경사로 1/12이하 설치,주출입구 높이차이 제거_서울인삼토계촌(일반음식점)
673,유효폭 1.2m 이상,주출입구 높이차이 제거_서울인삼토계촌(일반음식점)
674,손잡이 설치,주출입구 높이차이 제거_서울인삼토계촌(일반음식점)
675,평탄함,주출입구 접근로_서울집
676,단차없음,주출입구 접근로_서울집
677,유효폭 1.2m 이상,주출입구 접근로_서울집
678,기울기 1/18이하,주출입구 접근로_서울집
679,보/차도 구분,주출입구 접근로_서울집
680,상세정보 없음,장애인 전용 주차구역_서울집
681,상세정보 없음,주출입구 접근로_서초동이남장
682,상세정보 없음,장애인 전용 주차구역_서초동이남장
683,평탄함,주출입구 접근로_세종대왕숯불갈비
684,단차없음,주출입구 접근로_세종대왕숯불갈비
685,유효폭 1.2m 이상,주출입구 접근로_세종대왕숯불갈비
686,기울기 1/18이하,주출입구 접근로_세종대왕숯불갈비
687,보/차도 구분,주출입구 접근로_세종대왕숯불갈비
688,총주차대수16,장애인 전용 주차구역_세종대왕숯불갈비
689,평탄함,주출입구 접근로_소담설농탕
690,단차없음,주출입구 접근로_소담설농탕
691,유효폭 1.2m 이상,주출입구 접근로_소담설농탕
692,기울기 1/18이하,주출입구 접근로_소담설농탕
693,보/차도 구분없음,주출입구 접근로_소담설농탕
694,평탄함,주출입구 접근로_손문 대구막창 갈매기살
695,단차없음,주출입구 접근로_손문 대구막창 갈매기살
696,유효폭 1.2m 이상,주출입구 접근로_손문 대구막창 갈매기살
697,기울기 1/18이하,주출입구 접근로_손문 대구막창 갈매기살
698,보/차도 구분,주출입구 접근로_손문 대구막창 갈매기살
699,총주차대수3,장애인 전용 주차구역_손문 대구막창 갈매기살
700,단차없음 또는 경사로 1/12이하 설치,주출입구 높이차이 제거_손문 대구막창 갈매기살
701,유효폭 1.2m 이상,주출입구 높이차이 제거_손문 대구막창 갈매기살
702,평탄함,주출입구 접근로_손수헌(한식레스토랑)
703,단차없음,주출입구 접근로_손수헌(한식레스토랑)
704,유효폭 1.2m 이상,주출입구 접근로_손수헌(한식레스토랑)
705,기울기 1/18이하,주출입구 접근로_손수헌(한식레스토랑)
706,보/차도 구분,주출입구 접근로_손수헌(한식레스토랑)
707,총주차대수7,장애인 전용 주차구역_손수헌(한식레스토랑)
708,단차없음 또는 경사로 1/12이하 설치,주출입구 높이차이 제거_손수헌(한식레스토랑)
709,유효폭 1.2m 이상,주출입구 높이차이 제거_손수헌(한식레스토랑)
710,손잡이 설치,주출입구 높이차이 제거_손수헌(한식레스토랑)
711,상세정보 없음,주출입구 접근로_송가네(일반음식점)
712,총주차대수7,장애인 전용 주차구역_송가네(일반음식점)
713,단차없음 또는 경사로 1/12이하 설치,주출입구 높이차이 제거_송가네(일반음식점)
714,유효폭 1.2m 이상,주출입구 높이차이 제거_송가네(일반음식점)
715,평탄함,주출입구 접근로_송림가든
716,단차없음,주출입구 접근로_송림가든
717,유효폭 1.2m 이상,주출입구 접근로_송림가든
718,기울기 1/18이하,주출입구 접근로_송림가든
719,보/차도 구분없음,주출입구 접근로_송림가든
720,총주차대수45,장애인 전용 주차구역_송림가든
721,전용주차대수  1,장애인 전용 주차구역_송림가든
722,출입구와 가까운 곳에 설치,장애인 전용 주차구역_송림가든
723,크기 미 확보,장애인 전용 주차구역_송림가든
724,안내표지판 설치,장애인 전용 주차구역_송림가든
725,경사로 1/12초과 설치,주출입구 높이차이 제거_송림가든
726,유효폭 1.2m 이상,주출입구 높이차이 제거_송림가든
727,손잡이 미흡설치,주출입구 높이차이 제거_송림가든
728,평탄함,주출입구 접근로_수라간
729,단차없음,주출입구 접근로_수라간
730,유효폭 1.2m 이상,주출입구 접근로_수라간
731,기울기 1/18이하,주출입구 접근로_수라간
732,보/차도 구분,주출입구 접근로_수라간
733,단차없음 또는 경사로 1/12이하 설치,주출입구 높이차이 제거_수라간
734,유효폭 1.2m 이상,주출입구 높이차이 제거_수라간
735,손잡이 미흡설치,주출입구 높이차이 제거_수라간
736,평탄함,주출입구 접근로_수원갈비
737,단차없음,주출입구 접근로_수원갈비
738,유효폭 1.2m 이상,주출입구 접근로_수원갈비
739,기울기 1/18이하,주출입구 접근로_수원갈비
740,보/차도 구분없음,주출입구 접근로_수원갈비
741,경사로 1/12초과 설치,주출입구 높이차이 제거_수원갈비
742,유효폭 1.2m 이상,주출입구 높이차이 제거_수원갈비
743,손잡이 설치,주출입구 높이차이 제거_수원갈비
744,평탄함,주출입구 접근로_수원왕갈비
745,단차없음,주출입구 접근로_수원왕갈비
746,유효폭 1.2m 이상,주출입구 접근로_수원왕갈비
747,기울기 1/18이하,주출입구 접근로_수원왕갈비
748,보/차도 구분없음,주출입구 접근로_수원왕갈비
749,총주차대수7,장애인 전용 주차구역_수원왕갈비
750,단차없음 또는 경사로 1/12이하 설치,주출입구 높이차이 제거_수원왕갈비
751,유효폭 1.2m 이상,주출입구 높이차이 제거_수원왕갈비
752,평탄함,주출입구 접근로_수정궁(갈비탕 전문점)
753,단차없음,주출입구 접근로_수정궁(갈비탕 전문점)
754,유효폭 1.2m 이상,주출입구 접근로_수정궁(갈비탕 전문점)
755,기울기 1/18이하,주출입구 접근로_수정궁(갈비탕 전문점)
756,보/차도 구분,주출입구 접근로_수정궁(갈비탕 전문점)
757,총주차대수3,장애인 전용 주차구역_수정궁(갈비탕 전문점)
758,단차없음 또는 경사로 1/12이하 설치,주출입구 높이차이 제거_수정궁(갈비탕 전문점)
759,유효폭 1.2m 이상,주출입구 높이차이 제거_수정궁(갈비탕 전문점)
760,평탄하지 않음,주출입구 접근로_순흥골돼지갈비전문점
761,단차없음,주출입구 접근로_순흥골돼지갈비전문점
762,유효폭 1.2m 이상,주출입구 접근로_순흥골돼지갈비전문점
763,기울기 1/18이하,주출입구 접근로_순흥골돼지갈비전문점
764,보/차도 구분,주출입구 접근로_순흥골돼지갈비전문점
765,총주차대수17,장애인 전용 주차구역_순흥골돼지갈비전문점
766,평탄함,주출입구 접근로_쉐프케이엔알(송은아트 스페이스)
767,단차없음,주출입구 접근로_쉐프케이엔알(송은아트 스페이스)
768,유효폭 1.2m 이상,주출입구 접근로_쉐프케이엔알(송은아트 스페이스)
769,기울기 1/18이하,주출입구 접근로_쉐프케이엔알(송은아트 스페이스)
770,보/차도 구분,주출입구 접근로_쉐프케이엔알(송은아트 스페이스)
771,총주차대수16,장애인 전용 주차구역_쉐프케이엔알(송은아트 스페이스)
772,전용주차대수  1,장애인 전용 주차구역_쉐프케이엔알(송은아트 스페이스)
773,출입구와 가까운 곳에 설치,장애인 전용 주차구역_쉐프케이엔알(송은아트 스페이스)
774,크기 확보(3.3*5m),장애인 전용 주차구역_쉐프케이엔알(송은아트 스페이스)
775,안내표지판 설치,장애인 전용 주차구역_쉐프케이엔알(송은아트 스페이스)
776,단차없음 또는 경사로 1/12이하 설치,주출입구 높이차이 제거_쉐프케이엔알(송은아트 스페이스)
777,유효폭 1.2m 이상,주출입구 높이차이 제거_쉐프케이엔알(송은아트 스페이스)
778,상세정보 없음,주출입구 접근로_시화담
779,총주차대수5,장애인 전용 주차구역_시화담
780,상세정보 없음,"주출입구 접근로_신라비빔밥,샤브칼국수"
781,총주차대수4,"장애인 전용 주차구역_신라비빔밥,샤브칼국수"
782,평탄함,주출입구 접근로_신사면옥
783,단차없음,주출입구 접근로_신사면옥
784,유효폭 1.2m 이상,주출입구 접근로_신사면옥
785,기울기 1/18이하,주출입구 접근로_신사면옥
786,보/차도 구분,주출입구 접근로_신사면옥
787,총주차대수9,장애인 전용 주차구역_신사면옥
788,단차없음 또는 경사로 1/12이하 설치,주출입구 높이차이 제거_신사면옥
789,유효폭 1.2m 이상,주출입구 높이차이 제거_신사면옥
790,평탄함,주출입구 접근로_신의주 찰쌀 순대(호텔 칸)
791,단차없음,주출입구 접근로_신의주 찰쌀 순대(호텔 칸)
792,유효폭 1.2m 이상,주출입구 접근로_신의주 찰쌀 순대(호텔 칸)
793,기울기 1/18이하,주출입구 접근로_신의주 찰쌀 순대(호텔 칸)
794,보/차도 구분,주출입구 접근로_신의주 찰쌀 순대(호텔 칸)
795,총주차대수35,장애인 전용 주차구역_신의주 찰쌀 순대(호텔 칸)
796,전용주차대수  1,장애인 전용 주차구역_신의주 찰쌀 순대(호텔 칸)
797,출입구와 가까운 곳에 설치,장애인 전용 주차구역_신의주 찰쌀 순대(호텔 칸)
798,크기 확보(3.3*5m),장애인 전용 주차구역_신의주 찰쌀 순대(호텔 칸)
799,안내표지판 설치,장애인 전용 주차구역_신의주 찰쌀 순대(호텔 칸)
800,단차없음 또는 경사로 1/12이하 설치,주출입구 높이차이 제거_신의주 찰쌀 순대(호텔 칸)
801,유효폭 1.2m 이상,주출입구 높이차이 제거_신의주 찰쌀 순대(호텔 칸)
802,상세정보 없음,주출입구 접근로_신토오리
803,총주차대수10,장애인 전용 주차구역_신토오리
804,상세정보 없음,주출입구 접근로_아미소
805,경사로 1/12초과 설치,주출입구 높이차이 제거_아미소
806,유효폭 1.2m 미만,주출입구 높이차이 제거_아미소
807,손잡이 미흡설치,주출입구 높이차이 제거_아미소
808,상세정보 없음,주출입구 접근로_안동찜닭
809,평탄함,주출입구 접근로_안창골오리농원신내점
810,단차없음,주출입구 접근로_안창골오리농원신내점
811,유효폭 1.2m 이상,주출입구 접근로_안창골오리농원신내점
812,기울기 1/18이하,주출입구 접근로_안창골오리농원신내점
813,보/차도 구분,주출입구 접근로_안창골오리농원신내점
814,상세정보 없음,장애인 전용 주차구역_안창골오리농원신내점
815,단차없음 또는 경사로 1/12이하 설치,주출입구 높이차이 제거_안창골오리농원신내점
816,유효폭 1.2m 이상,주출입구 높이차이 제거_안창골오리농원신내점
817,총주차대수10,장애인 전용 주차구역_양대박
818,평탄함,주출입구 접근로_양주골오리마을
819,단차없음,주출입구 접근로_양주골오리마을
820,유효폭 1.2m 이상,주출입구 접근로_양주골오리마을
821,기울기 1/18이하,주출입구 접근로_양주골오리마을
822,보/차도 구분,주출입구 접근로_양주골오리마을
823,총주차대수2,장애인 전용 주차구역_양주골오리마을
824,전용주차대수  1,장애인 전용 주차구역_양주골오리마을
825,단차없음 또는 경사로 1/12이하 설치,주출입구 높이차이 제거_양주골오리마을
826,유효폭 1.2m 이상,주출입구 높이차이 제거_양주골오리마을
827,손잡이 설치,주출입구 높이차이 제거_양주골오리마을
828,평탄함,주출입구 접근로_양지촌
829,단차없음,주출입구 접근로_양지촌
830,유효폭 1.2m 이상,주출입구 접근로_양지촌
831,기울기 1/18이하,주출입구 접근로_양지촌
832,보/차도 구분,주출입구 접근로_양지촌
833,총주차대수29,장애인 전용 주차구역_양지촌
834,전용주차대수  2,장애인 전용 주차구역_양지촌
835,단차없음 또는 경사로 1/12이하 설치,주출입구 높이차이 제거_양지촌
836,유효폭 1.2m 이상,주출입구 높이차이 제거_양지촌
837,평탄하지 않음,주출입구 접근로_양촌리
838,단차없음,주출입구 접근로_양촌리
839,기울기 1/18~1/12이하,주출입구 접근로_양촌리
840,보/차도 구분,주출입구 접근로_양촌리
841,총주차대수10,장애인 전용 주차구역_양촌리
842,경사로 1/12초과 설치,주출입구 높이차이 제거_양촌리
843,유효폭 1.2m 미만,주출입구 높이차이 제거_양촌리
844,평탄함,주출입구 접근로_양촌리
845,단차없음,주출입구 접근로_양촌리
846,유효폭 1.2m 이상,주출입구 접근로_양촌리
847,기울기 1/18이하,주출입구 접근로_양촌리
848,보/차도 구분,주출입구 접근로_양촌리
849,총주차대수28,장애인 전용 주차구역_양촌리
850,전용주차대수  2,장애인 전용 주차구역_양촌리
851,출입구와 가까운 곳에 설치,장애인 전용 주차구역_양촌리
852,크기 확보(3.3*5m),장애인 전용 주차구역_양촌리
853,안내표지판 설치,장애인 전용 주차구역_양촌리
854,단차없음 또는 경사로 1/12이하 설치,주출입구 높이차이 제거_양촌리
855,유효폭 1.2m 이상,주출입구 높이차이 제거_양촌리
856,손잡이 설치,주출입구 높이차이 제거_양촌리
857,평탄함,주출입구 접근로_양촌리 화로 숯불구이
858,단차없음,주출입구 접근로_양촌리 화로 숯불구이
859,유효폭 1.2m 이상,주출입구 접근로_양촌리 화로 숯불구이
860,기울기 1/18이하,주출입구 접근로_양촌리 화로 숯불구이
861,보/차도 구분,주출입구 접근로_양촌리 화로 숯불구이
862,총주차대수3,장애인 전용 주차구역_양촌리 화로 숯불구이
863,단차없음 또는 경사로 1/12이하 설치,주출입구 높이차이 제거_양촌리 화로 숯불구이
864,유효폭 1.2m 이상,주출입구 높이차이 제거_양촌리 화로 숯불구이
865,평탄함,주출입구 접근로_역삼버드나무 집
866,단차없음,주출입구 접근로_역삼버드나무 집
867,유효폭 1.2m 이상,주출입구 접근로_역삼버드나무 집
868,기울기 1/18이하,주출입구 접근로_역삼버드나무 집
869,보/차도 구분,주출입구 접근로_역삼버드나무 집
870,총주차대수20,장애인 전용 주차구역_역삼버드나무 집
871,전용주차대수  2,장애인 전용 주차구역_역삼버드나무 집
872,출입구와 가까운 곳에 설치,장애인 전용 주차구역_역삼버드나무 집
873,크기 확보(3.3*5m),장애인 전용 주차구역_역삼버드나무 집
874,안내표지판 설치,장애인 전용 주차구역_역삼버드나무 집
875,단차없음 또는 경사로 1/12이하 설치,주출입구 높이차이 제거_역삼버드나무 집
876,유효폭 1.2m 이상,주출입구 높이차이 제거_역삼버드나무 집
877,평탄함,주출입구 접근로_연신내부대찌개
878,단차없음,주출입구 접근로_연신내부대찌개
879,유효폭 1.2m 이상,주출입구 접근로_연신내부대찌개
880,기울기 1/18이하,주출입구 접근로_연신내부대찌개
881,보/차도 구분,주출입구 접근로_연신내부대찌개
882,총주차대수9,장애인 전용 주차구역_연신내부대찌개
883,상세정보 없음,주출입구 접근로_연안본가
884,총주차대수22,장애인 전용 주차구역_연안본가
885,전용주차대수  1,장애인 전용 주차구역_연안본가
886,출입구와 가까운 곳에 설치,장애인 전용 주차구역_연안본가
887,크기 확보(3.3*5m),장애인 전용 주차구역_연안본가
888,안내표지판 설치,장애인 전용 주차구역_연안본가
889,평탄함,주출입구 접근로_연일선지해장국
890,단차없음,주출입구 접근로_연일선지해장국
891,유효폭 1.2m 이상,주출입구 접근로_연일선지해장국
892,기울기 1/18이하,주출입구 접근로_연일선지해장국
893,보/차도 구분없음,주출입구 접근로_연일선지해장국
894,단차없음 또는 경사로 1/12이하 설치,주출입구 높이차이 제거_연일선지해장국
895,유효폭 1.2m 이상,주출입구 높이차이 제거_연일선지해장국
896,상세정보 없음,주출입구 접근로_영천 영화 고기집(상민빌딩)
897,총주차대수20,장애인 전용 주차구역_영천 영화 고기집(상민빌딩)
898,전용주차대수  2,장애인 전용 주차구역_영천 영화 고기집(상민빌딩)
899,출입구와 가까운 곳에 설치,장애인 전용 주차구역_영천 영화 고기집(상민빌딩)
900,크기 확보(3.3*5m),장애인 전용 주차구역_영천 영화 고기집(상민빌딩)
901,안내표지판 미설치,장애인 전용 주차구역_영천 영화 고기집(상민빌딩)
902,단차없음 또는 경사로 1/12이하 설치,주출입구 높이차이 제거_영천 영화 고기집(상민빌딩)
903,유효폭 1.2m 이상,주출입구 높이차이 제거_영천 영화 고기집(상민빌딩)
904,상세정보 없음,주출입구 접근로_예소원
905,상세정보 없음,장애인 전용 주차구역_예소원
906,평탄함,주출입구 접근로_예향
907,단차없음,주출입구 접근로_예향
908,유효폭 1.2m 이상,주출입구 접근로_예향
909,기울기 1/18이하,주출입구 접근로_예향
910,보/차도 구분,주출입구 접근로_예향
911,평탄함,주출입구 접근로_옛골토성
912,단차없음,주출입구 접근로_옛골토성
913,유효폭 1.2m 이상,주출입구 접근로_옛골토성
914,기울기 1/18이하,주출입구 접근로_옛골토성
915,보/차도 구분없음,주출입구 접근로_옛골토성
916,총주차대수4,장애인 전용 주차구역_옛골토성
917,단차없음 또는 경사로 1/12이하 설치,주출입구 높이차이 제거_옛골토성
918,유효폭 1.2m 이상,주출입구 높이차이 제거_옛골토성
919,손잡이 설치,주출입구 높이차이 제거_옛골토성
920,평탄함,주출입구 접근로_옛골토성
921,단차없음,주출입구 접근로_옛골토성
922,유효폭 1.2m 이상,주출입구 접근로_옛골토성
923,기울기 1/18~1/12이하,주출입구 접근로_옛골토성
924,보/차도 구분없음,주출입구 접근로_옛골토성
925,총주차대수6,장애인 전용 주차구역_옛골토성
926,경사로 1/12초과 설치,주출입구 높이차이 제거_옛골토성
927,유효폭 1.2m 미만,주출입구 높이차이 제거_옛골토성
928,손잡이 미흡설치,주출입구 높이차이 제거_옛골토성
929,평탄함,주출입구 접근로_옛골토성
930,단차없음,주출입구 접근로_옛골토성
931,유효폭 1.2m 이상,주출입구 접근로_옛골토성
932,기울기 1/18~1/12이하,주출입구 접근로_옛골토성
933,보/차도 구분없음,주출입구 접근로_옛골토성
934,총주차대수6,장애인 전용 주차구역_옛골토성
935,경사로 1/12초과 설치,주출입구 높이차이 제거_옛골토성
936,유효폭 1.2m 미만,주출입구 높이차이 제거_옛골토성
937,손잡이 미흡설치,주출입구 높이차이 제거_옛골토성
938,평탄함,주출입구 접근로_옛골토성상봉점
939,단차없음,주출입구 접근로_옛골토성상봉점
940,유효폭 1.2m 이상,주출입구 접근로_옛골토성상봉점
941,기울기 1/18이하,주출입구 접근로_옛골토성상봉점
942,보/차도 구분,주출입구 접근로_옛골토성상봉점
943,총주차대수4,장애인 전용 주차구역_옛골토성상봉점
944,단차없음 또는 경사로 1/12이하 설치,주출입구 높이차이 제거_옛골토성상봉점
945,유효폭 1.2m 이상,주출입구 높이차이 제거_옛골토성상봉점
946,평탄함,주출입구 접근로_오리킹
947,단차없음,주출입구 접근로_오리킹
948,유효폭 1.2m 이상,주출입구 접근로_오리킹
949,기울기 1/18이하,주출입구 접근로_오리킹
950,보/차도 구분없음,주출입구 접근로_오리킹
951,상세정보 없음,장애인 전용 주차구역_오리킹
952,단차없음 또는 경사로 1/12이하 설치,주출입구 높이차이 제거_오리킹
953,유효폭 1.2m 이상,주출입구 높이차이 제거_오리킹
954,평탄함,주출입구 접근로_오발탄
955,단차없음,주출입구 접근로_오발탄
956,유효폭 1.2m 이상,주출입구 접근로_오발탄
957,기울기 1/18이하,주출입구 접근로_오발탄
958,보/차도 구분,주출입구 접근로_오발탄
959,상세정보 없음,장애인 전용 주차구역_오발탄
960,경사로 1/12초과 설치,주출입구 높이차이 제거_오발탄
961,유효폭 1.2m 이상,주출입구 높이차이 제거_오발탄
962,손잡이 설치,주출입구 높이차이 제거_오발탄
963,상세정보 없음,주출입구 접근로_오발탄
964,단차없음 또는 경사로 1/12이하 설치,주출입구 높이차이 제거_오발탄
965,유효폭 1.2m 이상,주출입구 높이차이 제거_오발탄
966,손잡이 설치,주출입구 높이차이 제거_오발탄
967,상세정보 없음,주출입구 접근로_오발탄
968,단차없음 또는 경사로 1/12이하 설치,주출입구 높이차이 제거_오발탄
969,유효폭 1.2m 이상,주출입구 높이차이 제거_오발탄
970,손잡이 설치,주출입구 높이차이 제거_오발탄
971,상세정보 없음,주출입구 접근로_오삼 부대찌개(상류사회빌딩)
972,총주차대수8,장애인 전용 주차구역_오삼 부대찌개(상류사회빌딩)
973,단차없음 또는 경사로 1/12이하 설치,주출입구 높이차이 제거_오삼 부대찌개(상류사회빌딩)
974,유효폭 1.2m 이상,주출입구 높이차이 제거_오삼 부대찌개(상류사회빌딩)
975,평탄함,주출입구 접근로_옥토빌딩<일반음식점>-다미식당
976,단차없음,주출입구 접근로_옥토빌딩<일반음식점>-다미식당
977,유효폭 1.2m 이상,주출입구 접근로_옥토빌딩<일반음식점>-다미식당
978,기울기 1/18이하,주출입구 접근로_옥토빌딩<일반음식점>-다미식당
979,보/차도 구분,주출입구 접근로_옥토빌딩<일반음식점>-다미식당
980,총주차대수3,장애인 전용 주차구역_옥토빌딩<일반음식점>-다미식당
981,단차없음 또는 경사로 1/12이하 설치,주출입구 높이차이 제거_옥토빌딩<일반음식점>-다미식당
982,유효폭 1.2m 이상,주출입구 높이차이 제거_옥토빌딩<일반음식점>-다미식당
983,손잡이 설치,주출입구 높이차이 제거_옥토빌딩<일반음식점>-다미식당
984,경사로 1/12초과 설치,주출입구 높이차이 제거_온누림
985,유효폭 1.2m 미만,주출입구 높이차이 제거_온누림
986,손잡이 설치,주출입구 높이차이 제거_온누림
987,평탄함,주출입구 접근로_왕돌구이집
988,단차없음,주출입구 접근로_왕돌구이집
989,유효폭 1.2m 이상,주출입구 접근로_왕돌구이집
990,기울기 1/18이하,주출입구 접근로_왕돌구이집
991,보/차도 구분,주출입구 접근로_왕돌구이집
992,총주차대수7,장애인 전용 주차구역_왕돌구이집
993,단차없음 또는 경사로 1/12이하 설치,주출입구 높이차이 제거_왕돌구이집
994,유효폭 1.2m 이상,주출입구 높이차이 제거_왕돌구이집
995,손잡이 설치,주출입구 높이차이 제거_왕돌구이집
996,상세정보 없음,주출입구 접근로_왕초한우건물
997,총주차대수5,장애인 전용 주차구역_왕초한우건물
998,상세정보 없음,주출입구 접근로_원조 현풍 할매집 곰탕
999,총주차대수16,장애인 전용 주차구역_원조 현풍 할매집 곰탕
1000,전용주차대수  1,장애인 전용 주차구역_원조 현풍 할매집 곰탕
1001,출입구와 가까운 곳에 설치,장애인 전용 주차구역_원조 현풍 할매집 곰탕
1002,크기 확보(3.3*5m),장애인 전용 주차구역_원조 현풍 할매집 곰탕
1003,안내표지판 설치,장애인 전용 주차구역_원조 현풍 할매집 곰탕
1004,평탄함,주출입구 접근로_육 칠 팔
1005,단차없음,주출입구 접근로_육 칠 팔
1006,유효폭 1.2m 이상,주출입구 접근로_육 칠 팔
1007,기울기 1/18이하,주출입구 접근로_육 칠 팔
1008,보/차도 구분,주출입구 접근로_육 칠 팔
1009,총주차대수10,장애인 전용 주차구역_육 칠 팔
1010,전용주차대수  1,장애인 전용 주차구역_육 칠 팔
1011,출입구와 가까운 곳에 설치,장애인 전용 주차구역_육 칠 팔
1012,크기 확보(3.3*5m),장애인 전용 주차구역_육 칠 팔
1013,안내표지판 설치,장애인 전용 주차구역_육 칠 팔
1014,단차없음 또는 경사로 1/12이하 설치,주출입구 높이차이 제거_육 칠 팔
1015,유효폭 1.2m 이상,주출입구 높이차이 제거_육 칠 팔
1016,손잡이 설치,주출입구 높이차이 제거_육 칠 팔
1017,평탄함,주출입구 접근로_이조화로구이
1018,단차없음,주출입구 접근로_이조화로구이
1019,유효폭 1.2m 이상,주출입구 접근로_이조화로구이
1020,기울기 1/18이하,주출입구 접근로_이조화로구이
1021,보/차도 구분없음,주출입구 접근로_이조화로구이
1022,총주차대수45,장애인 전용 주차구역_이조화로구이
1023,전용주차대수  2,장애인 전용 주차구역_이조화로구이
1024,출입구와 가까운 곳에 설치,장애인 전용 주차구역_이조화로구이
1025,크기 미 확보,장애인 전용 주차구역_이조화로구이
1026,안내표지판 설치,장애인 전용 주차구역_이조화로구이
1027,단차없음 또는 경사로 1/12이하 설치,주출입구 높이차이 제거_이조화로구이
1028,유효폭 1.2m 이상,주출입구 높이차이 제거_이조화로구이
1029,손잡이 설치,주출입구 높이차이 제거_이조화로구이
1030,평탄함,주출입구 접근로_이하정 간장게장 서울본점
1031,단차없음,주출입구 접근로_이하정 간장게장 서울본점
1032,유효폭 1.2m 이상,주출입구 접근로_이하정 간장게장 서울본점
1033,기울기 1/18이하,주출입구 접근로_이하정 간장게장 서울본점
1034,보/차도 구분,주출입구 접근로_이하정 간장게장 서울본점
1035,총주차대수4,장애인 전용 주차구역_이하정 간장게장 서울본점
1036,단차없음 또는 경사로 1/12이하 설치,주출입구 높이차이 제거_이하정 간장게장 서울본점
1037,유효폭 1.2m 이상,주출입구 높이차이 제거_이하정 간장게장 서울본점
1038,손잡이 설치,주출입구 높이차이 제거_이하정 간장게장 서울본점
1039,출입구 및 피난통로와 가까운곳에 설치,장애인용 관람석_이하정 간장게장 서울본점
1040,관람석 면적0.9*1.3m 이상,장애인용 관람석_이하정 간장게장 서울본점
1041,좌석설치,장애인용 관람석_이하정 간장게장 서울본점
1042,상세정보 없음,주출입구 접근로_일반음식점(나주곰탕)
1043,상세정보 없음,장애인 전용 주차구역_일반음식점(나주곰탕)
1044,단차없음 또는 경사로 1/12이하 설치,주출입구 높이차이 제거_일반음식점(나주곰탕)
1045,유효폭 1.2m 이상,주출입구 높이차이 제거_일반음식점(나주곰탕)
1046,손잡이 미흡설치,주출입구 높이차이 제거_일반음식점(나주곰탕)
1047,평탄함,주출입구 접근로_일킬로칼국수
1048,단차없음,주출입구 접근로_일킬로칼국수
1049,유효폭 1.2m 이상,주출입구 접근로_일킬로칼국수
1050,기울기 1/18이하,주출입구 접근로_일킬로칼국수
1051,보/차도 구분없음,주출입구 접근로_일킬로칼국수
1052,총주차대수6,장애인 전용 주차구역_일킬로칼국수
1053,평탄함,주출입구 접근로_일품신토오리
1054,단차없음,주출입구 접근로_일품신토오리
1055,유효폭 1.2m 이상,주출입구 접근로_일품신토오리
1056,기울기 1/18이하,주출입구 접근로_일품신토오리
1057,보/차도 구분,주출입구 접근로_일품신토오리
1058,총주차대수19,장애인 전용 주차구역_일품신토오리
1059,단차없음 또는 경사로 1/12이하 설치,주출입구 높이차이 제거_일품신토오리
1060,유효폭 1.2m 이상,주출입구 높이차이 제거_일품신토오리
1061,평탄함,주출입구 접근로_일품신토오리
1062,단차없음,주출입구 접근로_일품신토오리
1063,유효폭 1.2m 이상,주출입구 접근로_일품신토오리
1064,기울기 1/18이하,주출입구 접근로_일품신토오리
1065,보/차도 구분없음,주출입구 접근로_일품신토오리
1066,총주차대수10,장애인 전용 주차구역_일품신토오리
1067,전용주차대수  1,장애인 전용 주차구역_일품신토오리
1068,출입구와 가까운 곳에 설치,장애인 전용 주차구역_일품신토오리
1069,크기 확보(3.3*5m),장애인 전용 주차구역_일품신토오리
1070,안내표지판 설치,장애인 전용 주차구역_일품신토오리
1071,평탄함,주출입구 접근로_일품신토오리
1072,단차없음,주출입구 접근로_일품신토오리
1073,유효폭 1.2m 이상,주출입구 접근로_일품신토오리
1074,기울기 1/18이하,주출입구 접근로_일품신토오리
1075,보/차도 구분없음,주출입구 접근로_일품신토오리
1076,총주차대수10,장애인 전용 주차구역_일품신토오리
1077,전용주차대수  1,장애인 전용 주차구역_일품신토오리
1078,출입구와 가까운 곳에 설치,장애인 전용 주차구역_일품신토오리
1079,크기 확보(3.3*5m),장애인 전용 주차구역_일품신토오리
1080,안내표지판 설치,장애인 전용 주차구역_일품신토오리
1081,상세정보 없음,주출입구 접근로_임고집한우
1082,평탄함,주출입구 접근로_자연한그릇
1083,단차없음,주출입구 접근로_자연한그릇
1084,유효폭 1.2m 이상,주출입구 접근로_자연한그릇
1085,기울기 1/18이하,주출입구 접근로_자연한그릇
1086,보/차도 구분없음,주출입구 접근로_자연한그릇
1087,총주차대수28,장애인 전용 주차구역_자연한그릇
1088,전용주차대수  2,장애인 전용 주차구역_자연한그릇
1089,출입구와 가까운 곳에 설치,장애인 전용 주차구역_자연한그릇
1090,크기 미 확보,장애인 전용 주차구역_자연한그릇
1091,안내표지판 설치,장애인 전용 주차구역_자연한그릇
1092,경사로 1/12초과 설치,주출입구 높이차이 제거_자연한그릇
1093,유효폭 1.2m 미만,주출입구 높이차이 제거_자연한그릇
1094,손잡이 설치,주출입구 높이차이 제거_자연한그릇
1095,총주차대수1,장애인 전용 주차구역_자하문정식
1096,전용주차대수  1,장애인 전용 주차구역_자하문정식
1097,출입구와 가까운 곳에 설치,장애인 전용 주차구역_자하문정식
1098,크기 확보(3.3*5m),장애인 전용 주차구역_자하문정식
1099,안내표지판 설치,장애인 전용 주차구역_자하문정식
1100,경사로 1/12초과 설치,주출입구 높이차이 제거_자하문정식
1101,유효폭 1.2m 이상,주출입구 높이차이 제거_자하문정식
1102,손잡이 미흡설치,주출입구 높이차이 제거_자하문정식
1103,평탄함,주출입구 접근로_장터순대국
1104,단차없음,주출입구 접근로_장터순대국
1105,유효폭 1.2m 이상,주출입구 접근로_장터순대국
1106,기울기 1/18~1/12이하,주출입구 접근로_장터순대국
1107,보/차도 구분,주출입구 접근로_장터순대국
1108,총주차대수9,장애인 전용 주차구역_장터순대국
1109,경사로 1/12초과 설치,주출입구 높이차이 제거_장터순대국
1110,유효폭 1.2m 이상,주출입구 높이차이 제거_장터순대국
1111,손잡이 설치,주출입구 높이차이 제거_장터순대국
1112,평탄함,주출입구 접근로_장풍(성원빌딩)
1113,단차없음,주출입구 접근로_장풍(성원빌딩)
1114,유효폭 1.2m 이상,주출입구 접근로_장풍(성원빌딩)
1115,기울기 1/18이하,주출입구 접근로_장풍(성원빌딩)
1116,보/차도 구분,주출입구 접근로_장풍(성원빌딩)
1117,총주차대수4,장애인 전용 주차구역_장풍(성원빌딩)
1118,평탄함,주출입구 접근로_전원일기
1119,단차없음,주출입구 접근로_전원일기
1120,유효폭 1.2m 이상,주출입구 접근로_전원일기
1121,기울기 1/18~1/12이하,주출입구 접근로_전원일기
1122,보/차도 구분,주출입구 접근로_전원일기
1123,총주차대수10,장애인 전용 주차구역_전원일기
1124,전용주차대수  1,장애인 전용 주차구역_전원일기
1125,단차없음 또는 경사로 1/12이하 설치,주출입구 높이차이 제거_전원일기
1126,유효폭 1.2m 이상,주출입구 높이차이 제거_전원일기
1127,경사로 1/12초과 설치,주출입구 높이차이 제거_전원일기(전원도시)
1128,유효폭 1.2m 이상,주출입구 높이차이 제거_전원일기(전원도시)
1129,손잡이 설치,주출입구 높이차이 제거_전원일기(전원도시)
1130,상세정보 없음,주출입구 접근로_정감어린
1131,총주차대수6,장애인 전용 주차구역_정감어린
1132,단차없음 또는 경사로 1/12이하 설치,주출입구 높이차이 제거_정감어린
1133,평탄함,주출입구 접근로_정선참숯골
1134,단차없음,주출입구 접근로_정선참숯골
1135,유효폭 1.2m 이상,주출입구 접근로_정선참숯골
1136,기울기 1/18이하,주출입구 접근로_정선참숯골
1137,보/차도 구분,주출입구 접근로_정선참숯골
1138,상세정보 없음,주출입구 접근로_정원순두부
1139,단차없음 또는 경사로 1/12이하 설치,주출입구 높이차이 제거_정원순두부
1140,유효폭 1.2m 미만,주출입구 높이차이 제거_정원순두부
1141,손잡이 미흡설치,주출입구 높이차이 제거_정원순두부
1142,평탄함,주출입구 접근로_정통복국(청운빌딩)
1143,단차없음,주출입구 접근로_정통복국(청운빌딩)
1144,유효폭 1.2m 이상,주출입구 접근로_정통복국(청운빌딩)
1145,기울기 1/18이하,주출입구 접근로_정통복국(청운빌딩)
1146,보/차도 구분,주출입구 접근로_정통복국(청운빌딩)
1147,총주차대수13,장애인 전용 주차구역_정통복국(청운빌딩)
1148,전용주차대수  1,장애인 전용 주차구역_정통복국(청운빌딩)
1149,출입구와 가까운 곳에 설치,장애인 전용 주차구역_정통복국(청운빌딩)
1150,크기 확보(3.3*5m),장애인 전용 주차구역_정통복국(청운빌딩)
1151,안내표지판 설치,장애인 전용 주차구역_정통복국(청운빌딩)
1152,평탄함,주출입구 접근로_진대감
1153,단차없음,주출입구 접근로_진대감
1154,유효폭 1.2m 이상,주출입구 접근로_진대감
1155,기울기 1/18이하,주출입구 접근로_진대감
1156,보/차도 구분,주출입구 접근로_진대감
1157,상세정보 없음,장애인 전용 주차구역_진대감
1158,단차없음 또는 경사로 1/12이하 설치,주출입구 높이차이 제거_진대감
1159,유효폭 1.2m 이상,주출입구 높이차이 제거_진대감
1160,평탄함,주출입구 접근로_찰진고기(그랑프리 빌딩)
1161,단차없음,주출입구 접근로_찰진고기(그랑프리 빌딩)
1162,유효폭 1.2m 이상,주출입구 접근로_찰진고기(그랑프리 빌딩)
1163,기울기 1/18이하,주출입구 접근로_찰진고기(그랑프리 빌딩)
1164,보/차도 구분,주출입구 접근로_찰진고기(그랑프리 빌딩)
1165,총주차대수9,장애인 전용 주차구역_찰진고기(그랑프리 빌딩)
1166,단차없음 또는 경사로 1/12이하 설치,주출입구 높이차이 제거_찰진고기(그랑프리 빌딩)
1167,유효폭 1.2m 이상,주출입구 높이차이 제거_찰진고기(그랑프리 빌딩)
1168,평탄함,주출입구 접근로_참숯과화로구이
1169,단차없음,주출입구 접근로_참숯과화로구이
1170,유효폭 1.2m 이상,주출입구 접근로_참숯과화로구이
1171,기울기 1/18~1/12이하,주출입구 접근로_참숯과화로구이
1172,보/차도 구분,주출입구 접근로_참숯과화로구이
1173,총주차대수15,장애인 전용 주차구역_참숯과화로구이
1174,전용주차대수  2,장애인 전용 주차구역_참숯과화로구이
1175,출입구와 가까운 곳에 설치,장애인 전용 주차구역_참숯과화로구이
1176,크기 확보(3.3*5m),장애인 전용 주차구역_참숯과화로구이
1177,안내표지판 설치,장애인 전용 주차구역_참숯과화로구이
1178,경사로 1/12초과 설치,주출입구 높이차이 제거_참숯과화로구이
1179,유효폭 1.2m 이상,주출입구 높이차이 제거_참숯과화로구이
1180,손잡이 미흡설치,주출입구 높이차이 제거_참숯과화로구이
1181,평탄함,주출입구 접근로_천둥소리
1182,단차없음,주출입구 접근로_천둥소리
1183,유효폭 1.2m 이상,주출입구 접근로_천둥소리
1184,기울기 1/18이하,주출입구 접근로_천둥소리
1185,보/차도 구분,주출입구 접근로_천둥소리
1186,총주차대수4,장애인 전용 주차구역_천둥소리
1187,평탄함,주출입구 접근로_천수만
1188,단차없음,주출입구 접근로_천수만
1189,유효폭 1.2m 이상,주출입구 접근로_천수만
1190,기울기 1/18~1/12이하,주출입구 접근로_천수만
1191,보/차도 구분,주출입구 접근로_천수만
1192,총주차대수12,장애인 전용 주차구역_천수만
1193,단차없음 또는 경사로 1/12이하 설치,주출입구 높이차이 제거_천수만
1194,유효폭 1.2m 이상,주출입구 높이차이 제거_천수만
1195,평탄함,주출입구 접근로_천하무적
1196,단차없음,주출입구 접근로_천하무적
1197,유효폭 1.2m 이상,주출입구 접근로_천하무적
1198,기울기 1/18이하,주출입구 접근로_천하무적
1199,보/차도 구분,주출입구 접근로_천하무적
1200,상세정보 없음,장애인 전용 주차구역_천하무적
1201,단차없음 또는 경사로 1/12이하 설치,주출입구 높이차이 제거_천하무적
1202,유효폭 1.2m 이상,주출입구 높이차이 제거_천하무적
1203,손잡이 설치,주출입구 높이차이 제거_천하무적
1204,평탄함,주출입구 접근로_청송면옥
1205,단차없음,주출입구 접근로_청송면옥
1206,유효폭 1.2m 이상,주출입구 접근로_청송면옥
1207,기울기 1/18~1/12이하,주출입구 접근로_청송면옥
1208,보/차도 구분,주출입구 접근로_청송면옥
1209,평탄함,주출입구 접근로_초동집
1210,단차없음,주출입구 접근로_초동집
1211,유효폭 1.2m 이상,주출입구 접근로_초동집
1212,기울기 1/18이하,주출입구 접근로_초동집
1213,보/차도 구분,주출입구 접근로_초동집
1214,총주차대수5,장애인 전용 주차구역_초동집
1215,단차없음 또는 경사로 1/12이하 설치,주출입구 높이차이 제거_초동집
1216,유효폭 1.2m 이상,주출입구 높이차이 제거_초동집
1217,평탄함,주출입구 접근로_최고집칼국수
1218,단차없음,주출입구 접근로_최고집칼국수
1219,유효폭 1.2m 이상,주출입구 접근로_최고집칼국수
1220,기울기 1/18이하,주출입구 접근로_최고집칼국수
1221,보/차도 구분없음,주출입구 접근로_최고집칼국수
1222,상세정보 없음,주출입구 접근로_춘천본점닭갈비
1223,상세정보 없음,장애인 전용 주차구역_춘천본점닭갈비
1224,평탄함,주출입구 접근로_코다리냉면
1225,단차없음,주출입구 접근로_코다리냉면
1226,유효폭 1.2m 이상,주출입구 접근로_코다리냉면
1227,기울기 1/18이하,주출입구 접근로_코다리냉면
1228,보/차도 구분,주출입구 접근로_코다리냉면
1229,총주차대수4,장애인 전용 주차구역_코다리냉면
1230,단차없음 또는 경사로 1/12이하 설치,주출입구 높이차이 제거_코다리냉면
1231,유효폭 1.2m 이상,주출입구 높이차이 제거_코다리냉면
1232,손잡이 설치,주출입구 높이차이 제거_코다리냉면
1233,출입구 및 피난통로와 가까운곳에 설치,장애인용 관람석_코다리냉면
1234,관람석 면적0.9*1.3m 이상,장애인용 관람석_코다리냉면
1235,좌석설치,장애인용 관람석_코다리냉면
1236,평탄함,주출입구 접근로_코다리냉면
1237,단차없음,주출입구 접근로_코다리냉면
1238,유효폭 1.2m 이상,주출입구 접근로_코다리냉면
1239,기울기 1/18이하,주출입구 접근로_코다리냉면
1240,보/차도 구분,주출입구 접근로_코다리냉면
1241,총주차대수4,장애인 전용 주차구역_코다리냉면
1242,단차없음 또는 경사로 1/12이하 설치,주출입구 높이차이 제거_코다리냉면
1243,유효폭 1.2m 이상,주출입구 높이차이 제거_코다리냉면
1244,손잡이 설치,주출입구 높이차이 제거_코다리냉면
1245,상세정보 없음,주출입구 접근로_코리아하우스(아름다운빌딩)
1246,총주차대수14,장애인 전용 주차구역_코리아하우스(아름다운빌딩)
1247,전용주차대수  1,장애인 전용 주차구역_코리아하우스(아름다운빌딩)
1248,출입구와 가까운 곳에 설치,장애인 전용 주차구역_코리아하우스(아름다운빌딩)
1249,크기 확보(3.3*5m),장애인 전용 주차구역_코리아하우스(아름다운빌딩)
1250,안내표지판 설치,장애인 전용 주차구역_코리아하우스(아름다운빌딩)
1251,상세정보 없음,장애인 전용 주차구역_코리안덕
1252,총주차대수30,장애인 전용 주차구역_코스모
1253,전용주차대수  1,장애인 전용 주차구역_코스모
1254,출입구와 가까운 곳에 설치,장애인 전용 주차구역_코스모
1255,크기 확보(3.3*5m),장애인 전용 주차구역_코스모
1256,안내표지판 설치,장애인 전용 주차구역_코스모
1257,평탄함,주출입구 접근로_콩심은데 콩나고
1258,단차없음,주출입구 접근로_콩심은데 콩나고
1259,유효폭 1.2m 이상,주출입구 접근로_콩심은데 콩나고
1260,기울기 1/18이하,주출입구 접근로_콩심은데 콩나고
1261,보/차도 구분,주출입구 접근로_콩심은데 콩나고
1262,총주차대수9,장애인 전용 주차구역_콩심은데 콩나고
1263,평탄함,주출입구 접근로_큰대문집
1264,단차없음,주출입구 접근로_큰대문집
1265,유효폭 1.2m 이상,주출입구 접근로_큰대문집
1266,기울기 1/18이하,주출입구 접근로_큰대문집
1267,보/차도 구분,주출입구 접근로_큰대문집
1268,상세정보 없음,장애인 전용 주차구역_큰대문집
1269,단차없음 또는 경사로 1/12이하 설치,주출입구 높이차이 제거_큰대문집
1270,유효폭 1.2m 이상,주출입구 높이차이 제거_큰대문집
1271,평탄함,주출입구 접근로_태능가든
1272,단차없음,주출입구 접근로_태능가든
1273,유효폭 1.2m 이상,주출입구 접근로_태능가든
1274,기울기 1/18~1/12이하,주출입구 접근로_태능가든
1275,보/차도 구분,주출입구 접근로_태능가든
1276,총주차대수7,장애인 전용 주차구역_태능가든
1277,전용주차대수  1,장애인 전용 주차구역_태능가든
1278,단차없음 또는 경사로 1/12이하 설치,주출입구 높이차이 제거_태능가든
1279,유효폭 1.2m 이상,주출입구 높이차이 제거_태능가든
1280,상세정보 없음,주출입구 접근로_태릉숯불갈비
1281,상세정보 없음,장애인 전용 주차구역_태릉숯불갈비
1282,평탄함,주출입구 접근로_태평(한식집)
1283,단차없음,주출입구 접근로_태평(한식집)
1284,유효폭 1.2m 이상,주출입구 접근로_태평(한식집)
1285,기울기 1/18이하,주출입구 접근로_태평(한식집)
1286,보/차도 구분,주출입구 접근로_태평(한식집)
1287,총주차대수9,장애인 전용 주차구역_태평(한식집)
1288,평탄하지 않음,주출입구 접근로_통일동산두부마을
1289,단차없음,주출입구 접근로_통일동산두부마을
1290,유효폭 1.2m 이상,주출입구 접근로_통일동산두부마을
1291,기울기 1/18이하,주출입구 접근로_통일동산두부마을
1292,보/차도 구분없음,주출입구 접근로_통일동산두부마을
1293,총주차대수9,장애인 전용 주차구역_통일동산두부마을
1294,상세정보 없음,주출입구 접근로_퍼쥬망 왕갈비전문점
1295,상세정보 없음,장애인 전용 주차구역_퍼쥬망 왕갈비전문점
1296,단차없음 또는 경사로 1/12이하 설치,주출입구 높이차이 제거_퍼쥬망 왕갈비전문점
1297,유효폭 1.2m 이상,주출입구 높이차이 제거_퍼쥬망 왕갈비전문점
1298,상세정보 없음,주출입구 접근로_평양면옥
1299,총주차대수8,장애인 전용 주차구역_평양면옥
1300,단차없음 또는 경사로 1/12이하 설치,주출입구 높이차이 제거_평양면옥
1301,유효폭 1.2m 이상,주출입구 높이차이 제거_평양면옥
1302,평탄함,주출입구 접근로_평양초계탕
1303,단차없음,주출입구 접근로_평양초계탕
1304,유효폭 1.2m 이상,주출입구 접근로_평양초계탕
1305,기울기 1/18이하,주출입구 접근로_평양초계탕
1306,보/차도 구분,주출입구 접근로_평양초계탕
1307,총주차대수2,장애인 전용 주차구역_평양초계탕
1308,단차없음 또는 경사로 1/12이하 설치,주출입구 높이차이 제거_평양초계탕
1309,유효폭 1.2m 이상,주출입구 높이차이 제거_평양초계탕
1310,손잡이 설치,주출입구 높이차이 제거_평양초계탕
1311,평탄함,주출입구 접근로_하누소
1312,단차없음,주출입구 접근로_하누소
1313,유효폭 1.2m 이상,주출입구 접근로_하누소
1314,기울기 1/18이하,주출입구 접근로_하누소
1315,보/차도 구분,주출입구 접근로_하누소
1316,총주차대수18,장애인 전용 주차구역_하누소
1317,전용주차대수  1,장애인 전용 주차구역_하누소
1318,출입구와 가까운 곳에 설치,장애인 전용 주차구역_하누소
1319,크기 확보(3.3*5m),장애인 전용 주차구역_하누소
1320,안내표지판 설치,장애인 전용 주차구역_하누소
1321,상세정보 없음,주출입구 높이차이 제거_하누소
1322,승강기크기 1.6*1.35m 이상,장애인용 승강기_하누소
1323,가로조작반 설치,장애인용 승강기_하누소
1324,버튼점자 설치,장애인용 승강기_하누소
1325,점자블록 설치,장애인용 승강기_하누소
1326,음성안내 설치,장애인용 승강기_하누소
1327,점멸등 설치,장애인용 승강기_하누소
1328,평탄함,주출입구 접근로_한국의집
1329,단차없음,주출입구 접근로_한국의집
1330,유효폭 1.2m 이상,주출입구 접근로_한국의집
1331,기울기 1/18이하,주출입구 접근로_한국의집
1332,보/차도 구분,주출입구 접근로_한국의집
1333,총주차대수60,장애인 전용 주차구역_한국의집
1334,전용주차대수  2,장애인 전용 주차구역_한국의집
1335,출입구와 가까운 곳에 설치,장애인 전용 주차구역_한국의집
1336,크기 미 확보,장애인 전용 주차구역_한국의집
1337,안내표지판 설치,장애인 전용 주차구역_한국의집
1338,상세정보 없음,주출입구 높이차이 제거_한국의집
1339,승강기크기 1.6*1.35m 이상,장애인용 승강기_한국의집
1340,가로조작반 설치,장애인용 승강기_한국의집
1341,버튼점자 설치,장애인용 승강기_한국의집
1342,점자블록 설치,장애인용 승강기_한국의집
1343,음성안내 설치,장애인용 승강기_한국의집
1344,점멸등 설치,장애인용 승강기_한국의집
1345,"남,녀 구분 설치",장애인용 화장실_한국의집
1346,사용여부설비 설치,장애인용 화장실_한국의집
1347,이동통로 1.2m 이상,장애인용 화장실_한국의집
1348,바닥단차 2cm 이하,장애인용 화장실_한국의집
1349,점자블록 설치,장애인용 화장실_한국의집
1350,대변기 설치,장애인용 화장실_한국의집
1351,출입문 사용가능,장애인용 화장실_한국의집
1352,출입문폭 0.8m 이상,장애인용 화장실_한국의집
1353,양변기 설치,장애인용 화장실_한국의집
1354,수평손잡이 설치,장애인용 화장실_한국의집
1355,수직손잡이 설치,장애인용 화장실_한국의집
1356,회전식손잡이 설치,장애인용 화장실_한국의집
1357,출입구 및 피난통로와 가까운곳에 설치,장애인용 관람석_한국의집
1358,관람석 면적0.9*1.3m 이상,장애인용 관람석_한국의집
1359,좌석설치,장애인용 관람석_한국의집
1360,평탄함,주출입구 접근로_한마당 본점
1361,단차없음,주출입구 접근로_한마당 본점
1362,유효폭 1.2m 이상,주출입구 접근로_한마당 본점
1363,기울기 1/18이하,주출입구 접근로_한마당 본점
1364,보/차도 구분,주출입구 접근로_한마당 본점
1365,상세정보 없음,장애인 전용 주차구역_한마당 본점
1366,평탄함,주출입구 접근로_한우식당 마블스
1367,단차없음,주출입구 접근로_한우식당 마블스
1368,유효폭 1.2m 이상,주출입구 접근로_한우식당 마블스
1369,기울기 1/18~1/12이하,주출입구 접근로_한우식당 마블스
1370,보/차도 구분없음,주출입구 접근로_한우식당 마블스
1371,경사로 1/12초과 설치,주출입구 높이차이 제거_한우식당 마블스
1372,유효폭 1.2m 미만,주출입구 높이차이 제거_한우식당 마블스
1373,손잡이 미흡설치,주출입구 높이차이 제거_한우식당 마블스
1374,상세정보 없음,주출입구 접근로_한우정육식당(부경빌딩)
1375,총주차대수26,장애인 전용 주차구역_한우정육식당(부경빌딩)
1376,전용주차대수  1,장애인 전용 주차구역_한우정육식당(부경빌딩)
1377,출입구와 가까운 곳에 설치,장애인 전용 주차구역_한우정육식당(부경빌딩)
1378,크기 확보(3.3*5m),장애인 전용 주차구역_한우정육식당(부경빌딩)
1379,안내표지판 설치,장애인 전용 주차구역_한우정육식당(부경빌딩)
1380,단차없음 또는 경사로 1/12이하 설치,주출입구 높이차이 제거_한우정육식당(부경빌딩)
1381,유효폭 1.2m 이상,주출입구 높이차이 제거_한우정육식당(부경빌딩)
1382,평탄함,주출입구 접근로_한일관
1383,단차없음,주출입구 접근로_한일관
1384,유효폭 1.2m 이상,주출입구 접근로_한일관
1385,기울기 1/18이하,주출입구 접근로_한일관
1386,보/차도 구분,주출입구 접근로_한일관
1387,총주차대수17,장애인 전용 주차구역_한일관
1388,전용주차대수  1,장애인 전용 주차구역_한일관
1389,출입구와 가까운 곳에 설치,장애인 전용 주차구역_한일관
1390,크기 확보(3.3*5m),장애인 전용 주차구역_한일관
1391,안내표지판 설치,장애인 전용 주차구역_한일관
1392,단차없음 또는 경사로 1/12이하 설치,주출입구 높이차이 제거_한일관
1393,평탄함,주출입구 접근로_해주곰탕
1394,단차없음,주출입구 접근로_해주곰탕
1395,유효폭 1.2m 이상,주출입구 접근로_해주곰탕
1396,기울기 1/18이하,주출입구 접근로_해주곰탕
1397,보/차도 구분,주출입구 접근로_해주곰탕
1398,상세정보 없음,장애인 전용 주차구역_해주곰탕
1399,단차없음 또는 경사로 1/12이하 설치,주출입구 높이차이 제거_해주곰탕
1400,유효폭 1.2m 이상,주출입구 높이차이 제거_해주곰탕
1401,상세정보 없음,주출입구 접근로_행복가
1402,경사로 1/12초과 설치,주출입구 높이차이 제거_행복가
1403,유효폭 1.2m 미만,주출입구 높이차이 제거_행복가
1404,손잡이 미흡설치,주출입구 높이차이 제거_행복가
1405,상세정보 없음,주출입구 접근로_형제갈비
1406,평탄함,주출입구 접근로_호텔 프리마 (주)풍류관
1407,단차없음,주출입구 접근로_호텔 프리마 (주)풍류관
1408,유효폭 1.2m 이상,주출입구 접근로_호텔 프리마 (주)풍류관
1409,기울기 1/18이하,주출입구 접근로_호텔 프리마 (주)풍류관
1410,보/차도 구분,주출입구 접근로_호텔 프리마 (주)풍류관
1411,총주차대수100,장애인 전용 주차구역_호텔 프리마 (주)풍류관
1412,전용주차대수  5,장애인 전용 주차구역_호텔 프리마 (주)풍류관
1413,출입구와 가까운 곳에 설치,장애인 전용 주차구역_호텔 프리마 (주)풍류관
1414,크기 확보(3.3*5m),장애인 전용 주차구역_호텔 프리마 (주)풍류관
1415,안내표지판 설치,장애인 전용 주차구역_호텔 프리마 (주)풍류관
1416,단차없음 또는 경사로 1/12이하 설치,주출입구 높이차이 제거_호텔 프리마 (주)풍류관
1417,유효폭 1.2m 이상,주출입구 높이차이 제거_호텔 프리마 (주)풍류관
1418,상세정보 없음,장애인 전용 주차구역_홍천한우
1419,상세정보 없음,주출입구 접근로_화로 숫불 종로갈비(J빌딩)
1420,총주차대수1,장애인 전용 주차구역_화로 숫불 종로갈비(J빌딩)
1421,평탄함,주출입구 접근로_화로구이
1422,단차없음,주출입구 접근로_화로구이
1423,유효폭 1.2m 이상,주출입구 접근로_화로구이
1424,기울기 1/18이하,주출입구 접근로_화로구이
1425,보/차도 구분,주출입구 접근로_화로구이
1426,상세정보 없음,장애인 전용 주차구역_화로구이
1427,단차없음 또는 경사로 1/12이하 설치,주출입구 높이차이 제거_화로구이
1428,유효폭 1.2m 이상,주출입구 높이차이 제거_화로구이
1429,평탄함,주출입구 접근로_화로구이
1430,단차없음,주출입구 접근로_화로구이
1431,유효폭 1.2m 이상,주출입구 접근로_화로구이
1432,기울기 1/18이하,주출입구 접근로_화로구이
1433,보/차도 구분,주출입구 접근로_화로구이
1434,단차없음 또는 경사로 1/12이하 설치,주출입구 높이차이 제거_화로구이
1435,유효폭 1.2m 이상,주출입구 높이차이 제거_화로구이
1436,손잡이 설치,주출입구 높이차이 제거_화로구이
1437,평탄함,주출입구 접근로_화로구이
1438,단차없음,주출입구 접근로_화로구이
1439,유효폭 1.2m 이상,주출입구 접근로_화로구이
1440,기울기 1/18이하,주출입구 접근로_화로구이
1441,보/차도 구분,주출입구 접근로_화로구이
1442,단차없음 또는 경사로 1/12이하 설치,주출입구 높이차이 제거_화로구이
1443,유효폭 1.2m 이상,주출입구 높이차이 제거_화로구이
1444,평탄함,주출입구 접근로_화로촌
1445,단차없음,주출입구 접근로_화로촌
1446,유효폭 1.2m 이상,주출입구 접근로_화로촌
1447,기울기 1/18이하,주출입구 접근로_화로촌
1448,보/차도 구분없음,주출입구 접근로_화로촌
1449,평탄함,주출입구 접근로_화사랑화로구이
1450,단차없음,주출입구 접근로_화사랑화로구이
1451,유효폭 1.2m 이상,주출입구 접근로_화사랑화로구이
1452,기울기 1/18이하,주출입구 접근로_화사랑화로구이
1453,보/차도 구분,주출입구 접근로_화사랑화로구이
1454,총주차대수17,장애인 전용 주차구역_화사랑화로구이
1455,단차없음 또는 경사로 1/12이하 설치,주출입구 높이차이 제거_화사랑화로구이
1456,유효폭 1.2m 이상,주출입구 높이차이 제거_화사랑화로구이
1457,손잡이 설치,주출입구 높이차이 제거_화사랑화로구이
1458,상세정보 없음,주출입구 접근로_활화산조개구이
1459,총주차대수3,장애인 전용 주차구역_활화산조개구이
1460,상세정보 없음,주출입구 접근로_황실떡
1461,상세정보 없음,장애인 전용 주차구역_황실떡
1462,평탄함,주출입구 접근로_황토궁
1463,단차없음,주출입구 접근로_황토궁
1464,유효폭 1.2m 이상,주출입구 접근로_황토궁
1465,기울기 1/18이하,주출입구 접근로_황토궁
1466,보/차도 구분,주출입구 접근로_황토궁
1467,총주차대수3,장애인 전용 주차구역_황토궁
1468,단차없음 또는 경사로 1/12이하 설치,주출입구 높이차이 제거_황토궁
1469,유효폭 1.2m 이상,주출입구 높이차이 제거_황토궁
1470,상세정보 없음,주출입구 접근로_회령쌈밥
1471,상세정보 없음,장애인 전용 주차구역_회령쌈밥
1472,경사로 1/12초과 설치,주출입구 높이차이 제거_회령쌈밥
1473,유효폭 1.2m 이상,주출입구 높이차이 제거_회령쌈밥
1474,손잡이 설치,주출입구 높이차이 제거_회령쌈밥
1475,평탄함,주출입구 접근로_휘모리
1476,단차없음,주출입구 접근로_휘모리
1477,유효폭 1.2m 이상,주출입구 접근로_휘모리
1478,기울기 1/18이하,주출입구 접근로_휘모리
1479,보/차도 구분,주출입구 접근로_휘모리
1480,단차없음 또는 경사로 1/12이하 설치,주출입구 높이차이 제거_휘모리
1481,유효폭 1.2m 이상,주출입구 높이차이 제거_휘모리
1482,단차없음 또는 경사로 1/12이하 설치,주출입구 높이차이 제거_흑돈가
1483,유효폭 1.2m 미만,주출입구 높이차이 제거_흑돈가
1484,손잡이 미흡설치,주출입구 높이차이 제거_흑돈가
1485,평탄함,주출입구 접근로_흑돈가
1486,단차없음,주출입구 접근로_흑돈가
1487,유효폭 1.2m 이상,주출입구 접근로_흑돈가
1488,기울기 1/18이하,주출입구 접근로_흑돈가
1489,보/차도 구분없음,주출입구 접근로_흑돈가
1490,총주차대수9,장애인 전용 주차구역_흑돈가
1491,단차없음 또는 경사로 1/12이하 설치,주출입구 높이차이 제거_흑돈가
1492,유효폭 1.2m 이상,주출입구 높이차이 제거_흑돈가
1493,평탄함,주출입구 접근로_흥부골 님원 추어탕(레보빌)
1494,단차없음,주출입구 접근로_흥부골 님원 추어탕(레보빌)
1495,유효폭 1.2m 이상,주출입구 접근로_흥부골 님원 추어탕(레보빌)
1496,기울기 1/18이하,주출입구 접근로_흥부골 님원 추어탕(레보빌)
1497,보/차도 구분,주출입구 접근로_흥부골 님원 추어탕(레보빌)
1498,단차없음 또는 경사로 1/12이하 설치,주출입구 높이차이 제거_흥부골 님원 추어탕(레보빌)
1499,유효폭 1.2m 이상,주출입구 높이차이 제거_흥부골 님원 추어탕(레보빌)
1500,상세정보 없음,주출입구 접근로_ZINO
1501,상세정보 없음,장애인 전용 주차구역_ZINO
1502,평탄함,주출입구 접근로_고릴라 인더 키친(연우빌딩)
1503,단차없음,주출입구 접근로_고릴라 인더 키친(연우빌딩)
1504,유효폭 1.2m 이상,주출입구 접근로_고릴라 인더 키친(연우빌딩)
1505,기울기 1/18이하,주출입구 접근로_고릴라 인더 키친(연우빌딩)
1506,보/차도 구분,주출입구 접근로_고릴라 인더 키친(연우빌딩)
1507,총주차대수4,장애인 전용 주차구역_고릴라 인더 키친(연우빌딩)
1508,단차없음 또는 경사로 1/12이하 설치,주출입구 높이차이 제거_고릴라 인더 키친(연우빌딩)
1509,유효폭 1.2m 이상,주출입구 높이차이 제거_고릴라 인더 키친(연우빌딩)
1510,평탄함,주출입구 접근로_그라노 더 그릴(히든하우스)
1511,단차없음,주출입구 접근로_그라노 더 그릴(히든하우스)
1512,유효폭 1.2m 이상,주출입구 접근로_그라노 더 그릴(히든하우스)
1513,기울기 1/18이하,주출입구 접근로_그라노 더 그릴(히든하우스)
1514,보/차도 구분,주출입구 접근로_그라노 더 그릴(히든하우스)
1515,총주차대수7,장애인 전용 주차구역_그라노 더 그릴(히든하우스)
1516,단차없음 또는 경사로 1/12이하 설치,주출입구 높이차이 제거_그라노 더 그릴(히든하우스)
1517,평탄함,주출입구 접근로_돈까스클럽
1518,단차없음,주출입구 접근로_돈까스클럽
1519,유효폭 1.2m 이상,주출입구 접근로_돈까스클럽
1520,기울기 1/18이하,주출입구 접근로_돈까스클럽
1521,보/차도 구분없음,주출입구 접근로_돈까스클럽
1522,상세정보 없음,주출입구 접근로_뚜레쥬르 <제과점>
1523,총주차대수75,장애인 전용 주차구역_뚜레쥬르 <제과점>
1524,전용주차대수  2,장애인 전용 주차구역_뚜레쥬르 <제과점>
1525,출입구와 가까운 곳에 설치,장애인 전용 주차구역_뚜레쥬르 <제과점>
1526,크기 미 확보,장애인 전용 주차구역_뚜레쥬르 <제과점>
1527,안내표지판 설치,장애인 전용 주차구역_뚜레쥬르 <제과점>
1528,경사로 1/12초과 설치,주출입구 높이차이 제거_뚜레쥬르 <제과점>
1529,유효폭 1.2m 미만,주출입구 높이차이 제거_뚜레쥬르 <제과점>
1530,손잡이 미흡설치,주출입구 높이차이 제거_뚜레쥬르 <제과점>
1531,평탄함,주출입구 접근로_롯데리아
1532,단차없음,주출입구 접근로_롯데리아
1533,유효폭 1.2m 이상,주출입구 접근로_롯데리아
1534,기울기 1/18이하,주출입구 접근로_롯데리아
1535,보/차도 구분,주출입구 접근로_롯데리아
1536,총주차대수1,장애인 전용 주차구역_롯데리아
1537,경사로 1/12초과 설치,주출입구 높이차이 제거_롯데리아
1538,유효폭 1.2m 미만,주출입구 높이차이 제거_롯데리아
1539,손잡이 설치,주출입구 높이차이 제거_롯데리아
1540,평탄함,주출입구 접근로_롯데리아
1541,단차없음,주출입구 접근로_롯데리아
1542,유효폭 1.2m 이상,주출입구 접근로_롯데리아
1543,기울기 1/18이하,주출입구 접근로_롯데리아
1544,보/차도 구분,주출입구 접근로_롯데리아
1545,총주차대수17,장애인 전용 주차구역_롯데리아
1546,전용주차대수  1,장애인 전용 주차구역_롯데리아
1547,출입구와 가까운 곳에 설치,장애인 전용 주차구역_롯데리아
1548,크기 미 확보,장애인 전용 주차구역_롯데리아
1549,안내표지판 설치,장애인 전용 주차구역_롯데리아
1550,상세정보 없음,주출입구 접근로_미스터피자
1551,상세정보 없음,장애인 전용 주차구역_미스터피자
1552,단차없음 또는 경사로 1/12이하 설치,주출입구 높이차이 제거_미스터피자
1553,유효폭 1.2m 이상,주출입구 높이차이 제거_미스터피자
1554,손잡이 설치,주출입구 높이차이 제거_미스터피자
1555,총주차대수9,장애인 전용 주차구역_미스터피자
1556,전용주차대수  1,장애인 전용 주차구역_미스터피자
1557,단차없음 또는 경사로 1/12이하 설치,주출입구 높이차이 제거_미스터피자
1558,유효폭 1.2m 이상,주출입구 높이차이 제거_미스터피자
1559,손잡이 설치,주출입구 높이차이 제거_미스터피자
1560,평탄함,주출입구 접근로_미스터피자 양재점(크리스탈빌딩)
1561,단차없음,주출입구 접근로_미스터피자 양재점(크리스탈빌딩)
1562,유효폭 1.2m 이상,주출입구 접근로_미스터피자 양재점(크리스탈빌딩)
1563,기울기 1/18이하,주출입구 접근로_미스터피자 양재점(크리스탈빌딩)
1564,보/차도 구분,주출입구 접근로_미스터피자 양재점(크리스탈빌딩)
1565,총주차대수15,장애인 전용 주차구역_미스터피자 양재점(크리스탈빌딩)
1566,전용주차대수  1,장애인 전용 주차구역_미스터피자 양재점(크리스탈빌딩)
1567,출입구와 가까운 곳에 설치,장애인 전용 주차구역_미스터피자 양재점(크리스탈빌딩)
1568,크기 확보(3.3*5m),장애인 전용 주차구역_미스터피자 양재점(크리스탈빌딩)
1569,안내표지판 설치,장애인 전용 주차구역_미스터피자 양재점(크리스탈빌딩)
1570,단차없음 또는 경사로 1/12이하 설치,주출입구 높이차이 제거_미스터피자 양재점(크리스탈빌딩)
1571,유효폭 1.2m 이상,주출입구 높이차이 제거_미스터피자 양재점(크리스탈빌딩)
1572,평탄함,주출입구 접근로_베누스타-뷔페
1573,단차없음,주출입구 접근로_베누스타-뷔페
1574,유효폭 1.2m 이상,주출입구 접근로_베누스타-뷔페
1575,기울기 1/18이하,주출입구 접근로_베누스타-뷔페
1576,보/차도 구분,주출입구 접근로_베누스타-뷔페
1577,총주차대수1,장애인 전용 주차구역_베누스타-뷔페
1578,전용주차대수  1,장애인 전용 주차구역_베누스타-뷔페
1579,출입구와 가까운 곳에 설치,장애인 전용 주차구역_베누스타-뷔페
1580,크기 확보(3.3*5m),장애인 전용 주차구역_베누스타-뷔페
1581,안내표지판 설치,장애인 전용 주차구역_베누스타-뷔페
1582,단차없음 또는 경사로 1/12이하 설치,주출입구 높이차이 제거_베누스타-뷔페
1583,유효폭 1.2m 이상,주출입구 높이차이 제거_베누스타-뷔페
1584,평탄하지 않음,주출입구 접근로_베니건스
1585,단차없음,주출입구 접근로_베니건스
1586,유효폭 1.2m 이상,주출입구 접근로_베니건스
1587,기울기 1/18이하,주출입구 접근로_베니건스
1588,보/차도 구분,주출입구 접근로_베니건스
1589,총주차대수9,장애인 전용 주차구역_베니건스
1590,상세정보 없음,주출입구 접근로_보나세라
1591,총주차대수6,장애인 전용 주차구역_보나세라
1592,단차없음 또는 경사로 1/12이하 설치,주출입구 높이차이 제거_보나세라
1593,유효폭 1.2m 이상,주출입구 높이차이 제거_보나세라
1594,평탄함,주출입구 접근로_부처스컷
1595,단차없음,주출입구 접근로_부처스컷
1596,유효폭 1.2m 이상,주출입구 접근로_부처스컷
1597,기울기 1/18이하,주출입구 접근로_부처스컷
1598,보/차도 구분,주출입구 접근로_부처스컷
1599,총주차대수5,장애인 전용 주차구역_부처스컷
1600,단차없음 또는 경사로 1/12이하 설치,주출입구 높이차이 제거_부처스컷
1601,유효폭 1.2m 이상,주출입구 높이차이 제거_부처스컷
1602,평탄함,주출입구 접근로_붓처스컷(SG다이힐빌딩)
1603,단차없음,주출입구 접근로_붓처스컷(SG다이힐빌딩)
1604,유효폭 1.2m 이상,주출입구 접근로_붓처스컷(SG다이힐빌딩)
1605,기울기 1/18이하,주출입구 접근로_붓처스컷(SG다이힐빌딩)
1606,보/차도 구분,주출입구 접근로_붓처스컷(SG다이힐빌딩)
1607,단차없음 또는 경사로 1/12이하 설치,주출입구 높이차이 제거_붓처스컷(SG다이힐빌딩)
1608,유효폭 1.2m 이상,주출입구 높이차이 제거_붓처스컷(SG다이힐빌딩)
1609,평탄함,주출입구 접근로_브리꼴라쥬카페
1610,단차없음,주출입구 접근로_브리꼴라쥬카페
1611,유효폭 1.2m 이상,주출입구 접근로_브리꼴라쥬카페
1612,기울기 1/18이하,주출입구 접근로_브리꼴라쥬카페
1613,보/차도 구분,주출입구 접근로_브리꼴라쥬카페
1614,총주차대수10,장애인 전용 주차구역_브리꼴라쥬카페
1615,전용주차대수  1,장애인 전용 주차구역_브리꼴라쥬카페
1616,출입구와 가까운 곳에 설치,장애인 전용 주차구역_브리꼴라쥬카페
1617,크기 확보(3.3*5m),장애인 전용 주차구역_브리꼴라쥬카페
1618,안내표지판 설치,장애인 전용 주차구역_브리꼴라쥬카페
1619,단차없음 또는 경사로 1/12이하 설치,주출입구 높이차이 제거_브리꼴라쥬카페
1620,유효폭 1.2m 이상,주출입구 높이차이 제거_브리꼴라쥬카페
1621,손잡이 설치,주출입구 높이차이 제거_브리꼴라쥬카페
1622,상세정보 없음,주출입구 접근로_블랙스미스
1623,상세정보 없음,장애인 전용 주차구역_블랙스미스
1624,평탄함,주출입구 접근로_빕스 대방점
1625,단차없음,주출입구 접근로_빕스 대방점
1626,유효폭 1.2m 이상,주출입구 접근로_빕스 대방점
1627,기울기 1/18이하,주출입구 접근로_빕스 대방점
1628,보/차도 구분,주출입구 접근로_빕스 대방점
1629,총주차대수40,장애인 전용 주차구역_빕스 대방점
1630,전용주차대수  1,장애인 전용 주차구역_빕스 대방점
1631,출입구와 가까운 곳에 설치,장애인 전용 주차구역_빕스 대방점
1632,크기 확보(3.3*5m),장애인 전용 주차구역_빕스 대방점
1633,안내표지판 설치,장애인 전용 주차구역_빕스 대방점
1634,단차없음 또는 경사로 1/12이하 설치,주출입구 높이차이 제거_빕스 대방점
1635,유효폭 1.2m 이상,주출입구 높이차이 제거_빕스 대방점
1636,손잡이 설치,주출입구 높이차이 제거_빕스 대방점
1637,평탄함,주출입구 접근로_빕스 등촌점
1638,단차없음,주출입구 접근로_빕스 등촌점
1639,유효폭 1.2m 이상,주출입구 접근로_빕스 등촌점
1640,기울기 1/18이하,주출입구 접근로_빕스 등촌점
1641,보/차도 구분,주출입구 접근로_빕스 등촌점
1642,총주차대수50,장애인 전용 주차구역_빕스 등촌점
1643,전용주차대수  2,장애인 전용 주차구역_빕스 등촌점
1644,출입구와 가까운 곳에 설치,장애인 전용 주차구역_빕스 등촌점
1645,크기 확보(3.3*5m),장애인 전용 주차구역_빕스 등촌점
1646,안내표지판 설치,장애인 전용 주차구역_빕스 등촌점
1647,단차없음 또는 경사로 1/12이하 설치,주출입구 높이차이 제거_빕스 등촌점
1648,유효폭 1.2m 이상,주출입구 높이차이 제거_빕스 등촌점
1649,손잡이 설치,주출입구 높이차이 제거_빕스 등촌점
1650,평탄함,주출입구 접근로_빕스 문정점
1651,단차없음,주출입구 접근로_빕스 문정점
1652,유효폭 1.2m 이상,주출입구 접근로_빕스 문정점
1653,기울기 1/18이하,주출입구 접근로_빕스 문정점
1654,보/차도 구분,주출입구 접근로_빕스 문정점
1655,총주차대수54,장애인 전용 주차구역_빕스 문정점
1656,전용주차대수  1,장애인 전용 주차구역_빕스 문정점
1657,출입구와 가까운 곳에 설치,장애인 전용 주차구역_빕스 문정점
1658,크기 확보(3.3*5m),장애인 전용 주차구역_빕스 문정점
1659,안내표지판 설치,장애인 전용 주차구역_빕스 문정점
1660,단차없음 또는 경사로 1/12이하 설치,주출입구 높이차이 제거_빕스 문정점
1661,유효폭 1.2m 이상,주출입구 높이차이 제거_빕스 문정점
1662,손잡이 설치,주출입구 높이차이 제거_빕스 문정점
1663,평탄함,주출입구 접근로_빕스 봉천역점
1664,단차없음,주출입구 접근로_빕스 봉천역점
1665,유효폭 1.2m 이상,주출입구 접근로_빕스 봉천역점
1666,기울기 1/18이하,주출입구 접근로_빕스 봉천역점
1667,보/차도 구분,주출입구 접근로_빕스 봉천역점
1668,총주차대수21,장애인 전용 주차구역_빕스 봉천역점
1669,전용주차대수  2,장애인 전용 주차구역_빕스 봉천역점
1670,출입구와 가까운 곳에 설치,장애인 전용 주차구역_빕스 봉천역점
1671,크기 미 확보,장애인 전용 주차구역_빕스 봉천역점
1672,안내표지판 설치,장애인 전용 주차구역_빕스 봉천역점
1673,단차없음 또는 경사로 1/12이하 설치,주출입구 높이차이 제거_빕스 봉천역점
1674,유효폭 1.2m 이상,주출입구 높이차이 제거_빕스 봉천역점
1675,손잡이 설치,주출입구 높이차이 제거_빕스 봉천역점
1676,총주차대수21,장애인 전용 주차구역_빕스 상봉역점
1677,전용주차대수  3,장애인 전용 주차구역_빕스 상봉역점
1678,단차없음 또는 경사로 1/12이하 설치,주출입구 높이차이 제거_빕스 상봉역점
1679,유효폭 1.2m 이상,주출입구 높이차이 제거_빕스 상봉역점
1680,평탄함,주출입구 접근로_빕스 창동점
1681,단차없음,주출입구 접근로_빕스 창동점
1682,유효폭 1.2m 이상,주출입구 접근로_빕스 창동점
1683,기울기 1/18이하,주출입구 접근로_빕스 창동점
1684,보/차도 구분,주출입구 접근로_빕스 창동점
1685,총주차대수24,장애인 전용 주차구역_빕스 창동점
1686,전용주차대수  2,장애인 전용 주차구역_빕스 창동점
1687,출입구와 가까운 곳에 설치,장애인 전용 주차구역_빕스 창동점
1688,크기 미 확보,장애인 전용 주차구역_빕스 창동점
1689,안내표지판 설치,장애인 전용 주차구역_빕스 창동점
1690,단차없음 또는 경사로 1/12이하 설치,주출입구 높이차이 제거_빕스 창동점
1691,유효폭 1.2m 이상,주출입구 높이차이 제거_빕스 창동점
1692,손잡이 설치,주출입구 높이차이 제거_빕스 창동점
1693,평탄함,주출입구 접근로_빕스 청담점
1694,단차없음,주출입구 접근로_빕스 청담점
1695,유효폭 1.2m 이상,주출입구 접근로_빕스 청담점
1696,기울기 1/18이하,주출입구 접근로_빕스 청담점
1697,보/차도 구분,주출입구 접근로_빕스 청담점
1698,총주차대수31,장애인 전용 주차구역_빕스 청담점
1699,전용주차대수  2,장애인 전용 주차구역_빕스 청담점
1700,출입구와 가까운 곳에 설치,장애인 전용 주차구역_빕스 청담점
1701,크기 확보(3.3*5m),장애인 전용 주차구역_빕스 청담점
1702,안내표지판 설치,장애인 전용 주차구역_빕스 청담점
1703,단차없음 또는 경사로 1/12이하 설치,주출입구 높이차이 제거_빕스 청담점
1704,유효폭 1.2m 이상,주출입구 높이차이 제거_빕스 청담점
1705,평탄함,주출입구 접근로_샤델리(한수빌딩)
1706,단차없음,주출입구 접근로_샤델리(한수빌딩)
1707,유효폭 1.2m 이상,주출입구 접근로_샤델리(한수빌딩)
1708,기울기 1/18이하,주출입구 접근로_샤델리(한수빌딩)
1709,보/차도 구분,주출입구 접근로_샤델리(한수빌딩)
1710,총주차대수4,장애인 전용 주차구역_샤델리(한수빌딩)
1711,단차없음 또는 경사로 1/12이하 설치,주출입구 높이차이 제거_샤델리(한수빌딩)
1712,유효폭 1.2m 이상,주출입구 높이차이 제거_샤델리(한수빌딩)
1713,평탄함,주출입구 접근로_서강8경 제2근생(일반음식점)
1714,단차없음,주출입구 접근로_서강8경 제2근생(일반음식점)
1715,유효폭 1.2m 이상,주출입구 접근로_서강8경 제2근생(일반음식점)
1716,기울기 1/18이하,주출입구 접근로_서강8경 제2근생(일반음식점)
1717,보/차도 구분,주출입구 접근로_서강8경 제2근생(일반음식점)
1718,총주차대수25,장애인 전용 주차구역_서강8경 제2근생(일반음식점)
1719,전용주차대수  1,장애인 전용 주차구역_서강8경 제2근생(일반음식점)
1720,출입구와 가까운 곳에 설치,장애인 전용 주차구역_서강8경 제2근생(일반음식점)
1721,크기 확보(3.3*5m),장애인 전용 주차구역_서강8경 제2근생(일반음식점)
1722,안내표지판 설치,장애인 전용 주차구역_서강8경 제2근생(일반음식점)
1723,경사로 1/12초과 설치,주출입구 높이차이 제거_서강8경 제2근생(일반음식점)
1724,유효폭 1.2m 이상,주출입구 높이차이 제거_서강8경 제2근생(일반음식점)
1725,손잡이 설치,주출입구 높이차이 제거_서강8경 제2근생(일반음식점)
1726,평탄함,주출입구 접근로_아실라
1727,단차없음,주출입구 접근로_아실라
1728,유효폭 1.2m 이상,주출입구 접근로_아실라
1729,기울기 1/18이하,주출입구 접근로_아실라
1730,보/차도 구분,주출입구 접근로_아실라
1731,평탄함,주출입구 접근로_아웃백스테이크하우스 봉천점
1732,단차없음,주출입구 접근로_아웃백스테이크하우스 봉천점
1733,유효폭 1.2m 이상,주출입구 접근로_아웃백스테이크하우스 봉천점
1734,기울기 1/18이하,주출입구 접근로_아웃백스테이크하우스 봉천점
1735,보/차도 구분,주출입구 접근로_아웃백스테이크하우스 봉천점
1736,총주차대수5,장애인 전용 주차구역_아웃백스테이크하우스 봉천점
1737,단차없음 또는 경사로 1/12이하 설치,주출입구 높이차이 제거_아웃백스테이크하우스 봉천점
1738,유효폭 1.2m 이상,주출입구 높이차이 제거_아웃백스테이크하우스 봉천점
1739,손잡이 설치,주출입구 높이차이 제거_아웃백스테이크하우스 봉천점
1740,총주차대수7,장애인 전용 주차구역_아웃백스테이크하우스 삼봉점
1741,평탄함,주출입구 접근로_아웃백스테이크하우스 신대방점
1742,단차없음,주출입구 접근로_아웃백스테이크하우스 신대방점
1743,유효폭 1.2m 이상,주출입구 접근로_아웃백스테이크하우스 신대방점
1744,기울기 1/18이하,주출입구 접근로_아웃백스테이크하우스 신대방점
1745,보/차도 구분,주출입구 접근로_아웃백스테이크하우스 신대방점
1746,총주차대수32,장애인 전용 주차구역_아웃백스테이크하우스 신대방점
1747,평탄함,주출입구 접근로_아웃백스테이크하우스 신촌점
1748,단차없음,주출입구 접근로_아웃백스테이크하우스 신촌점
1749,유효폭 1.2m 이상,주출입구 접근로_아웃백스테이크하우스 신촌점
1750,기울기 1/18이하,주출입구 접근로_아웃백스테이크하우스 신촌점
1751,보/차도 구분없음,주출입구 접근로_아웃백스테이크하우스 신촌점
1752,평탄함,주출입구 접근로_아웃백스테이크하우스 잠실점
1753,단차없음,주출입구 접근로_아웃백스테이크하우스 잠실점
1754,유효폭 1.2m 이상,주출입구 접근로_아웃백스테이크하우스 잠실점
1755,기울기 1/18이하,주출입구 접근로_아웃백스테이크하우스 잠실점
1756,보/차도 구분,주출입구 접근로_아웃백스테이크하우스 잠실점
1757,총주차대수7,장애인 전용 주차구역_아웃백스테이크하우스 잠실점
1758,상세정보 없음,주출입구 접근로_올리아
1759,총주차대수4,장애인 전용 주차구역_올리아
1760,평탄함,주출입구 접근로_와인 바꼬뜨도르(페리빌딩)
1761,단차없음,주출입구 접근로_와인 바꼬뜨도르(페리빌딩)
1762,유효폭 1.2m 이상,주출입구 접근로_와인 바꼬뜨도르(페리빌딩)
1763,기울기 1/18이하,주출입구 접근로_와인 바꼬뜨도르(페리빌딩)
1764,보/차도 구분,주출입구 접근로_와인 바꼬뜨도르(페리빌딩)
1765,단차없음 또는 경사로 1/12이하 설치,주출입구 높이차이 제거_와인 바꼬뜨도르(페리빌딩)
1766,유효폭 1.2m 이상,주출입구 높이차이 제거_와인 바꼬뜨도르(페리빌딩)
1767,상세정보 없음,주출입구 접근로_이태원동 근린생활시설(휴게음식점)
1768,상세정보 없음,장애인 전용 주차구역_이태원동 근린생활시설(휴게음식점)
1769,단차없음 또는 경사로 1/12이하 설치,주출입구 높이차이 제거_이태원동 근린생활시설(휴게음식점)
1770,손잡이 설치,주출입구 높이차이 제거_이태원동 근린생활시설(휴게음식점)
1771,평탄함,주출입구 접근로_일파르코
1772,단차없음,주출입구 접근로_일파르코
1773,유효폭 1.2m 이상,주출입구 접근로_일파르코
1774,기울기 1/18이하,주출입구 접근로_일파르코
1775,보/차도 구분없음,주출입구 접근로_일파르코
1776,총주차대수40,장애인 전용 주차구역_일파르코
1777,전용주차대수  1,장애인 전용 주차구역_일파르코
1778,출입구와 가까운 곳에 설치,장애인 전용 주차구역_일파르코
1779,크기 미 확보,장애인 전용 주차구역_일파르코
1780,안내표지판 설치,장애인 전용 주차구역_일파르코
1781,단차없음 또는 경사로 1/12이하 설치,주출입구 높이차이 제거_일파르코
1782,유효폭 1.2m 이상,주출입구 높이차이 제거_일파르코
1783,총주차대수2,장애인 전용 주차구역_잇플레이스
1784,출입구 및 피난통로와 가까운곳에 설치,장애인용 관람석_잇플레이스
1785,관람석 면적0.9*1.3m 이상,장애인용 관람석_잇플레이스
1786,좌석설치,장애인용 관람석_잇플레이스
1787,평탄함,주출입구 접근로_장L카페레스토랑
1788,단차없음,주출입구 접근로_장L카페레스토랑
1789,유효폭 1.2m 이상,주출입구 접근로_장L카페레스토랑
1790,기울기 1/18이하,주출입구 접근로_장L카페레스토랑
1791,보/차도 구분,주출입구 접근로_장L카페레스토랑
1792,단차없음 또는 경사로 1/12이하 설치,주출입구 높이차이 제거_장L카페레스토랑
1793,유효폭 1.2m 이상,주출입구 높이차이 제거_장L카페레스토랑
1794,평탄함,주출입구 접근로_초원웨딩홀뷔페
1795,단차없음,주출입구 접근로_초원웨딩홀뷔페
1796,유효폭 1.2m 이상,주출입구 접근로_초원웨딩홀뷔페
1797,기울기 1/18이하,주출입구 접근로_초원웨딩홀뷔페
1798,보/차도 구분없음,주출입구 접근로_초원웨딩홀뷔페
1799,경사로 1/12초과 설치,주출입구 높이차이 제거_초원웨딩홀뷔페
1800,유효폭 1.2m 이상,주출입구 높이차이 제거_초원웨딩홀뷔페
1801,손잡이 미흡설치,주출입구 높이차이 제거_초원웨딩홀뷔페
1802,평탄함,주출입구 접근로_쿼터백
1803,단차없음,주출입구 접근로_쿼터백
1804,유효폭 1.2m 이상,주출입구 접근로_쿼터백
1805,기울기 1/18이하,주출입구 접근로_쿼터백
1806,보/차도 구분,주출입구 접근로_쿼터백
1807,단차없음 또는 경사로 1/12이하 설치,주출입구 높이차이 제거_쿼터백
1808,유효폭 1.2m 이상,주출입구 높이차이 제거_쿼터백
1809,상세정보 없음,주출입구 접근로_크리스피크림 도넛츠
1810,단차없음 또는 경사로 1/12이하 설치,주출입구 높이차이 제거_크리스피크림 도넛츠
1811,유효폭 1.2m 이상,주출입구 높이차이 제거_크리스피크림 도넛츠
1812,평탄함,주출입구 접근로_투쉐 카페&레스토랑(미산빌딩)
1813,단차없음,주출입구 접근로_투쉐 카페&레스토랑(미산빌딩)
1814,유효폭 1.2m 이상,주출입구 접근로_투쉐 카페&레스토랑(미산빌딩)
1815,기울기 1/18이하,주출입구 접근로_투쉐 카페&레스토랑(미산빌딩)
1816,보/차도 구분,주출입구 접근로_투쉐 카페&레스토랑(미산빌딩)
1817,총주차대수18,장애인 전용 주차구역_투쉐 카페&레스토랑(미산빌딩)
1818,전용주차대수  1,장애인 전용 주차구역_투쉐 카페&레스토랑(미산빌딩)
1819,출입구와 가까운 곳에 설치,장애인 전용 주차구역_투쉐 카페&레스토랑(미산빌딩)
1820,크기 확보(3.3*5m),장애인 전용 주차구역_투쉐 카페&레스토랑(미산빌딩)
1821,안내표지판 설치,장애인 전용 주차구역_투쉐 카페&레스토랑(미산빌딩)
1822,단차없음 또는 경사로 1/12이하 설치,주출입구 높이차이 제거_투쉐 카페&레스토랑(미산빌딩)
1823,유효폭 1.2m 이상,주출입구 높이차이 제거_투쉐 카페&레스토랑(미산빌딩)
1824,상세정보 없음,주출입구 접근로_파리바게트
1825,총주차대수2,장애인 전용 주차구역_파리바게트
1826,경사로 1/12초과 설치,주출입구 높이차이 제거_파리바게트
1827,유효폭 1.2m 이상,주출입구 높이차이 제거_파리바게트
1828,손잡이 설치,주출입구 높이차이 제거_파리바게트
1829,평탄함,주출입구 접근로_파리크라상
1830,단차없음,주출입구 접근로_파리크라상
1831,유효폭 1.2m 이상,주출입구 접근로_파리크라상
1832,기울기 1/18이하,주출입구 접근로_파리크라상
1833,보/차도 구분,주출입구 접근로_파리크라상
1834,상세정보 없음,주출입구 접근로_파리크라샹
1835,총주차대수5,장애인 전용 주차구역_파리크라샹
1836,상세정보 없음,주출입구 접근로_프로방스
1837,총주차대수5,장애인 전용 주차구역_프로방스
1838,전용주차대수  1,장애인 전용 주차구역_프로방스
1839,출입구와 가까운 곳에 설치,장애인 전용 주차구역_프로방스
1840,크기 확보(3.3*5m),장애인 전용 주차구역_프로방스
1841,안내표지판 미설치,장애인 전용 주차구역_프로방스
1842,경사로 1/12초과 설치,주출입구 높이차이 제거_프로방스
1843,유효폭 1.2m 이상,주출입구 높이차이 제거_프로방스
1844,손잡이 미흡설치,주출입구 높이차이 제거_프로방스
1845,상세정보 없음,주출입구 접근로_피자스토리
1846,상세정보 없음,장애인 전용 주차구역_피자스토리
1847,평탄함,주출입구 접근로_피자헛
1848,단차없음,주출입구 접근로_피자헛
1849,유효폭 1.2m 이상,주출입구 접근로_피자헛
1850,기울기 1/18이하,주출입구 접근로_피자헛
1851,보/차도 구분,주출입구 접근로_피자헛
1852,단차없음 또는 경사로 1/12이하 설치,주출입구 높이차이 제거_피자헛
1853,유효폭 1.2m 이상,주출입구 높이차이 제거_피자헛
1854,평탄함,주출입구 접근로_피자헛
1855,단차없음,주출입구 접근로_피자헛
1856,유효폭 1.2m 이상,주출입구 접근로_피자헛
1857,기울기 1/18이하,주출입구 접근로_피자헛
1858,보/차도 구분,주출입구 접근로_피자헛
1859,총주차대수6,장애인 전용 주차구역_피자헛
1860,단차없음 또는 경사로 1/12이하 설치,주출입구 높이차이 제거_피자헛
1861,유효폭 1.2m 이상,주출입구 높이차이 제거_피자헛
1862,평탄함,주출입구 접근로_한국 피자헛 한티역점
1863,단차없음,주출입구 접근로_한국 피자헛 한티역점
1864,유효폭 1.2m 이상,주출입구 접근로_한국 피자헛 한티역점
1865,기울기 1/18이하,주출입구 접근로_한국 피자헛 한티역점
1866,보/차도 구분,주출입구 접근로_한국 피자헛 한티역점
1867,단차없음 또는 경사로 1/12이하 설치,주출입구 높이차이 제거_한국 피자헛 한티역점
1868,유효폭 1.2m 이상,주출입구 높이차이 제거_한국 피자헛 한티역점
1869,상세정보 없음,주출입구 접근로_한국맥도날드
1870,상세정보 없음,장애인 전용 주차구역_한국맥도날드
1871,단차없음 또는 경사로 1/12이하 설치,주출입구 높이차이 제거_한국맥도날드
1872,유효폭 1.2m 이상,주출입구 높이차이 제거_한국맥도날드
1873,손잡이 설치,주출입구 높이차이 제거_한국맥도날드
1874,평탄함,주출입구 접근로_한국맥도날드송정역
1875,단차없음,주출입구 접근로_한국맥도날드송정역
1876,유효폭 1.2m 이상,주출입구 접근로_한국맥도날드송정역
1877,기울기 1/18이하,주출입구 접근로_한국맥도날드송정역
1878,보/차도 구분,주출입구 접근로_한국맥도날드송정역
1879,상세정보 없음,장애인 전용 주차구역_한국맥도날드송정역
1880,경사로 1/12초과 설치,주출입구 높이차이 제거_한국맥도날드송정역
1881,유효폭 1.2m 미만,주출입구 높이차이 제거_한국맥도날드송정역
1882,손잡이 설치,주출입구 높이차이 제거_한국맥도날드송정역
1883,상세정보 없음,주출입구 접근로_한국피자헛
1884,상세정보 없음,장애인 전용 주차구역_한국피자헛
1885,평탄함,주출입구 접근로_한국피자헛등촌점(샷뽀르)
1886,단차없음,주출입구 접근로_한국피자헛등촌점(샷뽀르)
1887,유효폭 1.2m 이상,주출입구 접근로_한국피자헛등촌점(샷뽀르)
1888,기울기 1/18이하,주출입구 접근로_한국피자헛등촌점(샷뽀르)
1889,보/차도 구분,주출입구 접근로_한국피자헛등촌점(샷뽀르)
1890,단차없음 또는 경사로 1/12이하 설치,주출입구 높이차이 제거_한국피자헛등촌점(샷뽀르)
1891,유효폭 1.2m 이상,주출입구 높이차이 제거_한국피자헛등촌점(샷뽀르)
1892,손잡이 설치,주출입구 높이차이 제거_한국피자헛등촌점(샷뽀르)
1893,평탄함,주출입구 접근로_화수목레스토랑
1894,단차없음,주출입구 접근로_화수목레스토랑
1895,유효폭 1.2m 이상,주출입구 접근로_화수목레스토랑
1896,기울기 1/18이하,주출입구 접근로_화수목레스토랑
1897,보/차도 구분,주출입구 접근로_화수목레스토랑
1898,총주차대수5,장애인 전용 주차구역_화수목레스토랑
1899,평탄함,주출입구 접근로_근린생활시설(팬다)
1900,단차없음,주출입구 접근로_근린생활시설(팬다)
1901,유효폭 1.2m 이상,주출입구 접근로_근린생활시설(팬다)
1902,기울기 1/18이하,주출입구 접근로_근린생활시설(팬다)
1903,보/차도 구분없음,주출입구 접근로_근린생활시설(팬다)
1904,총주차대수7,장애인 전용 주차구역_근린생활시설(팬다)
1905,평탄하지 않음,주출입구 접근로_만리장성
1906,단차없음,주출입구 접근로_만리장성
1907,유효폭 1.2m 이상,주출입구 접근로_만리장성
1908,기울기 1/18이하,주출입구 접근로_만리장성
1909,보/차도 구분,주출입구 접근로_만리장성
1910,상세정보 없음,장애인 전용 주차구역_만리장성
1911,단차없음 또는 경사로 1/12이하 설치,주출입구 높이차이 제거_만리장성
1912,유효폭 1.2m 이상,주출입구 높이차이 제거_만리장성
1913,평탄함,주출입구 접근로_상하이짬뽕건물
1914,단차없음,주출입구 접근로_상하이짬뽕건물
1915,유효폭 1.2m 이상,주출입구 접근로_상하이짬뽕건물
1916,기울기 1/18이하,주출입구 접근로_상하이짬뽕건물
1917,보/차도 구분,주출입구 접근로_상하이짬뽕건물
1918,총주차대수4,장애인 전용 주차구역_상하이짬뽕건물
1919,평탄함,주출입구 접근로_실크로드
1920,단차없음,주출입구 접근로_실크로드
1921,유효폭 1.2m 이상,주출입구 접근로_실크로드
1922,기울기 1/18이하,주출입구 접근로_실크로드
1923,보/차도 구분,주출입구 접근로_실크로드
1924,총주차대수45,장애인 전용 주차구역_실크로드
1925,전용주차대수  1,장애인 전용 주차구역_실크로드
1926,출입구와 가까운 곳에 설치,장애인 전용 주차구역_실크로드
1927,크기 미 확보,장애인 전용 주차구역_실크로드
1928,안내표지판 설치,장애인 전용 주차구역_실크로드
1929,경사로 1/12초과 설치,주출입구 높이차이 제거_실크로드
1930,유효폭 1.2m 이상,주출입구 높이차이 제거_실크로드
1931,손잡이 미흡설치,주출입구 높이차이 제거_실크로드
1932,상세정보 없음,주출입구 접근로_왕짜장
1933,평탄함,주출입구 접근로_원챠우
1934,단차없음,주출입구 접근로_원챠우
1935,유효폭 1.2m 이상,주출입구 접근로_원챠우
1936,기울기 1/18이하,주출입구 접근로_원챠우
1937,보/차도 구분,주출입구 접근로_원챠우
1938,단차없음 또는 경사로 1/12이하 설치,주출입구 높이차이 제거_원챠우
1939,유효폭 1.2m 이상,주출입구 높이차이 제거_원챠우
1940,평탄함,주출입구 접근로_이화원
1941,단차없음,주출입구 접근로_이화원
1942,유효폭 1.2m 이상,주출입구 접근로_이화원
1943,기울기 1/18이하,주출입구 접근로_이화원
1944,보/차도 구분,주출입구 접근로_이화원
1945,상세정보 없음,장애인 전용 주차구역_이화원
1946,상세정보 없음,주출입구 접근로_철판해물손짜장
1947,총주차대수2,장애인 전용 주차구역_철판해물손짜장
1948,경사로 1/12초과 설치,주출입구 높이차이 제거_철판해물손짜장
1949,유효폭 1.2m 미만,주출입구 높이차이 제거_철판해물손짜장
1950,손잡이 설치,주출입구 높이차이 제거_철판해물손짜장
1951,평탄함,주출입구 접근로_타워차이
1952,단차없음,주출입구 접근로_타워차이
1953,유효폭 1.2m 이상,주출입구 접근로_타워차이
1954,기울기 1/18이하,주출입구 접근로_타워차이
1955,보/차도 구분,주출입구 접근로_타워차이
1956,상세정보 없음,장애인 전용 주차구역_타워차이
1957,출입구 및 피난통로와 가까운곳에 설치,장애인용 관람석_타워차이
1958,관람석 면적0.9*1.3m 이상,장애인용 관람석_타워차이
1959,좌석설치,장애인용 관람석_타워차이
1960,총주차대수20,장애인 전용 주차구역_하림각
1961,전용주차대수  6,장애인 전용 주차구역_하림각
1962,출입구와 가까운 곳에 설치,장애인 전용 주차구역_하림각
1963,크기 확보(3.3*5m),장애인 전용 주차구역_하림각
1964,안내표지판 설치,장애인 전용 주차구역_하림각
1965,단차없음 또는 경사로 1/12이하 설치,주출입구 높이차이 제거_하림각
1966,유효폭 1.2m 이상,주출입구 높이차이 제거_하림각
1967,평탄함,주출입구 접근로_희래등
1968,단차없음,주출입구 접근로_희래등
1969,유효폭 1.2m 이상,주출입구 접근로_희래등
1970,기울기 1/18~1/12이하,주출입구 접근로_희래등
1971,보/차도 구분,주출입구 접근로_희래등
1972,총주차대수20,장애인 전용 주차구역_희래등
1973,경사로 1/12초과 설치,주출입구 높이차이 제거_희래등
1974,유효폭 1.2m 이상,주출입구 높이차이 제거_희래등
1975,손잡이 설치,주출입구 높이차이 제거_희래등
1976,평탄함,주출입구 접근로_(주)에도긴
1977,단차없음,주출입구 접근로_(주)에도긴
1978,유효폭 1.2m 이상,주출입구 접근로_(주)에도긴
1979,기울기 1/18이하,주출입구 접근로_(주)에도긴
1980,보/차도 구분,주출입구 접근로_(주)에도긴
1981,총주차대수9,장애인 전용 주차구역_(주)에도긴
1982,단차없음 또는 경사로 1/12이하 설치,주출입구 높이차이 제거_(주)에도긴
1983,유효폭 1.2m 이상,주출입구 높이차이 제거_(주)에도긴
1984,평탄함,주출입구 접근로_강서수산
1985,단차없음,주출입구 접근로_강서수산
1986,유효폭 1.2m 이상,주출입구 접근로_강서수산
1987,기울기 1/18이하,주출입구 접근로_강서수산
1988,보/차도 구분,주출입구 접근로_강서수산
1989,총주차대수14,장애인 전용 주차구역_강서수산
1990,전용주차대수  1,장애인 전용 주차구역_강서수산
1991,출입구와 가까운 곳에 설치,장애인 전용 주차구역_강서수산
1992,크기 확보(3.3*5m),장애인 전용 주차구역_강서수산
1993,안내표지판 설치,장애인 전용 주차구역_강서수산
1994,평탄함,주출입구 접근로_경복궁삿뽀로
1995,단차없음,주출입구 접근로_경복궁삿뽀로
1996,유효폭 1.2m 이상,주출입구 접근로_경복궁삿뽀로
1997,기울기 1/18이하,주출입구 접근로_경복궁삿뽀로
1998,보/차도 구분없음,주출입구 접근로_경복궁삿뽀로
1999,총주차대수14,장애인 전용 주차구역_경복궁삿뽀로
2000,전용주차대수  1,장애인 전용 주차구역_경복궁삿뽀로
2001,출입구와 가까운 곳에 설치,장애인 전용 주차구역_경복궁삿뽀로
2002,크기 확보(3.3*5m),장애인 전용 주차구역_경복궁삿뽀로
2003,안내표지판 설치,장애인 전용 주차구역_경복궁삿뽀로
2004,단차없음 또는 경사로 1/12이하 설치,주출입구 높이차이 제거_경복궁삿뽀로
2005,유효폭 1.2m 이상,주출입구 높이차이 제거_경복궁삿뽀로
2006,손잡이 설치,주출입구 높이차이 제거_경복궁삿뽀로
2007,평탄함,주출입구 접근로_그물에걸린바다
2008,단차없음,주출입구 접근로_그물에걸린바다
2009,유효폭 1.2m 이상,주출입구 접근로_그물에걸린바다
2010,기울기 1/18~1/12이하,주출입구 접근로_그물에걸린바다
2011,보/차도 구분없음,주출입구 접근로_그물에걸린바다
2012,총주차대수36,장애인 전용 주차구역_그물에걸린바다
2013,단차없음 또는 경사로 1/12이하 설치,주출입구 높이차이 제거_그물에걸린바다
2014,유효폭 1.2m 이상,주출입구 높이차이 제거_그물에걸린바다
2015,평탄함,주출입구 접근로_금강수산
2016,단차없음,주출입구 접근로_금강수산
2017,유효폭 1.2m 이상,주출입구 접근로_금강수산
2018,기울기 1/18이하,주출입구 접근로_금강수산
2019,보/차도 구분,주출입구 접근로_금강수산
2020,평탄함,주출입구 접근로_마리온 크레페 Lozy
2021,단차없음,주출입구 접근로_마리온 크레페 Lozy
2022,유효폭 1.2m 이상,주출입구 접근로_마리온 크레페 Lozy
2023,기울기 1/18이하,주출입구 접근로_마리온 크레페 Lozy
2024,보/차도 구분,주출입구 접근로_마리온 크레페 Lozy
2025,총주차대수3,장애인 전용 주차구역_마리온 크레페 Lozy
2026,단차없음 또는 경사로 1/12이하 설치,주출입구 높이차이 제거_마리온 크레페 Lozy
2027,유효폭 1.2m 이상,주출입구 높이차이 제거_마리온 크레페 Lozy
2028,평탄함,주출입구 접근로_맑은바닷가의나루터
2029,단차없음,주출입구 접근로_맑은바닷가의나루터
2030,유효폭 1.2m 이상,주출입구 접근로_맑은바닷가의나루터
2031,기울기 1/18이하,주출입구 접근로_맑은바닷가의나루터
2032,보/차도 구분,주출입구 접근로_맑은바닷가의나루터
2033,총주차대수10,장애인 전용 주차구역_맑은바닷가의나루터
2034,평탄함,주출입구 접근로_미송샤브샤브
2035,단차없음,주출입구 접근로_미송샤브샤브
2036,유효폭 1.2m 이상,주출입구 접근로_미송샤브샤브
2037,기울기 1/18이하,주출입구 접근로_미송샤브샤브
2038,보/차도 구분없음,주출입구 접근로_미송샤브샤브
2039,총주차대수18,장애인 전용 주차구역_미송샤브샤브
2040,전용주차대수  2,장애인 전용 주차구역_미송샤브샤브
2041,출입구와 가까운 곳에 설치,장애인 전용 주차구역_미송샤브샤브
2042,크기 확보(3.3*5m),장애인 전용 주차구역_미송샤브샤브
2043,안내표지판 설치,장애인 전용 주차구역_미송샤브샤브
2044,단차없음 또는 경사로 1/12이하 설치,주출입구 높이차이 제거_미송샤브샤브
2045,유효폭 1.2m 이상,주출입구 높이차이 제거_미송샤브샤브
2046,평탄함,주출입구 접근로_바다회공원
2047,단차없음,주출입구 접근로_바다회공원
2048,유효폭 1.2m 이상,주출입구 접근로_바다회공원
2049,기울기 1/18이하,주출입구 접근로_바다회공원
2050,보/차도 구분없음,주출입구 접근로_바다회공원
2051,평탄함,주출입구 접근로_바다회공원음식점(청림빌딩)(제시카키친)
2052,단차없음,주출입구 접근로_바다회공원음식점(청림빌딩)(제시카키친)
2053,유효폭 1.2m 이상,주출입구 접근로_바다회공원음식점(청림빌딩)(제시카키친)
2054,기울기 1/18이하,주출입구 접근로_바다회공원음식점(청림빌딩)(제시카키친)
2055,보/차도 구분,주출입구 접근로_바다회공원음식점(청림빌딩)(제시카키친)
2056,총주차대수42,장애인 전용 주차구역_바다회공원음식점(청림빌딩)(제시카키친)
2057,전용주차대수  1,장애인 전용 주차구역_바다회공원음식점(청림빌딩)(제시카키친)
2058,출입구와 가까운 곳에 설치,장애인 전용 주차구역_바다회공원음식점(청림빌딩)(제시카키친)
2059,크기 확보(3.3*5m),장애인 전용 주차구역_바다회공원음식점(청림빌딩)(제시카키친)
2060,안내표지판 설치,장애인 전용 주차구역_바다회공원음식점(청림빌딩)(제시카키친)
2061,단차없음 또는 경사로 1/12이하 설치,주출입구 높이차이 제거_바다회공원음식점(청림빌딩)(제시카키친)
2062,유효폭 1.2m 이상,주출입구 높이차이 제거_바다회공원음식점(청림빌딩)(제시카키친)
2063,손잡이 설치,주출입구 높이차이 제거_바다회공원음식점(청림빌딩)(제시카키친)
2064,평탄함,주출입구 접근로_별난횟집
2065,단차없음,주출입구 접근로_별난횟집
2066,유효폭 1.2m 이상,주출입구 접근로_별난횟집
2067,기울기 1/18이하,주출입구 접근로_별난횟집
2068,보/차도 구분,주출입구 접근로_별난횟집
2069,총주차대수4,장애인 전용 주차구역_별난횟집
2070,평탄함,주출입구 접근로_삼경바다
2071,단차없음,주출입구 접근로_삼경바다
2072,유효폭 1.2m 이상,주출입구 접근로_삼경바다
2073,기울기 1/18이하,주출입구 접근로_삼경바다
2074,보/차도 구분,주출입구 접근로_삼경바다
2075,총주차대수4,장애인 전용 주차구역_삼경바다
2076,단차없음 또는 경사로 1/12이하 설치,주출입구 높이차이 제거_삼경바다
2077,유효폭 1.2m 이상,주출입구 높이차이 제거_삼경바다
2078,평탄함,주출입구 접근로_샤르르 샤브샤브
2079,단차없음,주출입구 접근로_샤르르 샤브샤브
2080,유효폭 1.2m 이상,주출입구 접근로_샤르르 샤브샤브
2081,기울기 1/18이하,주출입구 접근로_샤르르 샤브샤브
2082,보/차도 구분,주출입구 접근로_샤르르 샤브샤브
2083,총주차대수12,장애인 전용 주차구역_샤르르 샤브샤브
2084,전용주차대수  1,장애인 전용 주차구역_샤르르 샤브샤브
2085,출입구와 가까운 곳에 설치,장애인 전용 주차구역_샤르르 샤브샤브
2086,크기 확보(3.3*5m),장애인 전용 주차구역_샤르르 샤브샤브
2087,안내표지판 설치,장애인 전용 주차구역_샤르르 샤브샤브
2088,단차없음 또는 경사로 1/12이하 설치,주출입구 높이차이 제거_샤르르 샤브샤브
2089,유효폭 1.2m 이상,주출입구 높이차이 제거_샤르르 샤브샤브
2090,손잡이 설치,주출입구 높이차이 제거_샤르르 샤브샤브
2091,상세정보 없음,주출입구 접근로_샤브궁샤브가
2092,평탄함,주출입구 접근로_씨푸드 대림점
2093,단차없음,주출입구 접근로_씨푸드 대림점
2094,유효폭 1.2m 이상,주출입구 접근로_씨푸드 대림점
2095,기울기 1/18이하,주출입구 접근로_씨푸드 대림점
2096,보/차도 구분,주출입구 접근로_씨푸드 대림점
2097,총주차대수23,장애인 전용 주차구역_씨푸드 대림점
2098,전용주차대수  1,장애인 전용 주차구역_씨푸드 대림점
2099,출입구와 가까운 곳에 설치,장애인 전용 주차구역_씨푸드 대림점
2100,크기 확보(3.3*5m),장애인 전용 주차구역_씨푸드 대림점
2101,안내표지판 설치,장애인 전용 주차구역_씨푸드 대림점
2102,단차없음 또는 경사로 1/12이하 설치,주출입구 높이차이 제거_씨푸드 대림점
2103,유효폭 1.2m 이상,주출입구 높이차이 제거_씨푸드 대림점
2104,손잡이 설치,주출입구 높이차이 제거_씨푸드 대림점
2105,평탄함,주출입구 접근로_아사달횟집
2106,단차없음,주출입구 접근로_아사달횟집
2107,유효폭 1.2m 이상,주출입구 접근로_아사달횟집
2108,기울기 1/18이하,주출입구 접근로_아사달횟집
2109,보/차도 구분없음,주출입구 접근로_아사달횟집
2110,단차없음 또는 경사로 1/12이하 설치,주출입구 높이차이 제거_아사달횟집
2111,유효폭 1.2m 이상,주출입구 높이차이 제거_아사달횟집
2112,손잡이 설치,주출입구 높이차이 제거_아사달횟집
2113,평탄함,주출입구 접근로_아지코우보
2114,단차없음,주출입구 접근로_아지코우보
2115,유효폭 1.2m 이상,주출입구 접근로_아지코우보
2116,기울기 1/18이하,주출입구 접근로_아지코우보
2117,보/차도 구분,주출입구 접근로_아지코우보
2118,총주차대수3,장애인 전용 주차구역_아지코우보
2119,단차없음 또는 경사로 1/12이하 설치,주출입구 높이차이 제거_아지코우보
2120,유효폭 1.2m 이상,주출입구 높이차이 제거_아지코우보
2121,평탄함,주출입구 접근로_어부박씨
2122,단차없음,주출입구 접근로_어부박씨
2123,유효폭 1.2m 이상,주출입구 접근로_어부박씨
2124,기울기 1/18이하,주출입구 접근로_어부박씨
2125,보/차도 구분없음,주출입구 접근로_어부박씨
2126,평탄함,주출입구 접근로_이춘복참치
2127,단차없음,주출입구 접근로_이춘복참치
2128,유효폭 1.2m 이상,주출입구 접근로_이춘복참치
2129,기울기 1/18이하,주출입구 접근로_이춘복참치
2130,보/차도 구분없음,주출입구 접근로_이춘복참치
2131,단차없음 또는 경사로 1/12이하 설치,주출입구 높이차이 제거_이춘복참치
2132,유효폭 1.2m 이상,주출입구 높이차이 제거_이춘복참치
2133,평탄함,주출입구 접근로_일반음식점(삿뽀로)
2134,단차없음,주출입구 접근로_일반음식점(삿뽀로)
2135,유효폭 1.2m 이상,주출입구 접근로_일반음식점(삿뽀로)
2136,기울기 1/18이하,주출입구 접근로_일반음식점(삿뽀로)
2137,보/차도 구분,주출입구 접근로_일반음식점(삿뽀로)
2138,총주차대수31,장애인 전용 주차구역_일반음식점(삿뽀로)
2139,전용주차대수  1,장애인 전용 주차구역_일반음식점(삿뽀로)
2140,출입구와 가까운 곳에 설치,장애인 전용 주차구역_일반음식점(삿뽀로)
2141,크기 확보(3.3*5m),장애인 전용 주차구역_일반음식점(삿뽀로)
2142,안내표지판 설치,장애인 전용 주차구역_일반음식점(삿뽀로)
2143,단차없음 또는 경사로 1/12이하 설치,주출입구 높이차이 제거_일반음식점(삿뽀로)
2144,유효폭 1.2m 이상,주출입구 높이차이 제거_일반음식점(삿뽀로)
2145,손잡이 설치,주출입구 높이차이 제거_일반음식점(삿뽀로)
2146,상세정보 없음,주출입구 접근로_일식미진(일반음식점)
2147,총주차대수8,장애인 전용 주차구역_일식미진(일반음식점)
2148,전용주차대수  1,장애인 전용 주차구역_일식미진(일반음식점)
2149,출입구와 가까운 곳에 설치,장애인 전용 주차구역_일식미진(일반음식점)
2150,크기 확보(3.3*5m),장애인 전용 주차구역_일식미진(일반음식점)
2151,안내표지판 설치,장애인 전용 주차구역_일식미진(일반음식점)
2152,경사로 1/12초과 설치,주출입구 높이차이 제거_일식미진(일반음식점)
2153,유효폭 1.2m 이상,주출입구 높이차이 제거_일식미진(일반음식점)
2154,상세정보 없음,주출입구 접근로_정동진회집 하계점
2155,상세정보 없음,장애인 전용 주차구역_정동진회집 하계점
2156,평탄함,주출입구 접근로_참치박사
2157,단차없음,주출입구 접근로_참치박사
2158,유효폭 1.2m 이상,주출입구 접근로_참치박사
2159,기울기 1/18이하,주출입구 접근로_참치박사
2160,보/차도 구분,주출입구 접근로_참치박사
2161,상세정보 없음,장애인 전용 주차구역_참치박사
2162,상세정보 없음,주출입구 접근로_청량리쇠고기샤브샤브
2163,총주차대수2,장애인 전용 주차구역_청량리쇠고기샤브샤브
2164,경사로 1/12초과 설치,주출입구 높이차이 제거_청량리쇠고기샤브샤브
2165,평탄함,주출입구 접근로_청해수산회천하통일
2166,단차없음,주출입구 접근로_청해수산회천하통일
2167,유효폭 1.2m 이상,주출입구 접근로_청해수산회천하통일
2168,기울기 1/18이하,주출입구 접근로_청해수산회천하통일
2169,보/차도 구분,주출입구 접근로_청해수산회천하통일
2170,총주차대수12,장애인 전용 주차구역_청해수산회천하통일
2171,평탄함,주출입구 접근로_킹스(북해도)
2172,단차없음,주출입구 접근로_킹스(북해도)
2173,유효폭 1.2m 이상,주출입구 접근로_킹스(북해도)
2174,기울기 1/18이하,주출입구 접근로_킹스(북해도)
2175,보/차도 구분,주출입구 접근로_킹스(북해도)
2176,총주차대수17,장애인 전용 주차구역_킹스(북해도)
2177,상세정보 없음,주출입구 접근로_해성회수산
2178,총주차대수3,장애인 전용 주차구역_해성회수산
2179,평탄함,주출입구 접근로_호면당(조은빌딩)
2180,단차없음,주출입구 접근로_호면당(조은빌딩)
2181,유효폭 1.2m 이상,주출입구 접근로_호면당(조은빌딩)
2182,기울기 1/18이하,주출입구 접근로_호면당(조은빌딩)
2183,보/차도 구분,주출입구 접근로_호면당(조은빌딩)
2184,단차없음 또는 경사로 1/12이하 설치,주출입구 높이차이 제거_호면당(조은빌딩)
2185,유효폭 1.2m 이상,주출입구 높이차이 제거_호면당(조은빌딩)
2186,평탄함,주출입구 접근로_희전샤브샤브
2187,단차없음,주출입구 접근로_희전샤브샤브
2188,유효폭 1.2m 이상,주출입구 접근로_희전샤브샤브
2189,기울기 1/18이하,주출입구 접근로_희전샤브샤브
2190,보/차도 구분,주출입구 접근로_희전샤브샤브
2191,총주차대수25,장애인 전용 주차구역_희전샤브샤브
2192,전용주차대수  1,장애인 전용 주차구역_희전샤브샤브
2193,출입구와 가까운 곳에 설치,장애인 전용 주차구역_희전샤브샤브
2194,크기 미 확보,장애인 전용 주차구역_희전샤브샤브
2195,안내표지판 미설치,장애인 전용 주차구역_희전샤브샤브
2196,단차없음 또는 경사로 1/12이하 설치,주출입구 높이차이 제거_희전샤브샤브
2197,유효폭 1.2m 미만,주출입구 높이차이 제거_희전샤브샤브
2198,손잡이 미흡설치,주출입구 높이차이 제거_희전샤브샤브
2199,평탄함,주출입구 접근로_(주) 씨머스
2200,단차없음,주출입구 접근로_(주) 씨머스
2201,유효폭 1.2m 이상,주출입구 접근로_(주) 씨머스
2202,기울기 1/18이하,주출입구 접근로_(주) 씨머스
2203,보/차도 구분,주출입구 접근로_(주) 씨머스
2204,총주차대수22,장애인 전용 주차구역_(주) 씨머스
2205,전용주차대수  1,장애인 전용 주차구역_(주) 씨머스
2206,출입구와 가까운 곳에 설치,장애인 전용 주차구역_(주) 씨머스
2207,크기 확보(3.3*5m),장애인 전용 주차구역_(주) 씨머스
2208,안내표지판 설치,장애인 전용 주차구역_(주) 씨머스
2209,단차없음 또는 경사로 1/12이하 설치,주출입구 높이차이 제거_(주) 씨머스
2210,유효폭 1.2m 이상,주출입구 높이차이 제거_(주) 씨머스
2211,상세정보 없음,주출입구 접근로_2층에오렌지룸(일반음식점)-호프&요리주점
2212,상세정보 없음,장애인 전용 주차구역_2층에오렌지룸(일반음식점)-호프&요리주점
2213,단차없음 또는 경사로 1/12이하 설치,주출입구 높이차이 제거_2층에오렌지룸(일반음식점)-호프&요리주점
2214,유효폭 1.2m 이상,주출입구 높이차이 제거_2층에오렌지룸(일반음식점)-호프&요리주점
2215,상세정보 없음,주출입구 접근로_AB엔터테인먼트-연예기획사
2216,총주차대수8,장애인 전용 주차구역_AB엔터테인먼트-연예기획사
2217,단차없음 또는 경사로 1/12이하 설치,주출입구 높이차이 제거_AB엔터테인먼트-연예기획사
2218,유효폭 1.2m 이상,주출입구 높이차이 제거_AB엔터테인먼트-연예기획사
2219,평탄함,주출입구 접근로_Amazing B/D
2220,단차없음,주출입구 접근로_Amazing B/D
2221,유효폭 1.2m 이상,주출입구 접근로_Amazing B/D
2222,기울기 1/18이하,주출입구 접근로_Amazing B/D
2223,보/차도 구분없음,주출입구 접근로_Amazing B/D
2224,총주차대수45,장애인 전용 주차구역_Amazing B/D
2225,전용주차대수  1,장애인 전용 주차구역_Amazing B/D
2226,출입구와 가까운 곳에 설치,장애인 전용 주차구역_Amazing B/D
2227,크기 확보(3.3*5m),장애인 전용 주차구역_Amazing B/D
2228,안내표지판 설치,장애인 전용 주차구역_Amazing B/D
2229,평탄함,주출입구 접근로_CULISSU GAIA
2230,단차없음,주출입구 접근로_CULISSU GAIA
2231,유효폭 1.2m 이상,주출입구 접근로_CULISSU GAIA
2232,기울기 1/18이하,주출입구 접근로_CULISSU GAIA
2233,보/차도 구분,주출입구 접근로_CULISSU GAIA
2234,총주차대수9,장애인 전용 주차구역_CULISSU GAIA
2235,총주차대수25,장애인 전용 주차구역_GASTRO PUB-주점
2236,전용주차대수  1,장애인 전용 주차구역_GASTRO PUB-주점
2237,출입구와 가까운 곳에 설치,장애인 전용 주차구역_GASTRO PUB-주점
2238,크기 확보(3.3*5m),장애인 전용 주차구역_GASTRO PUB-주점
2239,안내표지판 설치,장애인 전용 주차구역_GASTRO PUB-주점
2240,단차없음 또는 경사로 1/12이하 설치,주출입구 높이차이 제거_GASTRO PUB-주점
2241,유효폭 1.2m 이상,주출입구 높이차이 제거_GASTRO PUB-주점
2242,평탄함,주출입구 접근로_Love Affair
2243,단차없음,주출입구 접근로_Love Affair
2244,유효폭 1.2m 이상,주출입구 접근로_Love Affair
2245,기울기 1/18이하,주출입구 접근로_Love Affair
2246,보/차도 구분,주출입구 접근로_Love Affair
2247,단차없음 또는 경사로 1/12이하 설치,주출입구 높이차이 제거_Love Affair
2248,유효폭 1.2m 이상,주출입구 높이차이 제거_Love Affair
2249,손잡이 설치,주출입구 높이차이 제거_Love Affair
2250,평탄함,주출입구 접근로_MUG FOR RABBIT-카페
2251,단차없음,주출입구 접근로_MUG FOR RABBIT-카페
2252,유효폭 1.2m 이상,주출입구 접근로_MUG FOR RABBIT-카페
2253,기울기 1/18이하,주출입구 접근로_MUG FOR RABBIT-카페
2254,보/차도 구분,주출입구 접근로_MUG FOR RABBIT-카페
2255,총주차대수4,장애인 전용 주차구역_MUG FOR RABBIT-카페
2256,단차없음 또는 경사로 1/12이하 설치,주출입구 높이차이 제거_MUG FOR RABBIT-카페
2257,유효폭 1.2m 이상,주출입구 높이차이 제거_MUG FOR RABBIT-카페
2258,평탄함,주출입구 접근로_SK허브진
2259,단차없음,주출입구 접근로_SK허브진
2260,유효폭 1.2m 이상,주출입구 접근로_SK허브진
2261,기울기 1/18이하,주출입구 접근로_SK허브진
2262,보/차도 구분,주출입구 접근로_SK허브진
2263,총주차대수240,장애인 전용 주차구역_SK허브진
2264,전용주차대수  6,장애인 전용 주차구역_SK허브진
2265,출입구와 가까운 곳에 설치,장애인 전용 주차구역_SK허브진
2266,크기 확보(3.3*5m),장애인 전용 주차구역_SK허브진
2267,안내표지판 설치,장애인 전용 주차구역_SK허브진
2268,평탄함,주출입구 접근로_Table 2425
2269,단차없음,주출입구 접근로_Table 2425
2270,유효폭 1.2m 이상,주출입구 접근로_Table 2425
2271,기울기 1/18이하,주출입구 접근로_Table 2425
2272,보/차도 구분,주출입구 접근로_Table 2425
2273,총주차대수5,장애인 전용 주차구역_WA BAR
2274,상세정보 없음,주출입구 접근로_coffeesmith(휴게음식점)
2275,상세정보 없음,장애인 전용 주차구역_coffeesmith(휴게음식점)
2276,상세정보 없음,주출입구 접근로_enjoy taste & service
2277,총주차대수60,장애인 전용 주차구역_enjoy taste & service
2278,전용주차대수  3,장애인 전용 주차구역_enjoy taste & service
2279,출입구와 가까운 곳에 설치,장애인 전용 주차구역_enjoy taste & service
2280,크기 확보(3.3*5m),장애인 전용 주차구역_enjoy taste & service
2281,안내표지판 설치,장애인 전용 주차구역_enjoy taste & service
2282,단차없음 또는 경사로 1/12이하 설치,주출입구 높이차이 제거_enjoy taste & service
2283,유효폭 1.2m 이상,주출입구 높이차이 제거_enjoy taste & service
2284,평탄함,주출입구 접근로_gs25-편의점
2285,단차없음,주출입구 접근로_gs25-편의점
2286,유효폭 1.2m 이상,주출입구 접근로_gs25-편의점
2287,기울기 1/18이하,주출입구 접근로_gs25-편의점
2288,보/차도 구분,주출입구 접근로_gs25-편의점
2289,상세정보 없음,장애인 전용 주차구역_gs25-편의점
2290,평탄함,주출입구 접근로_wellz-가구판매
2291,단차없음,주출입구 접근로_wellz-가구판매
2292,유효폭 1.2m 이상,주출입구 접근로_wellz-가구판매
2293,기울기 1/18이하,주출입구 접근로_wellz-가구판매
2294,보/차도 구분,주출입구 접근로_wellz-가구판매
2295,총주차대수6,장애인 전용 주차구역_wellz-가구판매
2296,단차없음 또는 경사로 1/12이하 설치,주출입구 높이차이 제거_wellz-가구판매
2297,유효폭 1.2m 이상,주출입구 높이차이 제거_wellz-가구판매
2298,상세정보 없음,주출입구 접근로_㈜젠 하이더 웨이-동남아음식
2299,총주차대수4,장애인 전용 주차구역_㈜젠 하이더 웨이-동남아음식
2300,평탄함,주출입구 접근로_㈜청담안
2301,단차없음,주출입구 접근로_㈜청담안
2302,유효폭 1.2m 이상,주출입구 접근로_㈜청담안
2303,기울기 1/18이하,주출입구 접근로_㈜청담안
2304,보/차도 구분,주출입구 접근로_㈜청담안
2305,총주차대수3,장애인 전용 주차구역_㈜청담안
2306,평탄함,주출입구 접근로_갤러리 시간
2307,단차없음,주출입구 접근로_갤러리 시간
2308,유효폭 1.2m 이상,주출입구 접근로_갤러리 시간
2309,기울기 1/18~1/12이하,주출입구 접근로_갤러리 시간
2310,보/차도 구분,주출입구 접근로_갤러리 시간
2311,단차없음 또는 경사로 1/12이하 설치,주출입구 높이차이 제거_갤러리 시간
2312,유효폭 1.2m 이상,주출입구 높이차이 제거_갤러리 시간
2313,평탄함,주출입구 접근로_골든너겟
2314,단차없음,주출입구 접근로_골든너겟
2315,유효폭 1.2m 이상,주출입구 접근로_골든너겟
2316,기울기 1/18이하,주출입구 접근로_골든너겟
2317,보/차도 구분,주출입구 접근로_골든너겟
2318,총주차대수13,장애인 전용 주차구역_골든너겟
2319,전용주차대수  1,장애인 전용 주차구역_골든너겟
2320,출입구와 가까운 곳에 설치,장애인 전용 주차구역_골든너겟
2321,크기 확보(3.3*5m),장애인 전용 주차구역_골든너겟
2322,안내표지판 설치,장애인 전용 주차구역_골든너겟
2323,단차없음 또는 경사로 1/12이하 설치,주출입구 높이차이 제거_골든너겟
2324,유효폭 1.2m 이상,주출입구 높이차이 제거_골든너겟
2325,평탄함,주출입구 접근로_곰씨네(씨크랩건물)
2326,단차없음,주출입구 접근로_곰씨네(씨크랩건물)
2327,유효폭 1.2m 이상,주출입구 접근로_곰씨네(씨크랩건물)
2328,기울기 1/18이하,주출입구 접근로_곰씨네(씨크랩건물)
2329,보/차도 구분없음,주출입구 접근로_곰씨네(씨크랩건물)
2330,평탄함,주출입구 접근로_나무그늘-카페
2331,단차없음,주출입구 접근로_나무그늘-카페
2332,유효폭 1.2m 이상,주출입구 접근로_나무그늘-카페
2333,기울기 1/18이하,주출입구 접근로_나무그늘-카페
2334,보/차도 구분없음,주출입구 접근로_나무그늘-카페
2335,상세정보 없음,주출입구 접근로_넘버원-호프&요리주점
2336,상세정보 없음,장애인 전용 주차구역_넘버원-호프&요리주점
2337,상세정보 없음,주출입구 접근로_농부의아들
2338,상세정보 없음,장애인 전용 주차구역_농부의아들
2339,평탄함,주출입구 접근로_대원
2340,단차없음,주출입구 접근로_대원
2341,유효폭 1.2m 이상,주출입구 접근로_대원
2342,기울기 1/18이하,주출입구 접근로_대원
2343,보/차도 구분,주출입구 접근로_대원
2344,총주차대수8,장애인 전용 주차구역_대원
2345,단차없음 또는 경사로 1/12이하 설치,주출입구 높이차이 제거_대원
2346,유효폭 1.2m 이상,주출입구 높이차이 제거_대원
2347,상세정보 없음,주출입구 접근로_대학로바탕골
2348,상세정보 없음,장애인 전용 주차구역_대학로바탕골
2349,경사로 1/12초과 설치,주출입구 높이차이 제거_대학로바탕골
2350,유효폭 1.2m 이상,주출입구 높이차이 제거_대학로바탕골
2351,손잡이 미흡설치,주출입구 높이차이 제거_대학로바탕골
2352,평탄함,주출입구 접근로_더캣츠
2353,단차없음,주출입구 접근로_더캣츠
2354,유효폭 1.2m 이상,주출입구 접근로_더캣츠
2355,기울기 1/18이하,주출입구 접근로_더캣츠
2356,보/차도 구분,주출입구 접근로_더캣츠
2357,단차없음 또는 경사로 1/12이하 설치,주출입구 높이차이 제거_더캣츠
2358,유효폭 1.2m 이상,주출입구 높이차이 제거_더캣츠
2359,손잡이 설치,주출입구 높이차이 제거_더캣츠
2360,평탄함,주출입구 접근로_동원F&B
2361,단차없음,주출입구 접근로_동원F&B
2362,유효폭 1.2m 이상,주출입구 접근로_동원F&B
2363,기울기 1/18이하,주출입구 접근로_동원F&B
2364,보/차도 구분,주출입구 접근로_동원F&B
2365,총주차대수224,장애인 전용 주차구역_동원F&B
2366,전용주차대수  1,장애인 전용 주차구역_동원F&B
2367,출입구와 가까운 곳에 설치,장애인 전용 주차구역_동원F&B
2368,크기 확보(3.3*5m),장애인 전용 주차구역_동원F&B
2369,안내표지판 설치,장애인 전용 주차구역_동원F&B
2370,경사로 1/12초과 설치,주출입구 높이차이 제거_동원F&B
2371,유효폭 1.2m 이상,주출입구 높이차이 제거_동원F&B
2372,손잡이 설치,주출입구 높이차이 제거_동원F&B
2373,상세정보 없음,주출입구 접근로_동원빌딩(근린생활시설)
2374,상세정보 없음,장애인 전용 주차구역_동원빌딩(근린생활시설)
2375,단차없음 또는 경사로 1/12이하 설치,주출입구 높이차이 제거_동원빌딩(근린생활시설)
2376,유효폭 1.2m 이상,주출입구 높이차이 제거_동원빌딩(근린생활시설)
2377,총주차대수17,장애인 전용 주차구역_두울빌딩
2378,경사로 1/12초과 설치,주출입구 높이차이 제거_두울빌딩
2379,유효폭 1.2m 미만,주출입구 높이차이 제거_두울빌딩
2380,상세정보 없음,주출입구 접근로_둠벙(현:수리수리)-요리&주점
2381,총주차대수3,장애인 전용 주차구역_둠벙(현:수리수리)-요리&주점
2382,총주차대수22,장애인 전용 주차구역_라부미텔
2383,전용주차대수  1,장애인 전용 주차구역_라부미텔
2384,출입구와 가까운 곳에 설치,장애인 전용 주차구역_라부미텔
2385,크기 확보(3.3*5m),장애인 전용 주차구역_라부미텔
2386,안내표지판 설치,장애인 전용 주차구역_라부미텔
2387,단차없음 또는 경사로 1/12이하 설치,주출입구 높이차이 제거_라부미텔
2388,유효폭 1.2m 미만,주출입구 높이차이 제거_라부미텔
2389,평탄함,주출입구 접근로_라운드-칵테일바
2390,단차없음,주출입구 접근로_라운드-칵테일바
2391,유효폭 1.2m 이상,주출입구 접근로_라운드-칵테일바
2392,기울기 1/18이하,주출입구 접근로_라운드-칵테일바
2393,보/차도 구분,주출입구 접근로_라운드-칵테일바
2394,총주차대수4,장애인 전용 주차구역_라운드-칵테일바
2395,평탄함,주출입구 접근로_렉스모터스-자동차판매점
2396,단차없음,주출입구 접근로_렉스모터스-자동차판매점
2397,유효폭 1.2m 이상,주출입구 접근로_렉스모터스-자동차판매점
2398,기울기 1/18이하,주출입구 접근로_렉스모터스-자동차판매점
2399,보/차도 구분,주출입구 접근로_렉스모터스-자동차판매점
2400,총주차대수6,장애인 전용 주차구역_렉스모터스-자동차판매점
2401,경사로 1/12초과 설치,주출입구 높이차이 제거_렉스모터스-자동차판매점
2402,유효폭 1.2m 이상,주출입구 높이차이 제거_렉스모터스-자동차판매점
2403,가로조작반 설치,장애인용 승강기_렉스모터스-자동차판매점
2404,버튼점자 설치,장애인용 승강기_렉스모터스-자동차판매점
2405,점자블록 설치,장애인용 승강기_렉스모터스-자동차판매점
2406,음성안내 설치,장애인용 승강기_렉스모터스-자동차판매점
2407,점멸등 설치,장애인용 승강기_렉스모터스-자동차판매점
2408,평탄함,주출입구 접근로_로얄더비랜드
2409,단차없음,주출입구 접근로_로얄더비랜드
2410,유효폭 1.2m 이상,주출입구 접근로_로얄더비랜드
2411,기울기 1/18이하,주출입구 접근로_로얄더비랜드
2412,보/차도 구분,주출입구 접근로_로얄더비랜드
2413,상세정보 없음,장애인 전용 주차구역_로얄더비랜드
2414,단차없음 또는 경사로 1/12이하 설치,주출입구 높이차이 제거_로얄더비랜드
2415,유효폭 1.2m 이상,주출입구 높이차이 제거_로얄더비랜드
2416,평탄함,주출입구 접근로_뢰벤호프
2417,단차없음,주출입구 접근로_뢰벤호프
2418,유효폭 1.2m 이상,주출입구 접근로_뢰벤호프
2419,기울기 1/18이하,주출입구 접근로_뢰벤호프
2420,보/차도 구분없음,주출입구 접근로_뢰벤호프
2421,상세정보 없음,장애인 전용 주차구역_뢰벤호프
2422,단차없음 또는 경사로 1/12이하 설치,주출입구 높이차이 제거_뢰벤호프
2423,유효폭 1.2m 이상,주출입구 높이차이 제거_뢰벤호프
2424,상세정보 없음,주출입구 접근로_마법의 성(일반음식점)
2425,총주차대수2,장애인 전용 주차구역_마법의 성(일반음식점)
2426,단차없음 또는 경사로 1/12이하 설치,주출입구 높이차이 제거_마법의 성(일반음식점)
2427,유효폭 1.2m 이상,주출입구 높이차이 제거_마법의 성(일반음식점)
2428,상세정보 없음,주출입구 접근로_멀티하우스리빙텔-고시원
2429,상세정보 없음,장애인 전용 주차구역_멀티하우스리빙텔-고시원
2430,평탄함,주출입구 접근로_메종르베이지-카페
2431,단차없음,주출입구 접근로_메종르베이지-카페
2432,유효폭 1.2m 이상,주출입구 접근로_메종르베이지-카페
2433,기울기 1/18이하,주출입구 접근로_메종르베이지-카페
2434,보/차도 구분,주출입구 접근로_메종르베이지-카페
2435,총주차대수45,장애인 전용 주차구역_메종르베이지-카페
2436,전용주차대수  3,장애인 전용 주차구역_메종르베이지-카페
2437,출입구와 가까운 곳에 설치,장애인 전용 주차구역_메종르베이지-카페
2438,크기 확보(3.3*5m),장애인 전용 주차구역_메종르베이지-카페
2439,안내표지판 설치,장애인 전용 주차구역_메종르베이지-카페
2440,평탄함,주출입구 접근로_무스쿠스(도화타워)
2441,단차없음,주출입구 접근로_무스쿠스(도화타워)
2442,유효폭 1.2m 이상,주출입구 접근로_무스쿠스(도화타워)
2443,기울기 1/18이하,주출입구 접근로_무스쿠스(도화타워)
2444,보/차도 구분,주출입구 접근로_무스쿠스(도화타워)
2445,총주차대수192,장애인 전용 주차구역_무스쿠스(도화타워)
2446,전용주차대수  4,장애인 전용 주차구역_무스쿠스(도화타워)
2447,출입구와 가까운 곳에 설치,장애인 전용 주차구역_무스쿠스(도화타워)
2448,크기 확보(3.3*5m),장애인 전용 주차구역_무스쿠스(도화타워)
2449,안내표지판 설치,장애인 전용 주차구역_무스쿠스(도화타워)
2450,단차없음 또는 경사로 1/12이하 설치,주출입구 높이차이 제거_무스쿠스(도화타워)
2451,유효폭 1.2m 이상,주출입구 높이차이 제거_무스쿠스(도화타워)
2452,평탄함,주출입구 접근로_민들레영토
2453,단차없음,주출입구 접근로_민들레영토
2454,유효폭 1.2m 이상,주출입구 접근로_민들레영토
2455,기울기 1/18이하,주출입구 접근로_민들레영토
2456,보/차도 구분,주출입구 접근로_민들레영토
2457,상세정보 없음,장애인 전용 주차구역_민들레영토
2458,경사로 1/12초과 설치,주출입구 높이차이 제거_민들레영토
2459,유효폭 1.2m 이상,주출입구 높이차이 제거_민들레영토
2460,손잡이 설치,주출입구 높이차이 제거_민들레영토
2461,평탄함,"주출입구 접근로_밀러타임(지하1,지상2,3,4층)-호프"
2462,단차없음,"주출입구 접근로_밀러타임(지하1,지상2,3,4층)-호프"
2463,유효폭 1.2m 이상,"주출입구 접근로_밀러타임(지하1,지상2,3,4층)-호프"
2464,기울기 1/18이하,"주출입구 접근로_밀러타임(지하1,지상2,3,4층)-호프"
2465,보/차도 구분,"주출입구 접근로_밀러타임(지하1,지상2,3,4층)-호프"
2466,평탄함,주출입구 접근로_베아따빌딩신관
2467,단차없음,주출입구 접근로_베아따빌딩신관
2468,유효폭 1.2m 이상,주출입구 접근로_베아따빌딩신관
2469,기울기 1/18이하,주출입구 접근로_베아따빌딩신관
2470,보/차도 구분,주출입구 접근로_베아따빌딩신관
2471,상세정보 없음,장애인 전용 주차구역_베아따빌딩신관
2472,상세정보 없음,주출입구 접근로_보보-카페
2473,총주차대수6,장애인 전용 주차구역_보보-카페
2474,전용주차대수  1,장애인 전용 주차구역_보보-카페
2475,출입구와 가까운 곳에 설치,장애인 전용 주차구역_보보-카페
2476,크기 확보(3.3*5m),장애인 전용 주차구역_보보-카페
2477,안내표지판 미설치,장애인 전용 주차구역_보보-카페
2478,단차없음 또는 경사로 1/12이하 설치,주출입구 높이차이 제거_보보-카페
2479,유효폭 1.2m 이상,주출입구 높이차이 제거_보보-카페
2480,평탄함,주출입구 접근로_보보리스-미용실
2481,단차없음,주출입구 접근로_보보리스-미용실
2482,유효폭 1.2m 이상,주출입구 접근로_보보리스-미용실
2483,기울기 1/18이하,주출입구 접근로_보보리스-미용실
2484,보/차도 구분,주출입구 접근로_보보리스-미용실
2485,총주차대수8,장애인 전용 주차구역_보보리스-미용실
2486,상세정보 없음,주출입구 접근로_볼트82
2487,총주차대수4,장애인 전용 주차구역_볼트82
2488,평탄함,주출입구 접근로_사이공 스픈 32-동남아음식
2489,단차없음,주출입구 접근로_사이공 스픈 32-동남아음식
2490,유효폭 1.2m 이상,주출입구 접근로_사이공 스픈 32-동남아음식
2491,기울기 1/18이하,주출입구 접근로_사이공 스픈 32-동남아음식
2492,보/차도 구분,주출입구 접근로_사이공 스픈 32-동남아음식
2493,총주차대수4,장애인 전용 주차구역_사이공 스픈 32-동남아음식
2494,단차없음 또는 경사로 1/12이하 설치,주출입구 높이차이 제거_사이공 스픈 32-동남아음식
2495,유효폭 1.2m 이상,주출입구 높이차이 제거_사이공 스픈 32-동남아음식
2496,평탄함,주출입구 접근로_샬롬빌
2497,단차없음,주출입구 접근로_샬롬빌
2498,유효폭 1.2m 이상,주출입구 접근로_샬롬빌
2499,기울기 1/18이하,주출입구 접근로_샬롬빌
2500,보/차도 구분,주출입구 접근로_샬롬빌
2501,총주차대수8,장애인 전용 주차구역_샬롬빌
2502,단차없음 또는 경사로 1/12이하 설치,주출입구 높이차이 제거_샬롬빌
2503,유효폭 1.2m 이상,주출입구 높이차이 제거_샬롬빌
2504,총주차대수8,장애인 전용 주차구역_서광폴리머
2505,단차없음 또는 경사로 1/12이하 설치,주출입구 높이차이 제거_서광폴리머
2506,유효폭 1.2m 이상,주출입구 높이차이 제거_서광폴리머
2507,손잡이 설치,주출입구 높이차이 제거_서광폴리머
2508,상세정보 없음,장애인 전용 주차구역_석천(근린생활시설)
2509,경사로 1/12초과 설치,주출입구 높이차이 제거_석천(근린생활시설)
2510,유효폭 1.2m 이상,주출입구 높이차이 제거_석천(근린생활시설)
2511,평탄함,주출입구 접근로_세븐몽키스(금원빌딩)
2512,단차없음,주출입구 접근로_세븐몽키스(금원빌딩)
2513,유효폭 1.2m 이상,주출입구 접근로_세븐몽키스(금원빌딩)
2514,기울기 1/18이하,주출입구 접근로_세븐몽키스(금원빌딩)
2515,보/차도 구분,주출입구 접근로_세븐몽키스(금원빌딩)
2516,총주차대수4,장애인 전용 주차구역_세븐몽키스(금원빌딩)
2517,상세정보 없음,주출입구 접근로_수상한포차
2518,총주차대수7,장애인 전용 주차구역_수상한포차
2519,경사로 1/12초과 설치,주출입구 높이차이 제거_수상한포차
2520,유효폭 1.2m 이상,주출입구 높이차이 제거_수상한포차
2521,손잡이 설치,주출입구 높이차이 제거_수상한포차
2522,상세정보 없음,주출입구 접근로_수상한포차
2523,상세정보 없음,장애인 전용 주차구역_수상한포차
2524,단차없음 또는 경사로 1/12이하 설치,주출입구 높이차이 제거_수상한포차
2525,유효폭 1.2m 이상,주출입구 높이차이 제거_수상한포차
2526,손잡이 설치,주출입구 높이차이 제거_수상한포차
2527,평탄함,주출입구 접근로_순봉상가(불토불가마사우나)
2528,단차없음,주출입구 접근로_순봉상가(불토불가마사우나)
2529,유효폭 1.2m 이상,주출입구 접근로_순봉상가(불토불가마사우나)
2530,기울기 1/18~1/12이하,주출입구 접근로_순봉상가(불토불가마사우나)
2531,보/차도 구분,주출입구 접근로_순봉상가(불토불가마사우나)
2532,총주차대수75,장애인 전용 주차구역_순봉상가(불토불가마사우나)
2533,전용주차대수  2,장애인 전용 주차구역_순봉상가(불토불가마사우나)
2534,출입구와 가까운 곳에 설치,장애인 전용 주차구역_순봉상가(불토불가마사우나)
2535,크기 확보(3.3*5m),장애인 전용 주차구역_순봉상가(불토불가마사우나)
2536,안내표지판 설치,장애인 전용 주차구역_순봉상가(불토불가마사우나)
2537,경사로 1/12초과 설치,주출입구 높이차이 제거_순봉상가(불토불가마사우나)
2538,유효폭 1.2m 이상,주출입구 높이차이 제거_순봉상가(불토불가마사우나)
2539,손잡이 설치,주출입구 높이차이 제거_순봉상가(불토불가마사우나)
2540,평탄함,주출입구 접근로_스타벅스 신촌점
2541,단차없음,주출입구 접근로_스타벅스 신촌점
2542,유효폭 1.2m 이상,주출입구 접근로_스타벅스 신촌점
2543,기울기 1/18이하,주출입구 접근로_스타벅스 신촌점
2544,보/차도 구분,주출입구 접근로_스타벅스 신촌점
2545,상세정보 없음,장애인 전용 주차구역_스타벅스 신촌점
2546,단차없음 또는 경사로 1/12이하 설치,주출입구 높이차이 제거_스타벅스 신촌점
2547,유효폭 1.2m 이상,주출입구 높이차이 제거_스타벅스 신촌점
2548,손잡이 설치,주출입구 높이차이 제거_스타벅스 신촌점
2549,상세정보 없음,주출입구 접근로_스타벅스 커피 스토리
2550,상세정보 없음,장애인 전용 주차구역_스타벅스 커피 스토리
2551,단차없음 또는 경사로 1/12이하 설치,주출입구 높이차이 제거_스타벅스 커피 스토리
2552,유효폭 1.2m 이상,주출입구 높이차이 제거_스타벅스 커피 스토리
2553,평탄함,주출입구 접근로_스타벅스(보라빌딩)
2554,단차없음,주출입구 접근로_스타벅스(보라빌딩)
2555,유효폭 1.2m 이상,주출입구 접근로_스타벅스(보라빌딩)
2556,기울기 1/18이하,주출입구 접근로_스타벅스(보라빌딩)
2557,보/차도 구분,주출입구 접근로_스타벅스(보라빌딩)
2558,총주차대수15,장애인 전용 주차구역_스타벅스(보라빌딩)
2559,전용주차대수  1,장애인 전용 주차구역_스타벅스(보라빌딩)
2560,출입구와 가까운 곳에 설치,장애인 전용 주차구역_스타벅스(보라빌딩)
2561,크기 확보(3.3*5m),장애인 전용 주차구역_스타벅스(보라빌딩)
2562,안내표지판 설치,장애인 전용 주차구역_스타벅스(보라빌딩)
2563,단차없음 또는 경사로 1/12이하 설치,주출입구 높이차이 제거_스타벅스(보라빌딩)
2564,평탄함,주출입구 접근로_신동희
2565,단차없음,주출입구 접근로_신동희
2566,유효폭 1.2m 이상,주출입구 접근로_신동희
2567,기울기 1/18이하,주출입구 접근로_신동희
2568,보/차도 구분,주출입구 접근로_신동희
2569,총주차대수10,장애인 전용 주차구역_신동희
2570,단차없음 또는 경사로 1/12이하 설치,주출입구 높이차이 제거_신동희
2571,유효폭 1.2m 이상,주출입구 높이차이 제거_신동희
2572,상세정보 없음,주출입구 접근로_쌍쌍포차
2573,총주차대수4,장애인 전용 주차구역_쌍쌍포차
2574,평탄함,주출입구 접근로_씨제이푸드
2575,단차없음,주출입구 접근로_씨제이푸드
2576,유효폭 1.2m 이상,주출입구 접근로_씨제이푸드
2577,기울기 1/18이하,주출입구 접근로_씨제이푸드
2578,보/차도 구분없음,주출입구 접근로_씨제이푸드
2579,총주차대수27,장애인 전용 주차구역_씨제이푸드
2580,전용주차대수  1,장애인 전용 주차구역_씨제이푸드
2581,출입구와 가까운 곳에 설치,장애인 전용 주차구역_씨제이푸드
2582,크기 확보(3.3*5m),장애인 전용 주차구역_씨제이푸드
2583,안내표지판 설치,장애인 전용 주차구역_씨제이푸드
2584,상세정보 없음,주출입구 접근로_아워홈역삼빌딩
2585,총주차대수50,장애인 전용 주차구역_아워홈역삼빌딩
2586,전용주차대수  3,장애인 전용 주차구역_아워홈역삼빌딩
2587,출입구와 가까운 곳에 설치,장애인 전용 주차구역_아워홈역삼빌딩
2588,크기 확보(3.3*5m),장애인 전용 주차구역_아워홈역삼빌딩
2589,안내표지판 설치,장애인 전용 주차구역_아워홈역삼빌딩
2590,상세정보 없음,주출입구 접근로_알비훠스트
2591,단차없음 또는 경사로 1/12이하 설치,주출입구 높이차이 제거_알비훠스트
2592,유효폭 1.2m 이상,주출입구 높이차이 제거_알비훠스트
2593,손잡이 설치,주출입구 높이차이 제거_알비훠스트
2594,평탄함,주출입구 접근로_언더브릿지(일반음식점)
2595,단차없음,주출입구 접근로_언더브릿지(일반음식점)
2596,유효폭 1.2m 이상,주출입구 접근로_언더브릿지(일반음식점)
2597,기울기 1/18~1/12이하,주출입구 접근로_언더브릿지(일반음식점)
2598,보/차도 구분,주출입구 접근로_언더브릿지(일반음식점)
2599,총주차대수4,장애인 전용 주차구역_언더브릿지(일반음식점)
2600,경사로 1/12초과 설치,주출입구 높이차이 제거_언더브릿지(일반음식점)
2601,유효폭 1.2m 이상,주출입구 높이차이 제거_언더브릿지(일반음식점)
2602,손잡이 설치,주출입구 높이차이 제거_언더브릿지(일반음식점)
2603,평탄함,주출입구 접근로_엔씨레이디스-백화점
2604,단차없음,주출입구 접근로_엔씨레이디스-백화점
2605,유효폭 1.2m 이상,주출입구 접근로_엔씨레이디스-백화점
2606,기울기 1/18이하,주출입구 접근로_엔씨레이디스-백화점
2607,보/차도 구분없음,주출입구 접근로_엔씨레이디스-백화점
2608,총주차대수9,장애인 전용 주차구역_엔씨레이디스-백화점
2609,전용주차대수  1,장애인 전용 주차구역_엔씨레이디스-백화점
2610,출입구와 가까운 곳에 설치,장애인 전용 주차구역_엔씨레이디스-백화점
2611,크기 미 확보,장애인 전용 주차구역_엔씨레이디스-백화점
2612,안내표지판 설치,장애인 전용 주차구역_엔씨레이디스-백화점
2613,경사로 1/12초과 설치,주출입구 높이차이 제거_엔씨레이디스-백화점
2614,유효폭 1.2m 이상,주출입구 높이차이 제거_엔씨레이디스-백화점
2615,손잡이 설치,주출입구 높이차이 제거_엔씨레이디스-백화점
2616,상세정보 없음,주출입구 접근로_엔젤리너스카페
2617,단차없음 또는 경사로 1/12이하 설치,주출입구 높이차이 제거_엔젤리너스카페
2618,유효폭 1.2m 이상,주출입구 높이차이 제거_엔젤리너스카페
2619,손잡이 설치,주출입구 높이차이 제거_엔젤리너스카페
2620,상세정보 없음,주출입구 접근로_오렌지팩토리-의류판매
2621,상세정보 없음,장애인 전용 주차구역_오렌지팩토리-의류판매
2622,상세정보 없음,주출입구 접근로_와라와라(혜진빌딩)
2623,총주차대수8,장애인 전용 주차구역_와라와라(혜진빌딩)
2624,평탄함,주출입구 접근로_원투쓰리
2625,단차없음,주출입구 접근로_원투쓰리
2626,유효폭 1.2m 이상,주출입구 접근로_원투쓰리
2627,기울기 1/18이하,주출입구 접근로_원투쓰리
2628,보/차도 구분,주출입구 접근로_원투쓰리
2629,경사로 1/12초과 설치,주출입구 높이차이 제거_원투쓰리
2630,유효폭 1.2m 이상,주출입구 높이차이 제거_원투쓰리
2631,손잡이 설치,주출입구 높이차이 제거_원투쓰리
2632,상세정보 없음,주출입구 접근로_일반음식점(에덴)
2633,총주차대수4,장애인 전용 주차구역_일반음식점(에덴)
2634,전용주차대수  1,장애인 전용 주차구역_일반음식점(에덴)
2635,경사로 1/12초과 설치,주출입구 높이차이 제거_일반음식점(에덴)
2636,유효폭 1.2m 이상,주출입구 높이차이 제거_일반음식점(에덴)
2637,손잡이 미흡설치,주출입구 높이차이 제거_일반음식점(에덴)
2638,상세정보 없음,주출입구 접근로_정우씨티
2639,총주차대수14,장애인 전용 주차구역_정우씨티
2640,전용주차대수  1,장애인 전용 주차구역_정우씨티
2641,출입구와 가까운 곳에 설치,장애인 전용 주차구역_정우씨티
2642,크기 확보(3.3*5m),장애인 전용 주차구역_정우씨티
2643,안내표지판 설치,장애인 전용 주차구역_정우씨티
2644,단차없음 또는 경사로 1/12이하 설치,주출입구 높이차이 제거_정우씨티
2645,유효폭 1.2m 이상,주출입구 높이차이 제거_정우씨티
2646,상세정보 없음,주출입구 접근로_제2근린생활(수한의원부동산)
2647,총주차대수5,장애인 전용 주차구역_제2근린생활(수한의원부동산)
2648,단차없음 또는 경사로 1/12이하 설치,주출입구 높이차이 제거_제2근린생활(수한의원부동산)
2649,유효폭 1.2m 이상,주출입구 높이차이 제거_제2근린생활(수한의원부동산)
2650,손잡이 설치,주출입구 높이차이 제거_제2근린생활(수한의원부동산)
2651,평탄함,주출입구 접근로_주노도시-카페
2652,단차없음,주출입구 접근로_주노도시-카페
2653,유효폭 1.2m 이상,주출입구 접근로_주노도시-카페
2654,기울기 1/18이하,주출입구 접근로_주노도시-카페
2655,보/차도 구분,주출입구 접근로_주노도시-카페
2656,총주차대수9,장애인 전용 주차구역_주노도시-카페
2657,단차없음 또는 경사로 1/12이하 설치,주출입구 높이차이 제거_주노도시-카페
2658,유효폭 1.2m 미만,주출입구 높이차이 제거_주노도시-카페
2659,손잡이 설치,주출입구 높이차이 제거_주노도시-카페
2660,상세정보 없음,주출입구 접근로_주런
2661,총주차대수2,장애인 전용 주차구역_주런
2662,상세정보 없음,주출입구 접근로_중림동 325-1 제2종근린생활시설(우진제임스전)
2663,단차없음 또는 경사로 1/12이하 설치,주출입구 높이차이 제거_중림동 325-1 제2종근린생활시설(우진제임스전)
2664,손잡이 미흡설치,주출입구 높이차이 제거_중림동 325-1 제2종근린생활시설(우진제임스전)
2665,평탄함,주출입구 접근로_지오브레스빌딩
2666,단차없음,주출입구 접근로_지오브레스빌딩
2667,유효폭 1.2m 이상,주출입구 접근로_지오브레스빌딩
2668,기울기 1/18이하,주출입구 접근로_지오브레스빌딩
2669,보/차도 구분,주출입구 접근로_지오브레스빌딩
2670,단차없음 또는 경사로 1/12이하 설치,주출입구 높이차이 제거_지오브레스빌딩
2671,평탄함,주출입구 접근로_지태하
2672,단차없음,주출입구 접근로_지태하
2673,유효폭 1.2m 이상,주출입구 접근로_지태하
2674,기울기 1/18이하,주출입구 접근로_지태하
2675,보/차도 구분없음,주출입구 접근로_지태하
2676,총주차대수5,장애인 전용 주차구역_지태하
2677,전용주차대수  2,장애인 전용 주차구역_지태하
2678,출입구와 가까운 곳에 설치,장애인 전용 주차구역_지태하
2679,크기 미 확보,장애인 전용 주차구역_지태하
2680,안내표지판 설치,장애인 전용 주차구역_지태하
2681,경사로 1/12초과 설치,주출입구 높이차이 제거_지태하
2682,유효폭 1.2m 이상,주출입구 높이차이 제거_지태하
2683,손잡이 설치,주출입구 높이차이 제거_지태하
2684,평탄함,주출입구 접근로_진미파라곤
2685,단차없음,주출입구 접근로_진미파라곤
2686,유효폭 1.2m 이상,주출입구 접근로_진미파라곤
2687,기울기 1/18이하,주출입구 접근로_진미파라곤
2688,보/차도 구분,주출입구 접근로_진미파라곤
2689,총주차대수400,장애인 전용 주차구역_진미파라곤
2690,전용주차대수  8,장애인 전용 주차구역_진미파라곤
2691,출입구와 가까운 곳에 설치,장애인 전용 주차구역_진미파라곤
2692,크기 확보(3.3*5m),장애인 전용 주차구역_진미파라곤
2693,안내표지판 설치,장애인 전용 주차구역_진미파라곤
2694,경사로 1/12초과 설치,주출입구 높이차이 제거_진미파라곤
2695,유효폭 1.2m 미만,주출입구 높이차이 제거_진미파라곤
2696,손잡이 미흡설치,주출입구 높이차이 제거_진미파라곤
2697,평탄함,주출입구 접근로_청산유통
2698,단차없음,주출입구 접근로_청산유통
2699,유효폭 1.2m 이상,주출입구 접근로_청산유통
2700,기울기 1/18~1/12이하,주출입구 접근로_청산유통
2701,보/차도 구분,주출입구 접근로_청산유통
2702,상세정보 없음,장애인 전용 주차구역_청산유통
2703,평탄함,주출입구 접근로_카페 무이무이
2704,단차없음,주출입구 접근로_카페 무이무이
2705,유효폭 1.2m 이상,주출입구 접근로_카페 무이무이
2706,기울기 1/18이하,주출입구 접근로_카페 무이무이
2707,보/차도 구분,주출입구 접근로_카페 무이무이
2708,총주차대수9,장애인 전용 주차구역_카페 무이무이
2709,단차없음 또는 경사로 1/12이하 설치,주출입구 높이차이 제거_카페 무이무이
2710,유효폭 1.2m 이상,주출입구 높이차이 제거_카페 무이무이
2711,상세정보 없음,주출입구 접근로_카페뎀셀브쥬
2712,상세정보 없음,장애인 전용 주차구역_카페뎀셀브쥬
2713,평탄함,주출입구 접근로_카페프렌즈
2714,단차없음,주출입구 접근로_카페프렌즈
2715,유효폭 1.2m 이상,주출입구 접근로_카페프렌즈
2716,기울기 1/18이하,주출입구 접근로_카페프렌즈
2717,보/차도 구분,주출입구 접근로_카페프렌즈
2718,총주차대수60,장애인 전용 주차구역_카페프렌즈
2719,전용주차대수  2,장애인 전용 주차구역_카페프렌즈
2720,출입구와 가까운 곳에 설치,장애인 전용 주차구역_카페프렌즈
2721,크기 확보(3.3*5m),장애인 전용 주차구역_카페프렌즈
2722,안내표지판 설치,장애인 전용 주차구역_카페프렌즈
2723,단차없음 또는 경사로 1/12이하 설치,주출입구 높이차이 제거_카페프렌즈
2724,유효폭 1.2m 이상,주출입구 높이차이 제거_카페프렌즈
2725,상세정보 없음,주출입구 접근로_커피빈
2726,상세정보 없음,장애인 전용 주차구역_커피빈
2727,단차없음 또는 경사로 1/12이하 설치,주출입구 높이차이 제거_커피빈
2728,유효폭 1.2m 이상,주출입구 높이차이 제거_커피빈
2729,손잡이 설치,주출입구 높이차이 제거_커피빈
2730,상세정보 없음,주출입구 접근로_커피빈 압구정점(스마트 익스체인지 빌딩)
2731,평탄함,주출입구 접근로_커피빈 코리아 삼성점(우창빌딩)
2732,단차없음,주출입구 접근로_커피빈 코리아 삼성점(우창빌딩)
2733,유효폭 1.2m 이상,주출입구 접근로_커피빈 코리아 삼성점(우창빌딩)
2734,기울기 1/18이하,주출입구 접근로_커피빈 코리아 삼성점(우창빌딩)
2735,보/차도 구분,주출입구 접근로_커피빈 코리아 삼성점(우창빌딩)
2736,총주차대수16,장애인 전용 주차구역_커피빈 코리아 삼성점(우창빌딩)
2737,전용주차대수  1,장애인 전용 주차구역_커피빈 코리아 삼성점(우창빌딩)
2738,출입구와 가까운 곳에 설치,장애인 전용 주차구역_커피빈 코리아 삼성점(우창빌딩)
2739,크기 미 확보,장애인 전용 주차구역_커피빈 코리아 삼성점(우창빌딩)
2740,안내표지판 미설치,장애인 전용 주차구역_커피빈 코리아 삼성점(우창빌딩)
2741,단차없음 또는 경사로 1/12이하 설치,주출입구 높이차이 제거_커피빈 코리아 삼성점(우창빌딩)
2742,유효폭 1.2m 이상,주출입구 높이차이 제거_커피빈 코리아 삼성점(우창빌딩)
2743,상세정보 없음,주출입구 접근로_커피스미스
2744,평탄함,주출입구 접근로_코나커피숍
2745,단차없음,주출입구 접근로_코나커피숍
2746,유효폭 1.2m 이상,주출입구 접근로_코나커피숍
2747,기울기 1/18이하,주출입구 접근로_코나커피숍
2748,보/차도 구분,주출입구 접근로_코나커피숍
2749,총주차대수5,장애인 전용 주차구역_코나커피숍
2750,단차없음 또는 경사로 1/12이하 설치,주출입구 높이차이 제거_코나커피숍
2751,유효폭 1.2m 이상,주출입구 높이차이 제거_코나커피숍
2752,손잡이 설치,주출입구 높이차이 제거_코나커피숍
2753,상세정보 없음,주출입구 접근로_타운플라자
2754,총주차대수13,장애인 전용 주차구역_타운플라자
2755,평탄함,주출입구 접근로_트라이랜드
2756,단차없음,주출입구 접근로_트라이랜드
2757,유효폭 1.2m 이상,주출입구 접근로_트라이랜드
2758,기울기 1/18이하,주출입구 접근로_트라이랜드
2759,보/차도 구분,주출입구 접근로_트라이랜드
2760,총주차대수4,장애인 전용 주차구역_트라이랜드
2761,단차없음 또는 경사로 1/12이하 설치,주출입구 높이차이 제거_트라이랜드
2762,유효폭 1.2m 이상,주출입구 높이차이 제거_트라이랜드
2763,평탄함,주출입구 접근로_티에스아이디-인테리어
2764,단차없음,주출입구 접근로_티에스아이디-인테리어
2765,유효폭 1.2m 이상,주출입구 접근로_티에스아이디-인테리어
2766,기울기 1/18이하,주출입구 접근로_티에스아이디-인테리어
2767,보/차도 구분없음,주출입구 접근로_티에스아이디-인테리어
2768,총주차대수3,장애인 전용 주차구역_티에스아이디-인테리어
2769,단차없음 또는 경사로 1/12이하 설치,주출입구 높이차이 제거_티에스아이디-인테리어
2770,유효폭 1.2m 이상,주출입구 높이차이 제거_티에스아이디-인테리어
2771,손잡이 설치,주출입구 높이차이 제거_티에스아이디-인테리어
2772,상세정보 없음,주출입구 접근로_파스꾸찌신촌연대점
2773,상세정보 없음,장애인 전용 주차구역_파스꾸찌신촌연대점
2774,단차없음 또는 경사로 1/12이하 설치,주출입구 높이차이 제거_파스꾸찌신촌연대점
2775,유효폭 1.2m 이상,주출입구 높이차이 제거_파스꾸찌신촌연대점
2776,손잡이 설치,주출입구 높이차이 제거_파스꾸찌신촌연대점
2777,상세정보 없음,주출입구 접근로_프로포즈야채과일<간이장터>
2778,총주차대수4,장애인 전용 주차구역_프로포즈야채과일<간이장터>
2779,단차없음 또는 경사로 1/12이하 설치,주출입구 높이차이 제거_프로포즈야채과일<간이장터>
2780,유효폭 1.2m 이상,주출입구 높이차이 제거_프로포즈야채과일<간이장터>
2781,손잡이 설치,주출입구 높이차이 제거_프로포즈야채과일<간이장터>
2782,상세정보 없음,주출입구 접근로_프리미어플레이스
2783,단차없음 또는 경사로 1/12이하 설치,주출입구 높이차이 제거_프리미어플레이스
2784,유효폭 1.2m 이상,주출입구 높이차이 제거_프리미어플레이스
2785,손잡이 설치,주출입구 높이차이 제거_프리미어플레이스
2786,평탄함,주출입구 접근로_피티 앤 브이-직업소개
2787,단차없음,주출입구 접근로_피티 앤 브이-직업소개
2788,유효폭 1.2m 이상,주출입구 접근로_피티 앤 브이-직업소개
2789,기울기 1/18이하,주출입구 접근로_피티 앤 브이-직업소개
2790,보/차도 구분없음,주출입구 접근로_피티 앤 브이-직업소개
2791,총주차대수7,장애인 전용 주차구역_피티 앤 브이-직업소개
2792,평탄함,주출입구 접근로_한국경제신문사옥
2793,단차없음,주출입구 접근로_한국경제신문사옥
2794,유효폭 1.2m 이상,주출입구 접근로_한국경제신문사옥
2795,기울기 1/18이하,주출입구 접근로_한국경제신문사옥
2796,보/차도 구분,주출입구 접근로_한국경제신문사옥
2797,총주차대수395,장애인 전용 주차구역_한국경제신문사옥
2798,전용주차대수  8,장애인 전용 주차구역_한국경제신문사옥
2799,출입구와 가까운 곳에 설치,장애인 전용 주차구역_한국경제신문사옥
2800,크기 미 확보,장애인 전용 주차구역_한국경제신문사옥
2801,안내표지판 설치,장애인 전용 주차구역_한국경제신문사옥
2802,경사로 1/12초과 설치,주출입구 높이차이 제거_한국경제신문사옥
2803,유효폭 1.2m 미만,주출입구 높이차이 제거_한국경제신문사옥
2804,손잡이 미흡설치,주출입구 높이차이 제거_한국경제신문사옥
2805,상세정보 없음,주출입구 접근로_할리스커피점
2806,상세정보 없음,장애인 전용 주차구역_할리스커피점
2807,단차없음 또는 경사로 1/12이하 설치,주출입구 높이차이 제거_할리스커피점
2808,유효폭 1.2m 이상,주출입구 높이차이 제거_할리스커피점
2809,평탄함,주출입구 접근로_해동수산광장점
2810,단차없음,주출입구 접근로_해동수산광장점
2811,유효폭 1.2m 이상,주출입구 접근로_해동수산광장점
2812,기울기 1/18이하,주출입구 접근로_해동수산광장점
2813,보/차도 구분없음,주출입구 접근로_해동수산광장점
2814,단차없음 또는 경사로 1/12이하 설치,주출입구 높이차이 제거_해동수산광장점
2815,유효폭 1.2m 이상,주출입구 높이차이 제거_해동수산광장점
2816,손잡이 설치,주출입구 높이차이 제거_해동수산광장점
2817,평탄함,주출입구 접근로_해물퓨전주점
2818,단차없음,주출입구 접근로_해물퓨전주점
2819,유효폭 1.2m 이상,주출입구 접근로_해물퓨전주점
2820,기울기 1/18이하,주출입구 접근로_해물퓨전주점
2821,보/차도 구분,주출입구 접근로_해물퓨전주점
2822,총주차대수5,장애인 전용 주차구역_해물퓨전주점
2823,단차없음 또는 경사로 1/12이하 설치,주출입구 높이차이 제거_해물퓨전주점
2824,유효폭 1.2m 이상,주출입구 높이차이 제거_해물퓨전주점
2825,손잡이 설치,주출입구 높이차이 제거_해물퓨전주점
2826,상세정보 없음,주출입구 접근로_헐리스커피연희점
2827,평탄함,주출입구 접근로_헤라로사커피(JS빌딩)
2828,단차없음,주출입구 접근로_헤라로사커피(JS빌딩)
2829,유효폭 1.2m 이상,주출입구 접근로_헤라로사커피(JS빌딩)
2830,기울기 1/18이하,주출입구 접근로_헤라로사커피(JS빌딩)
2831,보/차도 구분,주출입구 접근로_헤라로사커피(JS빌딩)
2832,총주차대수16,장애인 전용 주차구역_헤라로사커피(JS빌딩)
2833,전용주차대수  1,장애인 전용 주차구역_헤라로사커피(JS빌딩)
2834,출입구와 가까운 곳에 설치,장애인 전용 주차구역_헤라로사커피(JS빌딩)
2835,크기 확보(3.3*5m),장애인 전용 주차구역_헤라로사커피(JS빌딩)
2836,안내표지판 미설치,장애인 전용 주차구역_헤라로사커피(JS빌딩)
2837,평탄함,주출입구 접근로_헤븐
2838,단차없음,주출입구 접근로_헤븐
2839,유효폭 1.2m 이상,주출입구 접근로_헤븐
2840,기울기 1/18이하,주출입구 접근로_헤븐
2841,보/차도 구분,주출입구 접근로_헤븐
2842,총주차대수4,장애인 전용 주차구역_헤븐
2843,상세정보 없음,주출입구 접근로_호야
2844,총주차대수4,장애인 전용 주차구역_호야
2845,단차없음 또는 경사로 1/12이하 설치,주출입구 높이차이 제거_호야
2846,유효폭 1.2m 이상,주출입구 높이차이 제거_호야
2847,상세정보 없음,주출입구 접근로_효천공영-음악감상실
2848,총주차대수8,장애인 전용 주차구역_효천공영-음악감상실
2849,전용주차대수  1,장애인 전용 주차구역_효천공영-음악감상실
2850,경사로 1/12초과 설치,주출입구 높이차이 제거_효천공영-음악감상실
2851,유효폭 1.2m 이상,주출입구 높이차이 제거_효천공영-음악감상실
