,지역,시설구분,기관명,소재지,연락처,홈페이지,위도,경도
0,양천구,공동생활가정,드림하우스공동생활가정,양천구 곰달래로10길 19-1 301호 드림하우스공동생활가정,070-4804-6043,,37.5284684,126.8373535
1,도봉구,공동생활가정,디딤돌공동생활가정,도봉구 우이천로 446-11 해밀하우스1 501호 디딤돌공동생활가정,070-8281-8879,,37.6534464,127.0172204
2,마포구,공동생활가정,라온홈,마포구 잔다리로9길 21 우담빌라 105동 501호 라온홈,02-325-6676,,37.5570653,126.9135996
3,강서구,공동생활가정,로사리아공동생활가정,"강서구 까치산로24길 15-11 2층 201,202 로사리아공동생활가정",02-2696-6521,,37.549574,126.8523014
4,마포구,공동생활가정,루치아공동생활가정,마포구 마포대로4라길 41 201호 루치아공동생활가정,070-8625-3788,,37.5366247,126.9460609
5,송파구,공동생활가정,마라제1공동생활가정,송파구 송이로34길 43-1 4층 마라제1공동생활가정,02-408-7494,,37.4845267,127.1288722
6,송파구,공동생활가정,마라제2공동생활가정,송파구 송이로34길 43-1 5층 마라제2공동생활가정,02-408-7533,,37.4845267,127.1288722
7,중구,주간보호시설,영락,중구 수표로 33 (저동2가 69),02-2280-0278,http://www.yndcc.net,37.5632016,126.989182
8,강남구,주간보호시설,역삼주간보호센터,강남구 테헤란로8길 36 (역삼동 827-61) 강남문화원 2층,02-518-2270,http://hnwelfare.or.kr/main/sub04_03.html,37.4965073,127.0320483
9,송파구,공동생활가정,마라제3공동생활가정,송파구 가락로5길 7-11 301호 마라제3공동생활가정,02-3431-7493,,37.4999779,127.1014508
10,송파구,공동생활가정,마라제4공동생활가정,송파구 마천로39길 35 401호 마라제4공동생활가정,02-406-7493,,37.5004222,127.1493011
11,관악구,공동생활가정,두레네공동생활가정,관악구 법원단지길 97-3 101호 두레네공동생활가정,02-866-6155,,37.4748224,126.9222335
12,종로구,공동생활가정,마로니에공동생활가정,종로구 혜화로12길 20-10 1층 101호 마로니에공동생활가정,02-744-9026,,37.5896733,127.0004567
13,송파구,공동생활가정,미술작은예수의집,송파구 가락로11길 12-6 화이트빌 101호 미술작은예수의집,02-415-0546,,37.5014697,127.1048604
14,영등포구,공동생활가정,민들레의 집1호,영등포구 도신로 146-3 101호(신길동) 민들레의 집1호,02-846-6505,,37.5092008,126.9079232
15,영등포구,공동생활가정,민들레의집2호,영등포구 도신로 146-3 101호(신길동) 민들레의집2호,02-846-6505,,37.5092008,126.9079232
16,성동구,공동생활가정,믿음의집,성동구 금호9가길 57-10 2층 믿음의집,02-2232-5965,,NaN,NaN
17,은평구,공동생활가정,바르티매오,"은평구 불광로9가길 4, 302호 바르티매오",02-722-0988,,37.6165695,126.9314846
18,노원구,공동생활가정,배움터2호,노원구 한글비석로24바길 98 지성리치빌 201호 배움터2호,02-933-7405,,37.6667313,127.0699335
19,도봉구,공동생활가정,동천하우스3,도봉구 시루봉로23길 64 301호 배움터3호,070-8840-8232,,37.6732761,127.0414398
20,중랑구,공동생활가정,배움터4호,중랑구 동일로104길 3-3 301호(면목동) 배움터4호,02-6084-5582,,37.5901799,127.080459
21,노원구,공동생활가정,베데스다의집,노원구 중계로8길 39 현대5차 211동 110호 베데스다의집,02-3392-0265,,37.6471623,127.0844122
22,노원구,복지관,성민장애인복지관,노원구 노원로32길 30-3 (상계동 321-9),02-931-7970~2,www.sungminwelfare.or.kr,37.6556243,127.0693404
23,강서구,복지관,강서뇌성마비복지관,강서구 방화대로45길 69 (방화동 452-5),02-2662-3491,www.kscp.net,37.574198,126.8125849
24,도봉구,공동생활가정,베데스다의집아미네,도봉구 시루봉로13가길 30 201호 베데스다의집아미네,02-3494-2123,,37.667684,127.0305686
25,구로구,공동생활가정,버들그룹홈,구로구 부일로 871-16 디아이빌2차 101동 601호 버들그룹홈,02-2694-6334,,37.4932322,126.8234643
26,도봉구,공동생활가정,베데스다의집함께하네,도봉구 도봉로147길 51 301호 베데스다의집함께하네,070-4065-2123,,37.6649478,127.0397375
27,은평구,공동생활가정,벧엘공동생활가정,"은평구 가좌로 312-11,201호 벧엘공동생활가정",070-8276-3740,,37.5959892,126.9108172
28,강동구,공동생활가정,보금자리공동생활가정,강동구 동남로 85길 15 4층 보금자리공동생활가정,02-428-8665,,37.5612461,127.1558947
29,동작구,공동생활가정,보라매그룹홈,동작구 보라매로13길 21 301호 보라매그룹홈,02-826-2396,,37.4962048,126.926543
30,은평구,공동생활가정,브니엘공동생활가정,은평구 증산로19길 28-10 301호 브니엘공동생활가정,070-8273-3740,,37.5957696,126.9118772
31,강동구,공동생활가정,사랑나눔강동공동생활가정,"강동구 양재대로112길 86, 401호 사랑나눔강동공동생활가정",070-4078-8460,,37.5357197,127.1444448
32,송파구,공동생활가정,사랑나눔송파,송파구 성내천로42길 11 301호 사랑나눔송파,070-8292-8460,,37.4960364,127.1531016
33,서초구,공동생활가정,사랑의가족,서초구 사임당로20길 16 201호 사랑의가족,02-3482-7726,,37.4892662,127.0210898
34,영등포구,주간보호시설,모랫말꿈터,영등포구 도영로 37 (도림2동 205-24),02-846-5560,http://happylog.naver.com/dorimdaycare.do,37.510186,126.8974881
35,동작구,주간보호시설,서울남부주간보호센터,동작구 여의대방로 20길 33 (신대방2동 395번지),02-829-7154,http://ilovenambu.or.kr,37.4948959,126.9194519
36,동작구,주간보호시설,사랑손주간보호,동작구 사당로2길 32 (사당5동 181-360),02-525-9010,,37.4926044,126.9626064
37,서초구,주간보호시설,까리따스장애인주간보호,서초구 남부순환로 2124 (방배2동 3274),02-522-6004,http://www.cbwc.or.kr,37.4750144,126.9843984
38,강남구,주간보호시설,하상,강남구 개포로 613 (개포동 12-5),02-451-6000,http://www.hasang.org,37.4925325,127.0751283
39,강남구,주간보호시설,성모자애제1주간보호,강남구 헌릉로757길 35 (율현동 110번지),02-3411-9581,http://www.smwelfare.or.kr,37.4705425,127.1194354
40,송파구,주간보호시설,무지개주간보호,송파구 거마로10길 13 (거여2동 187-9),02-448-6620,http://rainbowhill.org,37.4949164,127.1468786
41,서초구,공동생활가정,사랑의그룹홈,서초구 효령로 23길 61 501호 사랑의그룹홈,02-523-7726,,37.4829926,126.992535
42,은평구,공동생활가정,보라향그룹홈,은평구 서오릉로20길 12 뉴아름빌201호~ 202호 보라향그룹홈,02-385-5841,,37.6164659,126.9094489
43,송파구,공동생활가정,사랑의집,송파구 오금로64나길 11-1 301호 사랑의집,02-408-7406,,37.4917476,127.1486868
44,성동구,공동생활가정,사랑의집,성동구 금호산9가길 57-10 사랑의집,02-2231-0412,,37.5529775,127.0185627
45,노원구,공동생활가정,사랑의집공동생활가정,노원구 동일로193길 8(신대림아파트) 701호 사랑의집공동생활가정,02-973-1484,,37.6262949,127.0720734
46,동작구,공동생활가정,삼성그룹홈1호,동작구 양녕로22마길 90 301호 삼성그룹홈1호,02-3280-0278,,37.4990464,126.9468133
47,관악구,공동생활가정,서로함께_신사,"관악구 남부순환로155길 26-4, 401호 서로함께_신사",02-852-0400,,37.4841178,126.9179063
48,강남구,공동생활가정,서로함께_청담,강남구 선릉로146길 27-4 204호 서로함께_청담,02-852-0400,,37.5220489,127.042467
49,송파구,공동생활가정,섬김의집,"송파구 송이로31길 56 9동 106호(문정동, 문정시영아파트) 섬김의집",02-449-3478,,37.4916693,127.1364537
50,강남구,공동생활가정,성모자애공동생활가정,강남구 헌릉로757길 35 성모자애공동생활가정,02-3410-8822,,37.4705425,127.1194354
51,강남구,공동생활가정,성모자애엠마우스공동생활가정1호,강남구 헌릉로757길 35 성모자애엠마우스공동생활가정1호,02-3410-8815,,37.4705425,127.1194354
52,강남구,공동생활가정,성모자애엠마우스공동생활가정3호,강남구 헌릉로757길 35 성모자애엠마우스공동생활가정3호,02-3410-8813,,37.4705425,127.1194354
53,도봉구,공동생활가정,성민그룹홈,도봉구 덕릉로60길 7-23 101호 성민그룹홈,070-8843-8033,,37.6406575,127.0406262
54,성북구,공동생활가정,성북그룹홈1호,성북구 개운사길 60-39 성북그룹홈1호,02-941-6236,,37.5902309,127.0302649
55,성북구,공동생활가정,성북그룹홈2호,성북구 보국문로6길 5-11 삼우빌라 102호 (정릉동) 성북그룹홈2호,02-941-6237,,37.6065009,127.0114144
56,도봉구,공동생활가정,동천하우스 4,도봉구 도봉로137길 46 2012호 세움터1호,02-905-9571,,37.6609925,127.0400593
57,동작구,공동생활가정,소라네그룹홈,동작구 사당로2길 32 소라네그룹홈,02-587-9016,,37.4926044,126.9626064
58,강동구,공동생활가정,소망공동생활가정,강동구 양재대로 91 나길 37 301호 소망공동생활가정,02-428-4547,,37.5269827,127.1320069
59,강남구,공동생활가정,소망그룹홈1호,강남구 언주로 157길 22 영빈빌라 나동 101호 소망그룹홈1호,02-3445-8482,,37.5241543,127.0310873
60,강남구,공동생활가정,소망그룹홈3호,강남구 언주로 157길 22 영빈빌라 가동 201호 소망그룹홈3호,070-4493-3044,,37.5241543,127.0310873
61,강남구,공동생활가정,소망그룹홈4호,강남구 언주로 157길 22 영빈빌라 가동 202호 소망그룹홈4호,070-4493-3045,,37.5241543,127.0310873
62,송파구,공동생활가정,소망의집,송파구 백제고분로32길 32-1 201호 소망의집,02-443-6091,,37.4995679,127.0944323
63,강북구,공동생활가정,소망의집,강북구 인수봉로64길 30 302호 소망의집,02-902-8335,,37.6396645,127.0145703
64,성동구,공동생활가정,소망의집,성동구 금호9가길 57-10 3층 소망의집,02-2252-2036,,NaN,NaN
65,송파구,공동생활가정,송파공동생활가정,송파구 토성로5길 16-1 201호 송파공동생활가정,02-422-4548,,37.5319077,127.1140688
66,은평구,공동생활가정,시온공동생활가정,은평구 갈현로15길 24-5 301호 시온공동생활가정,070-4244-2046,,37.6082389,126.9081067
67,구로구,공동생활가정,신나는집(구 제5샬롬),구로구 경인로47길 150(경남1차 아파트 101-707) 신나는집(구 제5샬롬),02-2625-1865,,37.5053356,126.8624477
68,강남구,공동생활가정,신망애,강남구 도산대로50길 33-3 401호 신망애,02-547-4186,,37.5202452,127.03806
69,관악구,공동생활가정,실로암배움울타리1_배움울타리,관악구 조원로12길 66 301호 실로암배움울타리1_배움울타리,070-4156-0500,,37.4815135,126.9061432
70,관악구,공동생활가정,실로암배움울타리2_희망둥지,"관악구 남부순환로 172길 118 201호,202호 실로암배움울타리2_희망둥지",070-4156-0500,,37.4821739,126.9193358
71,노원구,공동생활가정,아름다운집,노원구 공릉로62길 8 풍진빌라 B동 302호 아름다운집,02-948-4519,,37.6355682,127.0721897
72,서대문구,공동생활가정,아이티그룹홈,서대문구 연희로 41길 61 (홍은동 현영빌라 가동 302호) 아이티그룹홈,070-8820-0862,,37.5913016,126.9350265
73,동작구,공동생활가정,연희네그룹홈,동작구 사당로2길 32 연희네그룹홈,02-587-9015,,37.4926044,126.9626064
74,강서구,공동생활가정,열린마음,강서구 초록마을로34길 61 201호 열린마음,070-8182-2897,,37.5384108,126.8450022
75,강서구,공동생활가정,열린마음하나,강서구 초록마을로16길 20 201호 열린마음하나,02-2604-7328,,37.5411861,126.8495619
76,관악구,재활체육시설,SRC재활체육관,경기 광주시 초월읍 경수길 25 (지월리729-6),031-799-3893,http://sports.samyook.org/,37.4200418,127.2871428
77,은평구,주간보호시설,위드주간보호센터,은평구 갈현로15길 11-13 (구산동 177-134),02-385-5841,http://withloveclub.cyworld.com,37.6067721,126.9093629
78,강남구,공동생활가정,오틸리아,강남구 학동로26길 15 원하우스 401호 오틸리아,02-3461-0811,,37.51244,127.0298518
79,양천구,공동생활가정,예은장애인공동생활가정,양천구  가로공원로56길 27-1 2층 예은장애인공동생활가정,02-2646-5403,,37.5350071,126.8258516
80,구로구,공동생활가정,오뚜기하우스1호,구로구 부일로 871-16 디아빌2차 101동 202호 오뚜기하우스1호,070-8881-4415,,37.4932322,126.8234643
81,구로구,공동생활가정,오뚜기하우스2호,구로구 부일로 871-16 디아빌2차 101동 302호 오뚜기하우스2호,070-8881-4415,,37.4932322,126.8234643
82,구로구,공동생활가정,온수그룹홈,구로구 부일로 871-16 디아이빌2차 101동 602호 온수그룹홈,02-2668-6334,,37.4932322,126.8234643
83,강북구,공동생활가정,우리엄마네공동생활가정,강북구 인수봉로 61길 38 일우하이츠빌라 201호 우리엄마네공동생활가정,02-995-8070,,37.6380411,127.0116949
84,관악구,공동생활가정,임마누엘관악공동체,"관악구 신림로30길 17-13, 301호 임마누엘관악공동체",02-877-3831,,37.4730771,126.9363985
85,노원구,단기보호시설,동천학원,노원구 노원로18길 8-1 (하계1동 288-1),02-948-0308,http://www.happydongchun.org,NaN,NaN
86,서초구,단기보호시설,신망애의 집,서초구 남부순환로342길 56-58 (양재1동 177-2),02-577-4186,http://www.fhlove.net,37.4790269,127.0243471
87,성북구,수화통역센터,성북수화통역센터,서울특별시 성북구 동소문로 185 2층,02-922-7892,http://www.sb-deaf.com,37.5986327,127.0215295
88,송파구,주간보호시설,마라주간보호,송파구 송이로34길 43-1 (문정동 93-4),02-3401-6008,,37.4845267,127.1288722
89,구로구,공동생활가정,임마누엘구로공동체,구로구 오리로22가길 38-4 호수빌라트3차 201호 임마누엘구로공동체,02-2066-3831,,37.5005671,126.8299465
90,금천구,공동생활가정,임마누엘독산공동체,금천구 시흥대로118길 44 정우파크텔 302호 임마누엘독산공동체,070-8956-3831,,37.4681785,126.9012205
91,은평구,공동생활가정,위드그룹홈,은평구 갈현로23길 32-6 아름빌202호 위드그룹홈,02-384-5841,,37.6181298,126.9114732
92,강서구,공동생활가정,임마누엘등촌1공동체,강서구 화곡로66길 145-15 원상하이츠빌 A동 201호 임마누엘등촌1공동체,02-2659-3841,,37.5554626,126.8615733
93,도봉구,공동생활가정,유일그룹홈,도봉구 도봉로 133길 14 성원하이츠 A동 301호 유일그룹홈,02-991-3490,,37.6575777,127.0389051
94,강서구,공동생활가정,임마누엘등촌공동체,"강서구 공항대로39길 74, 등촌주공5단지 502동 902호 임마누엘등촌공동체",02-2658-3994,,37.5608467,126.8448416
95,은평구,공동생활가정,은평천사원공동생활가정,은평구 증산로19길 28-8 201호 은평천사원공동생활가정,070-4130-2046,,37.5956697,126.911858
96,양천구,공동생활가정,임마누엘목동공동체,양천구 목동중앙본로17길 29 청송하이츠빌라 401호 임마누엘목동공동체,02-2646-3831,,37.5417106,126.8675484
97,금천구,공동생활가정,임마누엘시흥공동체,금천구 독산로 50마길 19-10 성은빌라 201호 임마누엘시흥공동체,02-808-3831,,37.4612914,126.9119509
98,강서구,공동생활가정,은하수,강서구 까치산로18길 24-12 은하수,02-2697-2532,,37.5465861,126.8498069
99,중랑구,공동생활가정,이수경하우스,중랑구 공릉로2나길 13 3층 이수경하우스,02-3296-2101,,37.6127109,127.079384
100,관악구,공동생활가정,임마누엘 미성공동체,관악구 난우16길 59 301호 임마누엘 미성공동체,02-866-3831,,37.4774836,126.920052
101,구로구,공동생활가정,임마누엘개봉공동체,구로구 고척로16가길 35 선경빌라 102호 임마누엘개봉공동체,02-2656-3831,,37.499445,126.8448977
102,관악구,공동생활가정,임마누엘관악1공동체,관악구 조원 중앙로 44-3 201호 임마누엘관악1공동체,02-858-3831,,37.4829099,126.9073876
103,동작구,공동생활가정,임마누엘신대방공동체,동작구 신대방13길 14-1 하나빌라 201호 임마누엘신대방공동체,02-848-3834,,37.4889335,126.9091096
104,은평구,공동생활가정,임마누엘신사공동체,"은평구 갈현로2가길 13 A동 402호(신사동, 엔에스빌라) 임마누엘신사공동체",02-6414-9998,,37.5993012,126.9111363
105,양천구,공동생활가정,임마누엘신월공동체,"양천구 오목로11길 9 나동 501호(신월, 우정쉐르빌) 임마누엘신월공동체",02-2696-3830,,37.5236686,126.8446212
106,양천구,공동생활가정,임마누엘신정공동체,양천구 오목로 148-34 301호(오성이지빌) 임마누엘신정공동체,02-2601-3831,,37.5238556,126.85421
107,은평구,공동생활가정,임마누엘역촌공동체,은평구 진흥로1길 13-19 임창에버빌 202호 임마누엘역촌공동체,02-352-9802,,37.6013659,126.9173817
108,강북구,복지관,강북장애인종합복지관,강북구 오현로 189 (번2동 306-12),02-989-4215,www.gangbukrc.or.kr,37.6287771,127.039094
109,노원구,복지관,서울시립북부장애인종합복지관,노원구 덕릉로70가길 92 (상계동 771),02-2092-1700,www.internet.or.kr,37.6425386,127.0569904
110,은평구,단기보호시설,포도원복지센터,은평구 갈현로41길 48 (갈현동 285-334),02-386-4020,,37.6263777,126.9131802
111,은평구,주간보호시설,사랑의 집,은평구 진흥로1길 8-6 (역촌동 42-3),070-8632-3378,,37.6011586,126.9191481
112,광진구,주간보호시설,하나인주간보호센터,광진구 능동로59길 14 (중곡동 169-119),02-498-5828,,37.5689839,127.0849395
113,마포구,수화통역센터,마포구수화통역센터,"마포구 월드컵북로15안길 26 2층 (성산동, 성서제1경로당 2층)",02-707-1062,http://www.mapodeaf.com,37.5627521,126.9109429
114,서대문구,수화통역센터,서대문구 수화통역센터,서대문구 홍제동 453-1 무악청구아파트상가B-101호(통일로 344),02-395-0490,,37.5813057,126.9515426
115,노원구,주간보호시설,성민,노원구 노원로32길 30 (상계2동 321-9) 순복음비전센터 내 5층,02-3391-4240,http://www.sungminwelfare.or.kr,37.6556625,127.0693562
116,노원구,주간보호시설,장애우 가족지원센터,노원구 상계로23길 4 (상계동 389-583) 2층,02-521-5471,,37.6585674,127.0692888
117,마포구,주간보호시설,하나렘넌트,마포구 월드컵로13길 19-13 (망원동 379-37호) 1층,02-323-1004,,37.5552637,126.9094496
118,마포구,복지관,마포장애인종합복지관,마포구 월드컵로 213 (성산2동 595-1),02-306-6212,www.mapowelfare.or.kr,37.5653964,126.9008276
119,서초구,주간보호시설,바우뫼,서초구 바우뫼로 43 (우면동 68-1),02-577-7851,,37.4717617,127.0269015
120,강동구,주간보호시설,메타아카데미 주간보호,강동구 양재대로121길 25 (천호동 52-5) 202호,02-471-4032,,37.5425561,127.1400594
121,강동구,공동생활가정,잎새그룹홈,강동구 양재대로135길 5-1 101호 잎새그룹홈,02-482-3832,,37.5483968,127.1431493
122,영등포구,공동생활가정,임마누엘영등포공동체,영등포구 영신로8길 9 201호 임마누엘영등포공동체,02-841-3831,,37.5134144,126.9099295
123,노원구,주간보호시설,북부장애인,노원구 동일로245길 56 (상계1동 1257) 북부종합사회복지관 내,02-934-7711,,37.679664,127.0526341
124,서초구,복지관,서초구립 한우리정보문화센터,서초구 서초동 380(남부순환로 340길 15),02-2055-0909,www.shc.or.kr,37.4820863,127.0249036
125,종로구,공동생활가정,임마누엘혜화공동체,종로구 혜화로12길 20-10 201호 임마누엘혜화공동체,02-765-3831,,37.5896733,127.0004567
126,강서구,공동생활가정,임마누엘화곡1공동체,"강서구 등촌로13다길 22-7, 201호(화곡동) 임마누엘화곡1공동체",02-2645-2913,,37.535552,126.859171
127,강서구,공동생활가정,임마누엘화곡2공동체,강서구 가로공원로72길 32 201호 임마누엘화곡2공동체,02-2606-3831,,37.5353262,126.8355177
128,강서구,공동생활가정,임마누엘화곡공동체,"강서구 강서로10길 108 301호(화곡동, 소망빌라) 임마누엘화곡공동체",02-2698-2068,,37.5306962,126.8539622
129,강동구,수화통역센터,강동구수화통역센터,서울특별시 강동구 성내로 22 청해빌딩302호,02-488-3754,http://cafe.naver.com/gddeaf,37.529605,127.1228336
130,광진구,수화통역센터,광진구수화통역센터,서울특별시 광진구 긴고랑로 72 3층,02-454-3888,,37.5613787,127.0836672
131,송파구,주간보호시설,렘넌트,송파구 충민로2길 5 (장지동 214-2),02-951-9904,,37.479374,127.127231
132,강남구,단기보호시설,밀알단기보호시설,강남구 밤고개로1길 38 (수서동 717-1),02-3414-0314,,37.4888999,127.1039991
133,송파구,복지관,서울시각장애인복지관,송파구 삼학사로19길 27 (삼전동),02-422-8108,www.bokji.or.kr,37.5061289,127.094084
134,관악구,공동생활가정,갑을충의장애인공동생활가정,관악구 난우16길 13-3 102호 갑을충의장애인공동생활가정,02-856-5934,,37.4775821,126.9176946
135,성동구,주간보호시설,성동장애인종합복지관,성동구 청계천로 516 (마장동 527-2),02-2290-3141,http://www.omni.or.kr/hub,37.5707413,127.0341871
136,중랑구,주간보호시설,원광장애인주간보호,중랑구 신래로 56 (신내1동 572-2),02-438-2691,http://www.wwcd.or.kr,NaN,NaN
137,노원구,수화통역센터,노원수화통역센터,노원구 한글비석로 383 (중계4동 584-1) 삼창타워프라자 2층,02-931-6107,http://cafe.naver.com/nwdeaf,37.6589524,127.0725471
138,노원구,주간보호시설,다운,노원구 화랑로 478 (공릉동 656-3) 다운복지관 내,02-3296-2114,http://www.down.or.kr,37.6189464,127.0803288
139,노원구,주간보호시설,섬김주간보호센터,노원구 덕릉로70가길 92 (상계동 771) 북부장애인종합복지관 내,02-2092-1774,http://www.internet.or.kr,37.6425386,127.0569904
140,노원구,단기보호시설,사랑샘 단기보호소,노원구 중계로 163 (중계본동 308-1),02-932-4635,http://www.sarangsam.or.kr,37.6497867,127.0800592
141,노원구,복지관,서울시립상이군경복지관,노원구 덕릉로70가길 73 (상계동 771),02-935-6375,www.kdvowelfare.or.kr,37.6428232,127.0576748
142,서초구,단기보호시설,사랑단기보호센터,"서초구 사평대로22길 49, 삼부반포빌라 102호 (반포4동 96-9)",02-536-7706,http://esarang.planetd.co.kr,37.4973147,126.997804
143,노원구,주간보호시설,베데스다 주간보호소,노원구 공릉로58마길 27 (하계동 65-37) 나눔아트센터 2층,02-3391-2126,http://www.btsd.kr,37.6364292,127.0776453
144,강동구,단기보호시설,강동단기보호시설,강동구 성내로3가길 89 (성내동 532-13) 2층,02-428-4548,http://cafe.daum.net/gangdongdangi,37.5291992,127.1273309
145,노원구,주간보호시설,가브리엘 주간보호센터,서울특별시 노원구 한글비석로24라길 94-13 가브리엘주간보호센터,02-951-9907,www.gabrielcenter.or.kr,37.6664592,127.0697787
146,노원구,복지관,시립노원시각장애인복지관,노원구 덕릉로70가길 98 (상계동 771),02-950-0114,www.nowonblind.or.kr,37.6420726,127.0565136
147,노원구,주간보호시설,오뚜기뇌성마비,노원구 덕릉로70가길 96 (상계동 771) 뇌성마비복지관 내,02-932-4412,http://www.kscp.net,37.6424451,127.0566038
148,노원구,주간보호시설,중계주간,노원구 덕릉로 662 (중계4동 당고개길 228),02-952-0333,http://www.junggye.or.kr,37.656936,127.0762093
149,동작구,복지관,삼성소리샘복지관,동작구 양녕로30길 19-4 (상도동 212-128),02-824-1414,www.sorisaem.net,37.4992438,126.946014
150,강동구,공동생활가정,강동행복의집,강동구 양재대로135길 5-1 301호(천호동) 강동행복의집,02-488-5503,,37.5483968,127.1431493
151,금천구,공동생활가정,관음의 집,"금천구 독산로14길 13, 201호 관음의 집",02-806-1372,,37.4523725,126.9076225
152,강서구,공동생활가정,교남공동생활가정1호,강서구 까치산로16길 21 301호(화곡동) 교남공동생활가정1호,02-2608-9045,,37.5456264,126.8487871
153,강남구,공동생활가정,강남행복의집,강남구 논현로117길 12-4 현대로얄빌라 401호(논현동) 강남행복의집,070-8779-5501,,37.5099001,127.0314237
154,강서구,공동생활가정,교남공동생활가정2호,구로구 가마산로20나길 8-1 101호 교남공동생활가정2호,02-2602-3384,,37.4928054,126.8866424
155,강서구,공동생활가정,교남공동생활가정3호,강서구 까치산로16길 9 정빌라 301호(화곡동) 교남공동생활가정3호,02-2697-3885,,37.546396,126.8487571
156,강서구,공동생활가정,교남공동생활가정4호,강서구 까치산로8길 44 301호(화곡동) 교남공동생활가정4호,02-2698-3880,,37.5416188,126.8463181
157,강서구,공동생활가정,교남공동생활가정5호,강서구 화곡로31길 5-6 201호 교남공동생활가정5호,02-2698-9461,,37.5436413,126.8426147
158,강동구,공동생활가정,강동공동생활가정,강동구 양재대로 1414-8 301호 강동공동생활가정,02-442-4548,,37.5320763,127.1386019
159,강서구,공동생활가정,교남공동생활가정6호,강서구 초록마을로8길 18-6 201호 교남공동생활가정6호,02-2606-4819,,37.5419566,126.8478308
160,서대문구,공동생활가정,구립서대문장애인공동생활가정,서대문구 연희로36길 26 동진빌라 9동 106호 구립서대문장애인공동생활가정,02-322-7297,,37.5774715,126.9366383
161,광진구,공동생활가정,구의작은예수의집,광진구 자양로23나길 7-8 구의작은예수의집,02-447-8293,,37.5420045,127.0823144
162,노원구,공동생활가정,그루터기공동생활가정,"노원구 동일로191가길 26, 남청파인힐A 101동 203호 그루터기공동생활가정",02-975-7075,,37.626273,127.07135
163,성동구,공동생활가정,기쁨의집,"성동구 무수막14길 10, 대우빌라 202호 기쁨의집",02-2282-5881,,37.5525468,127.0214089
164,송파구,공동생활가정,나눔의집,"송파구 송이로31길 56 9동 105호(문정동, 문정시영아파트) 나눔의집",02-3401-1084,,37.4916693,127.1364537
165,영등포구,수화통역센터,영등포수화통역센터,서울특별시 영등포구 당산로 67 재원빌딩5층,02-6404-4291,http://cafe.daum.net/yddeaf,37.5209146,126.8952047
166,노원구,주간보호시설,평화장애인,노원구 노원로 331 (중계3동 514-3) 평화종합사회복지관 내,02-949-0123,http://www.pyunghwa.or.kr,37.6462647,127.0690269
167,노원구,주간보호시설,노원1장애인,노원구 월계로 372 (월계4동 321) 노원1종합사회복지관 내,02-949-0700,http://www.nowon.or.kr,37.6299237,127.0604
168,노원구,주간보호시설,동천,노원구 노원로18길 41 (하계1동 288-1),02-976-0563,http://www.happydongchun.org,37.6445781,127.0728729
169,강동구,단기보호시설,아이비단기보호,강동구 구천면로39길 12 (천호동 295-24) 2층,02-472-3832,http://www.ibe.or.kr/,37.54553,127.132623
170,강동구,단기보호시설,성분도단기보호시설,경기 광주시 도척면 국사봉로 159-10 (진우리 661),031-799-0336,http://www.bundoreh.com,37.3167174,127.3506713
171,은평구,주간보호시설,서부장애인종합복지관,은평구 갈현로11길 30 (구산동 191-1),02-351-3982,http://www.openlife.or.kr,37.6051727,126.9075445
172,강서구,주간보호시설,기쁜우리,강서구 허준로 65 (가양동 1466),02-3665-3831,http://www.gibbun.or.kr,37.5693631,126.8487793
173,관악구,공동생활가정,꽃가람,관악구 국회단지21길 13(봉천동) 301호 꽃가람,02-871-2843,,37.490114,126.9414778
174,성동구,수화통역센터,성동구수화통역센터,성동구 청계천로 516 (마장동 527-2) 성동장애인생활회관 3층,02-2299-3338,http://club.cyworld.com/sddeaf,37.5707413,127.0341871
175,금천구,주간보호시설,청락원,금천구 금하로29길 36 (시흥2동 241-7),02-806-1374,http://happylog.naver.com/chungdam2.do,37.4512664,126.9140559
176,영등포구,주간보호시설,영등포주간보호센터,영등포구 신길로 55 (신길5동 440-57) 장애인사랑나눔의 집 3층,02-848-2902,http://kappd-ydp.or.kr,37.497556,126.907995
177,관악구,공동생활가정,꽃새암,관악구 봉천로13길 29-28 201호 꽃새암,02-872-2843,,37.4905173,126.9304243
178,강서구,공동생활가정,나눔공동체,강서구 등촌로13바길 59 301호 나눔공동체,02-6405-0302,,37.5353554,126.8567718
179,마포구,주간보호시설,우리마포장애인주간이용(보호)센터,마포구 신촌로 26길 10 (노고산동 1-50) 우리마포복지관,02-359-1000,http://club.cyworld.com/woorimapodaycare,37.5558486,126.9423536
180,송파구,주간보호시설,송파주간보호,송파구 중대로 245 (오금동 49-4) 2층,02-3401-4163,http://cafe.daum.net/spcare,37.5033935,127.129113
181,양천구,주간보호시설,맑은샘 주간보호,양천구 신월동 601-5 201호,02-2692-2448,,37.5195908,126.844256
182,영등포구,주간보호시설,새생명장애인,영등포구 가마산로 440 (신길3동 349-2),02-848-6970,,37.5049403,126.9095349
183,노원구,공동생활가정,나눔의집 공동생활가정,노원구 동일로191가길 66 길성A 101동 305호 나눔의집 공동생활가정,02-948-0320,,37.6279817,127.0710031
184,은평구,단기보호시설,불광작은예수의집,은평구 연서로37길 21-5 (불광2동 436-34),02-355-0877,,37.623364,126.9261632
185,관악구,공동생활가정,나자로의집,관악구 남부순환로194길 81 2층 나자로의집,02-887-3630,,37.4813813,126.9341703
186,강남구,공동생활가정,논현공동생활가정,강남구 강남대로120길 52 401/402호 논현공동생활가정,02-518-3088,,37.5076596,127.0274997
187,강남구,공동생활가정,논현제2공동생활가정,강남구 논현로113길 38-1 301호 논현제2공동생활가정,02-8129-1290,,37.5077761,127.0301683
188,영등포구,공동생활가정,남부공동생활가정1호,영등포구 디지털로54길 4-17 1층 남부공동생활가정1호,02-847-8173,,37.4901122,126.9014116
189,영등포구,공동생활가정,남부공동생활가정2호,영등포구 영신로17길 16 401호 남부공동생활가정2호,02-845-4134,,37.5134978,126.9066193
190,노원구,공동생활가정,내일을꿈꾸는사람,노원구 동일로237바길 11-8 101호 내일을꿈꾸는사람,02-950-0152,,37.6740844,127.0502234
191,노원구,공동생활가정,내일을꿈꾸는사람들 2호,노원구 동일로237다길 37 풀내음파크빌 201호 내일을꿈꾸는사람들 2호,02-950-0188,,37.6752537,127.0524189
192,노원구,공동생활가정,내일을꿈꾸는사람들 3호,노원구 동일로237다길 37 풀내음파크빌 301호 내일을꿈꾸는사람들 3호,02-950-0188,,37.6752537,127.0524189
193,강북구,공동생활가정,너나울공동생활가정,강북구 한천로144길 27 1층 너나울공동생활가정,02-906-0688,,37.6422464,127.0262126
194,강동구,공동생활가정,너울자리공동생활가정,강동구 동남로 85길 15 3층 너울자리공동생활가정,02-442-8666,,37.5612461,127.1558947
195,구로구,공동생활가정,느티나무그룹홈,"구로구 부일로 871-16, 101동 501호(온수동, 디아이빌2차) 느티나무그룹홈",02-2668-6335,,37.4932322,126.8234643
196,강동구,복지관,한국시각장애인복지관,강동구 구천면로 645 (상일동 126-0),02-440-5200,http://www.hsb.or.kr/,37.5510465,127.1693469
197,강서구,거주(유형별＊중증＊영유아)시설,H2빌,강서구 개화동 330(금낭화로 26가길 130),02-6925-2366,,37.5844651,126.811346
198,서대문구,공동생활가정,다솜장애인공동생활가정,서대문구 증가로4길 53 2층 다솜장애인공동생활가정,02-303-0867,,37.5779284,126.927864
199,노원구,공동생활가정,다운인의집,노원구 노원로1길 21 청솔A 901동 1102호 다운인의집,02-3296-0119,,37.6215734,127.0854893
200,동작구,공동생활가정,다움이네집,동작구 양녕로22마길 90 다움이네집,02-823-2290,,37.4990464,126.9468133
201,양천구,공동생활가정,다은장애인공동생활가정,양천구 목동중앙서로9길 20 한강베스트빌 401호 다은장애인공동생활가정,02-2691-1162,,37.5333366,126.8667547
202,구로구,공동생활가정,늘좋은집 장애인공동생활가정,구로구 고척로52라길 19-7 201호 늘좋은집 장애인공동생활가정,070-7668-2360,,37.5021606,126.8548964
203,서초구,공동생활가정,다니엘의집1호,서초구 염곡안길 19 201호 다니엘의집1호,02-597-9909,,37.4623418,127.0515328
204,서초구,공동생활가정,다니엘의집2호,서초구 염곡안길 19 302호 다니엘의집2호,02-581-5987,,37.4623418,127.0515328
205,서초구,공동생활가정,다니엘의집3호,서초구 서초대로14길 15  B02호(로얄빌리지) 다니엘의집3호,02-525-2569,,37.485109,126.9897999
206,강북구,공동생활가정,다향공동생활가정,강북구 노해로7길 42-5 1층 다향공동생활가정,02-993-2820,,37.6379616,127.0203096
207,강서구,주간보호시설,파랑새교육원,강서구 까치산로 134 (화곡6동 958-12) 화곡빌딩2층,02-2692-2614,http://happylog.naver.com/pelli99.do,37.5492743,126.8514328
208,강남구,공동생활가정,다니엘의집4호,강남구 도산대로4길 18-6 401호(논현동) 다니엘의집4호,070-8715-7627,,37.515195,127.0210281
209,서초구,공동생활가정,다니엘의집5호,서초구 동산로 12길 20 203호(동은빌라) 다니엘의집5호,070-4671-4892,,37.4708295,127.0456637
210,노원구,공동생활가정,다복스위트홈,노원구 상계로5길 22-9 402호 다복스위트홈,02-930-4623,,37.6573311,127.063184
211,강북구,공동생활가정,다사랑공동생활가정,강북구 노해로7길 42-5 2층(수유동) 다사랑공동생활가정,02-991-9968,,37.6379616,127.0203096
212,도봉구,공동생활가정,도봉케인스홈,도봉구 도봉산3길 7-5 성도하이츠빌라 401호 도봉케인스홈,02-3492-5015,,37.6869475,127.0445757
213,도봉구,공동생활가정,동천하우스 7,"도봉구 시루봉로17길 47, 202호 동천도봉3호",070-8839-3999,,37.6691438,127.0322581
214,도봉구,공동생활가정,동천하우스 8,"도봉구 시루봉로17길 47, 502호 동천도봉4호",070-8839-3999,,37.6691438,127.0322581
215,노원구,공동생활가정,동천배움터1호,노원구 동일로237바길 8 301호 동천배움터1호,02-937-6212,,37.6737307,127.0506954
216,노원구,공동생활가정,동천배움터5호,노원구 한글비석로50길 12 3층(상계동) 동천배움터5호,070-8276-9577,,37.664932,127.0669126
217,중구,복지관,서울특별시중구장애인복지관,중구 퇴계로 460 (신당동),02-2235-8630,http://www.jgcrc.or.kr,37.5650845,127.022802
218,송파구,주간보호시설,참사랑,서울특별시 송파구 마천로 89 .,02-430-8003,,37.5069073,127.1304692
219,도봉구,주간보호시설,피어라희망센터,서울특별시 도봉구 도봉로120길 16 창동염광교회 피어라희망센터,02-908-9100,,37.650389,127.0374472
220,강북구,주간보호시설,참사랑너나울,서울특별시 강북구 한천로143길 39 1층,02-908-0688,,37.6404823,127.0231588
221,금천구,주간보호시설,하누리,서울특별시 금천구 시흥대로2길 57 .,02-802-8024,,37.4352855,126.9064327
222,양천구,주간보호시설,하은,서울특별시 양천구 신목로 20 3층,02-2654-0562,,37.5181901,126.8750982
223,강동구,복지관,성분도복지관,경기 광주시 도척면 국사봉로 159-10,031-799-0300,www.bundoreh.com,37.3167174,127.3506713
224,강북구,주간보호시설,참사랑너나울 2호,서울특별시 강북구 한천로143길 39 2층,02-908-0688,,37.6404823,127.0231588
225,서대문구,단기보호시설,시립서대문단기보호센터,서대문구 홍은동 415-94,02-372-9394,,37.5773874,126.9285236
226,강동구,복지관,시립서울장애인종합복지관,강동구 고덕로 201 (고덕동 317-24),02-440-5700,http://www.seoulrehab.or.kr,37.5558563,127.1482802
227,강남구,복지관,청음회관,강남구 봉은사로50길 6 (역삼동 681-50),02-556-4758,www.chungeum.or.kr,37.509373,127.0423853
228,성동구,의료재활시설,성동재활의원,성동구 성수1가1동 656-323,02-2204-9976,,37.5454304,127.0469849
229,노원구,복지관,시립뇌성마비복지관,노원구 덕릉로70가길 96 (상계6.7동 771),02-932-4411,http://www.srccp.or.kr/,37.6424451,127.0566038
230,영등포구,거주(유형별＊중증＊영유아)시설,송천한마음의집,경기 남양주시 수동면 비룡로1742번길 95 (내발리 377-3),031-559-4322,http://songhouse.or.kr,37.7686333,127.2906264
231,종로구,거주(유형별＊중증＊영유아)시설,은혜장애인요양원,강원 철원군 갈말읍 텃골1길 19 (문혜리 275-1),033-452-6161,www.eunhye1004.or.kr,38.191373,127.3679119
232,영등포구,거주(유형별＊중증＊영유아)시설,한사랑마을,경기 광주시 초월읍 산수로554번길 59-14 (신월리 333),031-764-2115,www.hanlove.or.kr,37.4114519,127.3143459
233,노원구,주간보호시설,해찬나래(상계),노원구 덕릉로115나길 25 (상계동 101-135) 상계종합사회복지관 내,02-951-9930~2,www.sanggyebokji.or.kr,37.66796,127.0783213
234,강동구,거주(유형별＊중증＊영유아)시설,우성원,강동구 고덕로 295-45 (고덕2동 298),02-428-0870,www.woosung.or.kr,37.5577349,127.1585865
235,광진구,주간보호시설,희망하우스,서울특별시 광진구 능동로34길 102-5 2층,02-452-5599,,37.5534274,127.0845626
236,송파구,주간보호시설,행복한사랑,서울특별시 송파구 오금로 548 1층,02-400-5090,,37.492663,127.1497186
237,은평구,주간보호시설,기원,서울특별시 은평구 통일로87길 6-19 .,02-353-1367,,37.623894,126.9188451
238,은평구,거주(유형별＊중증＊영유아)시설,시립평화로운집,은평구 갈현로15길 27-1 (구산동 산 61-8),02-3156-6500,www.pyeonghwa.or.kr,37.6080374,126.9064273
239,용산구,공동생활가정,자립홈,용산구 후암로28라길 9 예원빌라 103호 자립홈,070-5029-4925,,37.5497412,126.9797718
240,강동구,의료재활시설,주몽재활의원,강동구 상암로 369 (상일동 179),070-8255-0356,http://jumongrh.com,37.5460996,127.163854
241,관악구,의료재활시설,SRC부설의원,관악구 보라매로 44 (봉천동 722-19),02-871-3651,http://www.samyook.org/,37.4931647,126.9273467
242,마포구,단기보호시설,맑음터 단기보호센터,서울시 마포구 백범로 73-11(신수동),02-703-7105,,37.5491972,126.940503
243,강서구,단기보호시설,강서희망의집,강서구 강서로34길 36 (화곡동 1061-25),02-2605-7980,http://happylog.naver.com/himang1004.do,37.5433339,126.8415018
244,강서구,복지관,늘푸른나무복지관,강서구 가양동 1470-2 (허준로5길 37),02-3661-3401,www.egreen.or.kr,37.5685878,126.8511418
245,광진구,주간보호시설,희망의 학교,광진구 천호대로 622 (능동 247-5)  서울시민교회 5층,02-458-5599,,37.5540874,127.0864492
246,동작구,주간보호시설,서울시립지적장애인복지관 주간보호시설,동작구 여의대방로 20길 33 보라매공원내,02-840-1590,http://www.seoulidd.or.kr,37.4948959,126.9194519
247,강서구,단기보호시설,로뎀하우스,강서구 월정로16길 38 (화곡동 1152) 보람아파트 501-101,02-2606-5467,http://www.79home.net,37.5276589,126.8420647
248,강서구,단기보호시설,늘푸른집,강서구 금낭화로 26가길 130  1층 (개화동 330번지),02-2038-2165,http://cafe.naver.com/egreencenter,37.5842172,126.8115617
249,광진구,복지관,정립회관,광진구 워커힐로 93 (구의동 16-3),02-446-1237,http://www.jeongnip.or.kr/,37.5510878,127.0976313
250,구로구,주간보호시설,예은,서울특별시 구로구 부일로15길 25-5 4층,02-2616-4282,,37.493931,126.8331598
251,은평구,주간보호시설,바오로 주간보호,서울특별시 은평구 증산로5길 7 .,02-305-5180,,37.5826256,126.9071351
252,관악구,주간보호시설,실로암,서울특별시 관악구 조원로 127-2 301호,02-875-2235,,37.4855431,126.9164715
253,관악구,주간보호시설,꿈터2,서울특별시 관악구 쑥고개로13길 22 .,02-877-1968,,37.480544,126.9440956
254,종로구,주간보호시설,비둘기 주간보호,서울특별시 종로구 동숭4길 28 2층,02-766-9026,,37.5836606,127.0050508
255,중구,주간보호시설,여성시각장애인 주간보호,서울특별시 중구 퇴계로30길 15-3 4층,070-4012-1831,,37.5603966,126.9922777
256,중구,주간보호시설,남산골쉼터 주간보호,서울특별시 중구 퇴계로20길 41-11 남산쉼터 2층,02-3789-3268,,37.5587824,126.9867645
257,도봉구,주간보호시설,주바라기해피홈 주간보호,서울특별시 도봉구 도봉로169가길 45 ,02-3492-9135,,37.681942,127.0432301
258,은평구,주간보호시설,꿈친,서울특별시 은평구 통일로 934 1층,02-6181-7536,,37.6262994,126.9204209
259,금천구,주간보호시설,별바라기 주간보호,서울특별시 금천구 금하로18길 8-1 .,02-866-1314,,37.4522741,126.9050378
260,구로구,주간보호시설,하늘아래,서울특별시 구로구 경인로23길 8 301-1호,070-4240-1046,,37.4968112,126.844057
261,강남구,주간보호시설,밀알 주간보호,서울특별시 강남구 밤고개로1길 38 B동 101호,02-3414-0314,,37.4888999,127.1039991
262,강남구,주간보호시설,서울영동 주간보호,서울특별시 강남구 논현로132길 20 서울영동교회 교육관 2층,02-6925-3830,,37.5150375,127.0322439
263,서초구,단기보호시설,다니엘,서초구 헌릉로468길 21-16 (내곡동 1-1328),02-2226-2423,http://town.cyworld.com/care445,37.46071,127.0920009
264,은평구,복지관,서부장애인복지관,서울특별시 은평구 갈현로11길 30 서부장애인복지관,02-351-3982,,37.6051727,126.9075445
265,종로구,복지관,종로장애인복지관,서울특별시 종로구 자하문로 89 종로장애인복지관,02-6395-7071,,37.5840865,126.9699809
266,동대문구,복지관,동대문장애인 복지관,서울특별시 동대문구 청계천로 521 동대문 장애인복지관,02-927-0063,,37.5718253,127.0340454
267,서대문구,복지관,서대문장애인복지관,서울특별시 서대문구 북아현로 24 서대문장애인복지관,02-3140-3011,,37.5594749,126.9570462
268,광진구,단기보호시설,군자작은예수의집,광진구 군자동 254번지 .,02-462-6569,,37.5517899,127.0756752
269,서초구,주간보호시설,다니엘주간보호센터,서초구 헌릉로468길 21-16 (내곡동 1-1328번지),02-445-9630,http://daniel.ne.kr,37.46071,127.0920009
270,강서구,주간보호시설,늘푸른마을,강서구 까치산로22길 38 (화곡6동 960-22),02-2697-3880,http://www.kyonam.org,37.5480187,126.8523092
271,도봉구,거주(유형별＊중증＊영유아)시설,인강원,도봉구 평화로15번길 9-25 (도봉동 381-1),02-955-0527,http://www.inkang.kr,37.6947974,127.042399
272,중구,주간보호시설,시각장애인 주간보호,중구 퇴계로16길 35-21 (남산동1가 16-27),02-774-0085,,37.558898,126.9841298
273,강남구,주간보호시설,한우리,강남구 광평로60길 22 (수서동 721),02-2184-8707,,37.486981,127.1069631
274,양천구,공동생활가정,해누리하우스공동생활가정,양천구 곰달래로3길 24-12 201호 해누리하우스공동생활가정,070-4804-6042,,37.5321188,126.8329355
275,용산구,주간보호시설,농아노인지원센터,용산구 원효로 261 (원효로1가 39-1) 3층,02-2632-3372,,37.5408202,126.9694335
276,강서구,거주(유형별＊중증＊영유아)시설,교남시냇가,경기 파주시 적성면 어못내길 94-42 (어유지리 243),031-959-0711,,37.9983709,126.9883737
277,은평구,공동생활가정,한마음1호공동생활가정,은평구 통일로89길 5-7 3층 한마음1호공동생활가정,02-354-6102,,37.6242919,126.9193212
278,송파구,공동생활가정,한마음2호공동생활가정,송파구 위례성대로8길 46 301호 한마음2호공동생활가정,02-419-2172,,37.5110862,127.1174954
279,강동구,공동생활가정,한울그룹홈,강동구 양재대로124길 67-14 301호 한울그룹홈,02-483-3832,,37.542937,127.1462808
280,강서구,공동생활가정,해바라기집,강서구 강서로37길 58 (화곡동) 201호 해바라기집,02-2603-5399,,37.5436259,126.8343214
281,관악구,거주(유형별＊중증＊영유아)시설,SRC보듬터,경기 광주시 초월읍 경수길 25 (지월리 729-6),031-799-3979,www.ilovesamyook.org,37.4200418,127.2871428
282,은평구,거주(유형별＊중증＊영유아)시설,은평기쁨의집,은평구 갈현로11길 30 (구산동  191-1) 은평기쁨의집,02-388-0050,http://www.joyfulhouse.org,37.6051727,126.9075445
283,강남구,수화통역센터,강남구 수화통역센터,"강남구 개포로82길 13-17, 대화빌딩 402호 (개포동 186-7)",02-451-6798,http://cafe.daum.net/kndeaf,37.4889093,127.0685971
284,성동구,주간보호시설,성모주간보호센터,성동구 독서당로44길 25 (금호동4가 28-1),02-2290-1120,,37.5454913,127.0204183
285,도봉구,주간보호시설,지앤지,도봉구 삼양로 574-44 (쌍문동 505-11)  2층,02-998-2855,http://www.cyworld.com/u2dong,37.6543648,127.0139811
286,강남구,복지관,강남장애인복지관,강남구 개포로 605 (개포동12-10),02-445-8006,www.activeart.or.kr,37.4919994,127.0734789
287,강동구,공동생활가정,해솔그룹홈,강동구 양재대로110길 15-5 301호 해솔그룹홈,02-474-3832,,37.5357718,127.1403251
288,동작구,거주(유형별＊중증＊영유아)시설,삼성농아원,동작구 양녕로30길 19-4 (상도4동 211-121),02-823-2234,www.samsungi.org,37.4992438,126.946014
289,서초구,거주(유형별＊중증＊영유아)시설,다니엘복지원,서초구 헌릉로468길 21-16 (내곡동 1-1328),02-445-4892,www.love.daniel.ne.kr,37.46071,127.0920009
290,서초구,거주(유형별＊중증＊영유아)시설,새빛맹인재활원,서초구 방배중앙로 99 (방배4동 858-39),02-533-9820,www.saebit.or.kr,37.4881687,126.9882944
291,용산구,공동생활가정,행복이가득한집,용산구 후암로28라길 9 예원빌라 201호 행복이가득한집,02-2236-9081,,37.5497412,126.9797718
292,강북구,공동생활가정,헬렌켈러의집,강북구 삼양로91가길 8 JS홈타운 2동 501호 헬렌켈러의집,02-905-1530,,37.636535,127.0158473
293,강서구,공동생활가정,화곡성모공동생활가정,강서구 까치산로24길 15-11 3층 301호 화곡성모공동생활가정,02-2605-6521,,37.549574,126.8523014
294,강북구,공동생활가정,희망을긷는샘,강북구 삼양로163길 31-5 101호 희망을긷는샘,02-950-0152,,37.6586481,127.0117035
295,강동구,주간보호시설,아이비주간보호,강동구 천중로 87 (천호동 300-7) 4층,02-474-3825,http://www.ibe.or.kr/,37.5447879,127.1317169
296,동작구,복지관,서울시립지적장애인복지관,서울특별시 동작구 여의대방로20길 33 보라매공원 내 서울시립지적장애인복지관,02-840-1500,www.seoulidd.or.kr,37.4948959,126.9194519
297,도봉구,수화통역센터,도봉구수화통역센터,"서울특별시 도봉구 마들로13길 153 창동,옥산빌딩",02-900-2331,http://town.cyworld.com/dbdeaf,37.6570577,127.0462441
298,노원구,주간보호시설,노원시각장애인,노원구 덕릉로20가길 98 (상계동 771) 노원시각장애인복지관 내,02-931-0889,,NaN,NaN
299,서초구,수화통역센터,서초수화통역센터,서초구 서운로23길 17 (서초4동 1313-17) 명달공원 노인정내,02-575-5120,http://www.scdeaf.net,37.4990443,127.0211616
300,도봉구,주간보호시설,주간보호시설 인강원,도봉구 평화로15번길 9-25 (도봉동 381-1),02-955-0527,,37.6947974,127.042399
301,강남구,복지관,성모자애복지관,강남구 헌릉로 757길 35 (율현동 100),02-3411-9581,www.smwelfare.or.kr,37.4705425,127.1194354
302,서대문구,공동생활가정,작은숨골공동생활가정,서대문구 연희로41가길 103-7 작은숨골공동생활가정,02-379-6278,,37.5937142,126.9336987
303,강서구,주간보호시설,우리집주간보호시설,강서구 양천로47길 70-6 (마곡동 7-8호) 4층,02-2658-7556,http://woorilove.org,37.573335,126.8375259
304,중구,공동생활가정,제4샬롬장애인공동생활가정,중구 동호로15가길 37 2층 제4샬롬장애인공동생활가정,02-2253-1664,,37.5546953,127.0071172
305,양천구,공동생활가정,주은장애인공동생활가정,"양천구 목동동로 228-10(목동,3층) 주은장애인공동생활가정",02-2691-5746,,37.5256697,126.8728031
306,노원구,공동생활가정,중계1호,노원구 노원로19길 31 시영4단지목화A  410동 108호 중계1호,02-974-0185,,37.6434857,127.0695572
307,노원구,공동생활가정,중계2호,노원구 노원로19길 31 412동 105호 (시영4단지목화A) 중계2호,02-973-0185,,37.6434857,127.0695572
308,금천구,수화통역센터,금천구수화통역센터,서울특별시 금천구 시흥대로147길 30-15 2층,02-891-8301,http://cafe.daum.net/gcdeaf02,37.4747907,126.8961838
309,양천구,수화통역센터,양천구수화통역센터,서울특별시 양천구 신정중앙로 86 대영빌딩 4층,02-2691-9060,http://cafe.daum.net/yc-deaf,37.5264291,126.8610959
310,도봉구,공동생활가정,자운그룹홈,도봉구 도봉로185길 14 201호 자운그룹홈,02-990-7560,,37.685548,127.0443605
311,금천구,공동생활가정,지장의 집,"금천구 독산로14길 13, 301호 지장의 집",02-803-9050,,37.4523725,126.9076225
312,구로구,공동생활가정,참좋은집(구 제3샬롬),구로구 중앙로5길 62 서울가든아파트 104-902 참좋은집(구 제3샬롬),02-2625-1118,,37.5027127,126.8608113
313,서대문구,공동생활가정,최종병기,서대문구 연희로41가길 103-13 최종병기,02-365-5540,,37.593828,126.9336964
314,강남구,공동생활가정,충현의집1호,강남구 삼성로67길 8-7 새움빌라 401호 충현의집1호,02-565-7512,,37.5013588,127.0583308
315,강남구,공동생활가정,충현의집2호,강남구 선릉로146길 27-4 굿모닝하우스 302호 충현의집2호,02-565-7508,,37.5220489,127.042467
316,서초구,공동생활가정,충현의집3호,"서초구 동산로12길 20, 동은빌라 301호 충현의집3호",02-565-7566,,37.4708295,127.0456637
317,강남구,공동생활가정,충현의집4호,강남구 삼성로147길 16-10  401호 충현의집4호,02-565-7507,,37.5219683,127.0465417
318,강남구,공동생활가정,충현의집5호,강남구 학동로42길 55-10 계림빌라 401호 충현의집5호,02-565-7510,,37.512011,127.0375641
319,강남구,공동생활가정,충현의집6호,강남구 삼성로57길 33-1 리치빌 202호 충현의집6호,070-8128-9310,,37.4972114,127.05847
320,강서구,공동생활가정,푸른터1호,강서구 초록마을로26길 35-8 201호 푸른터1호,02-3661-3431,,37.5390527,126.8494162
321,강서구,공동생활가정,푸른터2호,강서구 화곡로13길 20-9 201호 푸른터2호,02-2695-0815,,37.541068,126.8336758
322,강서구,공동생활가정,푸른터3호,강서구 초록마을로8길 59-6 101호 푸른터3호,02-2695-0816,,37.5399549,126.8487051
323,서초구,주간보호시설,서리풀,서초구 남부순환로340길 15 (서초동 380) (한우리정보문화센터내),02-2055-0909,http://www.shc.or.kr,37.4820619,127.0250115
324,송파구,단기보호시설,행복을나누는사람들,송파구 성내천로 271 (마천동 207-7),02-448-9800,http://www.peoplehappy.or.kr,37.4963274,127.1544677
325,구로구,주간보호시설,민들레쉼터장애인주간보호시설,서울특별시 구로구 가마산로 231 5동 101호,02-861-1472,http://cafe.naver.com/mindullae52,37.4958769,126.8857722
326,구로구,복지관,에덴장애인종합복지관,구로구 고척로21가길 84-35 (개봉1동 50-8),02-2611-1711,www.edenwelfare.or.kr,37.5011929,126.8412441
327,강동구,공동생활가정,하늘자리공동생활가정,강동구 동남로 85길 15 2층 202호 하늘자리공동생활가정,02-441-3472,,37.5612461,127.1558947
328,양천구,공동생활가정,하은장애인공동생활가정,양천구 신목로5길 11-14 그린빌 D동 201호 하은장애인공동생활가정,02-2691-5749,,37.5172269,126.8738321
329,노원구,복지관,다운복지관,노원구 화랑로 478 (공릉동 656-3),02-3296-2114,www.down.or.kr,37.6189464,127.0803288
330,구로구,공동생활가정,하이드림,구로구 고척동 21다길 34-7 리움하우스 501호 하이드림,02-2695-9998,,NaN,NaN
331,강북구,수화통역센터,강북구 수화통역센터,강북구 한천로131길 7 (번1동 417-24) 경일빌딩 3층 301호,02-990-0872,gbdeaf.or.kr,37.6387,127.0279155
332,은평구,수화통역센터,은평구수화통역센터,은평구 증산서길 82 (증산동 186-11) 1층,02-358-7051,http://cafe.naver.com/epdeaf,37.583607,126.9068507
333,금천구,복지관,금천장애인종합복지관,서울특별시 금천구 시흥대로101길 17 (독산동 1011-1),02-6912-8000,www.gcacts.org,37.4639847,126.8963228
334,중구,공동생활가정,하늘마음,중구 동호로 11나길 35 202호 하늘마음,02-2235-8708,,37.5521663,127.0063979
335,강동구,공동생활가정,한다솜그룹홈,강동구 아리수로74길 31 201호 한다솜그룹홈,02-426-3887,,37.5613736,127.16096
336,영등포구,복지관,서울시립영등포장애인복지관,영등포구 버드나루로 22 (영등포동2가 94-379),02-3667-0870~5,www.ydp-welfare.or.kr,37.5208661,126.912915
337,동대문구,단기보호시설,하늘꿈터 장애인 단기보호시설,동대문구 천장산로13길 41-1 (이문2동 408-4),02-969-3927,www.hamgge.or.kr,37.6006044,127.0557604
338,관악구,의료재활시설,SRC재활병원,경기 광주시 초월읍 경수길 25 (지월리 729-6),031-760-3613,http://hospital.samyook.org/,37.4200418,127.2871428
339,종로구,거주(유형별＊중증＊영유아)시설,문혜장애인요양원,강원 철원군 갈말읍 텃골1길 13 (문혜리 236-1),033-452-7881,www.munhye92.or.kr,38.1913924,127.3680549
340,노원구,거주(유형별＊중증＊영유아)시설,대린원,노원구 동일로248길 30 (상계1동 1266),02-939-2298,http://daerin.hongpa.co.kr,37.6804458,127.0566356
341,성동구,복지관,성동장애인종합복지관,성동구 청계천로 506 (마장동 527-2),02-2290-3100,http://www.omni.or.kr/new/,37.5702032,127.0334414
342,송파구,거주(유형별＊중증＊영유아)시설,임마누엘집,송파구 양산로10길 26 (거여2동 251-40),02-449-6956,http://www.im21.org,37.4914752,127.1466758
343,강서구,주간보호시설,성산푸른초장주간보호시설,"서울시 강서구 양천로 30길 14  3층 (마곡동,벧엘빌딩)",02-2665-7273,http://home.dagle.co.kr/?id=sungsan,37.5725481,126.8226167
344,서초구,주간보호시설,서초여성회관주간보호센터,서초구 방배로 40 (방배3동 1023-3),02-522-0291,http://www.women.co.kr,37.4784409,126.9999918
345,강남구,주간보호시설,해마을 주간보호,강남구 개포로 617-8 (개포동 14-2),02-3412-2222,,37.4940531,127.0777925
346,강남구,주간보호시설,성모자애제2주간보호,강남구 헌릉로757길 35 (율현동 110번지),02-3411-9581,http://www.smwelfare.or.kr,37.4705425,127.1194354
347,성북구,복지관,성북시각장애인복지관,성북구 동소문로25가길 20 (동선동4가 279-1),02-923-4555,www.blindnet.or.kr,37.5954013,127.0192464
348,용산구,주간보호시설,한벗,용산구 효창원로69길 42-3 (효창동 5-134),02-713-5050,http://www.hanbeot.org,37.542842,126.9601817
349,도봉구,복지관,도봉장애인종합복지관,서울특별시 도봉구 마들로 664 -23,02-6952-1777,,37.6693393,127.0477251
350,송파구,주간보호시설,행복,서울특별시 송파구 마천로 89 .,02-430-8003,,37.5069073,127.1304692
351,강북구,주간보호시설,헬렌켈러의집,서울특별시 강북구 삼양로80길 7 3층,02-6402-1791,,37.6309477,127.0183098
352,노원구,거주(유형별＊중증＊영유아)시설,동천의집,노원구 노원로18길 41 (하계동 288-1),02-974-9577,www.dong-chun.org,37.6445781,127.0728729
353,성북구,단기보호시설,행복플러스 단기보호시설,서울특별시 성북구 화랑로 134 (월곡동),02-6959-8100,,37.6049746,127.0463687
354,도봉구,단기보호시설,도봉단지보호시설,서울특별시 도봉구 마들로 709 덕원빌딩5층(도봉동),02-3491-3091,,37.6735113,127.0465248
355,용산구,수화통역센터,용산구 수화통역센터,서울특별시 용산구 이태원로27가길 42 3층,02-706-8367,http://blog.naver.com/ysdeaf,37.5350455,126.9928477
356,강남구,주간보호시설,예수와주간&#48399;,서울특별시 강남구 압구정로22길 21 웨슬리관 1층,02-549-7766,,37.5242737,127.0265933
357,기타,복지관,홀트강동복지관,서울특별시 강동구 아리수로93길 41 홀트강동복지관,02-2251-6100,www.holtgangdong.or.kr,37.5662223,127.1732599
358,강동구,거주(유형별＊중증＊영유아)시설,암사재활원,강동구 올림픽로 864 (암사동  196-1) 암사재활원,02-441-0407,http://www.swsamsa.or.kr/,37.5583806,127.1314318
359,관악구,복지관,실로암시각장애인복지관,관악구 남부산환로 1717 (봉천동 931-7),02-880-0500,http://www.silwel.or.kr/,NaN,NaN
360,종로구,주간보호시설,라파엘의 집,종로구 자하문로7길 68-4 (누하동  1-10) 라파엘의 집 주간보호센터,02-739-7024,http://www.raphayel.org,37.5803259,126.9692505
361,강남구,복지관,하상장애인복지관,강남구 개포로 613 (개포동 12-5),02-451-6000,http://www.hasang.org/,37.4925325,127.0751283
362,강서구,복지관,기쁜우리복지관,강서구 허준로 65 (가양동 1466번지),02-3665-3831,http://www.gibbun.or.kr,37.5693631,126.8487793
363,강북구,거주(유형별＊중증＊영유아)시설,디딤자리,강북구 덕릉로12길 13 (수유동  472-101) 디딤자리,02-987-6009,http://www.didimjary.com,37.6333964,127.0162993
364,노원구,거주(유형별＊중증＊영유아)시설,쉼터요양원,노원구 동일로248길 30 (상계동  1266-0) 쉼터요양원,02-937-5057,http://www.hongpa.org,37.6804458,127.0566356
365,강남구,거주(유형별＊중증＊영유아)시설,라파엘의집,경기 여주군 북내면 당전로 552 (중암리 산48-8),031-883-6637,www.raphael1004.co.kr,37.3546886,127.7164838
366,서초구,주간보호시설,다니엘방배 주간보호센터,서초구 서초대로12길 8 (방배동 945-9번지),02-525-2536,http://town.cyworld.com/bangbae2008,37.485662,126.9884189
367,강북구,단기보호시설,헬렌켈러의 집,강북구 삼양로77가길 48-2 (수유동 484-28),02-980-1791,http://helen.hompee.com/,37.6285768,127.0153197
368,서대문구,수화통역센터,서울시수화통역센터 지원본부,서대문구 경기대로 15 (충정로3가 32-11) 엘림넷빌딩 3층,02-323-4996,http://www.sdeaf.or.kr,37.5608423,126.9616536
369,강서구,수화통역센터,강서구수화통역센터,강서구 공항대로41길 51 (등촌3동 696) 세신그린코아빌딩 815호,02-3665-4474,http://cafe.naver.com/ksdeaf,37.5602476,126.8457795
370,관악구,수화통역센터,관악구수화통역센터,서울특별시 관악구 쑥고개로 128 1층,02-865-4466,http://kadeaf.com,37.4787078,126.9506938
371,노원구,재활체육시설,동천재활체육센터,노원구 노원로18길 41 (하계동 288-1) 동천재활체육센터,02-949-9114,http://www.dcsports.co.kr,37.6445781,127.0728729
372,은평구,재활체육시설,서부재활체육센터,은평구 갈현로11길 30 (구산동 191-1),02-7113-5843,www.sbsports.or.kr,37.6051727,126.9075445
373,송파구,재활체육시설,시각장애인축구장,송파구 올림픽로 474 (방이동 88-10),02-2202-8144,http://songpa.dasan.org/?view=biz/field_1.html,NaN,NaN
374,동대문구,주간보호시설,아름드리,서울특별시 동대문구 한천로58길 107 1층,02-957-0058,,37.6012805,127.0701994
375,용산구,복지관,용산장애인복지관,용산구 효창원로93길 49 (효창동 3-268),02-707-1970,www.ysrehab.or.kr,37.5473314,126.9615768
376,송파구,주간보호시설,사랑나눔,서울특별시 송파구 마천로51길 28 .,02-400-8460,,37.4969257,127.1526069
377,서대문구,주간보호시설,서대문 주간보호,서울특별시 서대문구 북아현로4차길 4 .,02-365-1262,,37.5608516,126.9603379
378,동작구,주간보호시설,디딤돌,동작구 성대로 37길 46(상도동) 1층 (상도2동 201-22번지 1층),02-825-0331,http://cafe.daum.net/didimdol0331,37.5009169,126.9389164
379,구로구,수화통역센터,구로구수화통역센터,구로구 가마산로 272 강서수도사업소 민원센터 4층,02-865-1077,www.gurodeaf.org,37.4957503,126.8906802
380,서대문구,주간보호시설,다솜,서울특별시 서대문구 증가로4길 53 1층,02-372-4120,,37.5779284,126.927864
381,송파구,주간보호시설,삼전 주간보호,서울특별시 송파구 백제고분로32길 35 .,02-421-6077,,37.4992108,127.0949624
382,관악구,거주(유형별＊중증＊영유아)시설,실로암요양원,경기도 양주시 광적면 쇠장이길 656 ,031-876-2900,,37.795667,126.9228052
383,중구,수화통역센터,중구수화통역센터,중구 퇴계로20길 41-11 (남산동2가 20-1) 남산쉼터 2층,02-3789-3268,http://jgdeaf.org,37.5587824,126.9867645
384,강서구,주간보호시설,꿈자람터,"서울특별시 강서구 공항대로43길 104 ,",02-2658-6594,,37.5605474,126.851713
385,동대문구,수화통역센터,동대문구수화통역센터,서울특별시 동대문구 청계천로 521 다사랑행복센터 5층,02-962-5798,http://cafe.daum.net/ddmdeaf,37.5718253,127.0340454
386,관악구,주간보호시설,꿈터,서울특별시 관악구 쑥고개로13길 24 .,02-3285-1968,,37.4806373,126.9441052
387,동작구,수화통역센터,동작구수화통역센터,서울특별시 동작구 만양로3길 14 3층,02-815-7750,,37.5080526,126.9469863
388,강북구,단기보호시설,프란치스코의집,서울특별시 강북구 노해로23길 88-18 .,02-995-9004,,37.6472679,127.0195317
389,종로구,수화통역센터,종로구수화통역센터,서울특별시 종로구 종로5길 31 2층,02-730-5563,http://cafe.daum.net/jongno63,37.5716925,126.9803991
390,마포구,단기보호시설,계명원,마포구 동교로 55-10 (망원동 384-50),02-322-2144,,37.5537259,126.9083968
391,양천구,주간보호시설,신목,서울특별시 양천구 신목로 5 .,02-2643-7222,,37.5169813,126.8761637
392,양천구,주간보호시설,베다니,서울특별시 양천구 남부순환로65길 12-2 .,02-2692-5081,,37.5276203,126.8355736
393,용산구,주간보호시설,용산구립 장애인주간보호,서울특별시 용산구 한강대로 331 3층,02-701-4282,,37.5479137,126.9715145
394,강서구,단기보호시설,우리집,서울특별시 강서구 양천로47길 70-6 3층,02-2658-7503,,37.573335,126.8375259
395,강북구,단기보호시설,꿈을씻기우는 손,강북구 인수봉로61길 12-4 (수유동 410-65),02-904-0502,http://www.dreamhand.kr,37.6385891,127.0128655
396,은평구,의료재활시설,서울재활병원,서울특별시 은평구 갈현로11길 30 서울재활병원,02-6020-3090,,37.6051727,126.9075445
397,금천구,단기보호시설,금천단기보호센터,서울특별시 금천구 시흥대로 182 3층(시흥동),02-809-9194,,37.4502054,126.9027242
398,종로구,단기보호시설,덕유린단기거주시설,서울특별시 종로구 난계로25길 32 5층(숭인동),02-2235-1445,,37.5725721,127.0212667
399,강북구,주간보호시설,한마음주간보호시설(강북),강북구 삼양로119길 12 (인수동 313-43) 401호,02-906-5009,kpat.Or.Kr,37.6442782,127.0153927
400,노원구,거주(유형별＊중증＊영유아)시설,천애재활원,노원구 중계로 163 (중계동 308-1),02-930-4635,www.chunae.or.kr,37.6497867,127.0800592
401,송파구,재활체육시설,서울곰두리체육센터,서울특별시 송파구 동남로 271 서울곰두리체육센터,02-404-6240,,37.5005011,127.1354695
402,마포구,의료재활시설,푸르메재단넥슨어린이재활병원,서울특별시 마포구 월드컵북로 494 푸르메재단넥슨어린이재활병원,02-6070-9000,,37.5846474,126.8805203
403,마포구,재활체육시설,푸르메스포츠센터,서울특별시 마포구 월드컵북로 494 푸르메스포츠센터,02-6070-9272,,37.5846474,126.8805203
404,종로구,단기보호시설,라파엘단기거주시설,서울특별시 종로구 필운대로2길 16 (체부동),02-739-7020,,37.5788485,126.9697946
405,강서구,주간보호시설,햇볕교실,서울특별시 강서구 개화동로21길 4 sh공사 아파트 11단지 내,02-2663-0670,http://www.banghwa11.or.kr/,37.5703575,126.8054814
406,중랑구,수화통역센터,중랑구수화통역센터,서울특별시 중랑구 면목로 357 중랑구수화통역센터,02-2208-1084,,37.5839962,127.0881503
407,구로구,주간보호시설,좋은친구,서울특별시 구로구 경인로25길 56 좋은친구 주간보호시설,02-2619-8223,,37.4985068,126.8432001
408,양천구,단기보호시설,맑은샘 장애인단기거주시설,서울특별시 양천구 신월로 192 202호(신월동),02-2692-2448,,37.519561,126.844287
409,양천구,주간보호시설,한빛,서울특별시 양천구 신월로11길 16 .,02-2690-8762,,37.5190803,126.840248
410,서대문구,단기보호시설,서은단기보호시설,서울특별시 서대문구 가좌로 19 402호(연희동),02-332-1214,,37.5768539,126.9333336
411,서초구,주간보호시설,하늘동산,"서초구 서초대로73길 54 (서초4동 1309-1) 디오빌강남 321, 322, 324호",02-592-7731,town.cyworld.com/hanl,37.5020158,127.0240727
412,은평구,주간보호시설,한마음 주간보호(은평),서울특별시 은평구 연서로17길 47 3층,02-353-4889,,37.6139986,126.912351
413,강동구,주간보호시설,해피죤,서울특별시 강동구 상암로 195 5층,02-429-5200,,37.5466315,127.1441958
414,강남구,단기보호시설,성모자애단기거주시설 미리암의 집,서울특별시 강남구 헌릉로757길 35 (세곡동),02-3410-8814,,37.4705425,127.1194354
415,강서구,단기보호시설,선린원,서울특별시 강서구 까치산로22길 35-5 화곡동 959-20,02-2654-3372,http://www.선린원.kr,37.548617,126.8529695
416,은평구,거주(유형별＊중증＊영유아)시설,은평재활원,은평구 갈현로11길 30 (구산동 191-1),02-385-2046,http://www.changel.kr,37.6051727,126.9075445
417,도봉구,주간보호시설,도봉주간보호센터,도봉구 도당로 53 (방학동  665-31) 2층,02-3494-5663,,37.6629794,127.0345483
418,노원구,거주(유형별＊중증＊영유아)시설,늘편한집,노원구 중계로 163 (중계동 308-3),02-933-5228,www.nlpyun.com,37.6497867,127.0800592
419,강동구,단기보호시설,센터봄 장애인단기보호,서울특별시 강동구 천호대로 1210 4층,02-471-5448,,37.534928,127.1456693
420,중랑구,단기보호시설,시립중랑단기보호센터,중랑구 망우동 479-123,02-434--2114,,37.5937762,127.0944239
421,용산구,주간보호시설,햇빛자리,서울특별시 용산구 백범로47길 24 101호,02-719-3578,,37.5410145,126.9595696
422,강서구,단기보호시설,성산푸른초장 단기거주시설,서울특별시 강서구 양천로30길 14 2층(마곡동),02-2692-5665,,37.5725481,126.8226167
423,구로구,주간보호시설,햇살터,서울특별시 구로구 남부순환로105라길 25-10 3층,070-4423-6140,,37.481318,126.890488
424,동작구,복지관,서울시립남부장애인종합복지관,서울특별시 동작구 여의대방로20길 33 (보라매공원 내),02-829-7100,www.ilovenambu.or.kr,37.4948959,126.9194519
425,성북구,거주(유형별＊중증＊영유아)시설,승가원(舊 상락원),성북구 개운사길 76-1 (안암동5가 10-1),02-921-6410,www.sgwonchild.or.kr,37.5900806,127.0298509
426,성북구,복지관,성북장애인복지관,성북구 화랑로 130 (하월곡동 11-11),02-915-9200,www.sb.sgwon.or.kr,37.6046346,127.0457682
427,종로구,직업재활시설,더해봄 (종로구립근로작업장),종로구 대학로3길 14 (효재동) 더해봄 (종로구립근로작업장),02-742-0660,,37.5741691,127.0014513
428,중구,직업재활시설,나누리장애인 보호작업장,중구 서애로 5길 12-17 나누리장애인 보호작업장,02-2269-8412,,37.5591322,126.9969764
429,영등포구,주간보호시설,성락,영등포구 도림로 304 (신길3동 355-74) 2층,02-849-8292,,37.5048725,126.9030456
430,강북구,단기보호시설,한마음 단기보호시설,"강북구 삼양로119길 12 (인수동 313-43) 201호, 301호",02-906-5009,kpat.Or.Kr,37.6442782,127.0153927
431,용산구,직업재활시설,용산구립 장애인보호작업장,용산구 한강대로 331 (갈월동) 용산구립 장애인보호작업장,02-711-7882,,37.5479137,126.9715145
432,종로구,직업재활시설,문혜장애인 보호작업장,강원도 철원군 갈말읍 텃골1길13 문혜장애인 보호작업장,033-452-6164,,38.1913924,127.3680549
433,종로구,직업재활시설,비둘기보호작업장,종로구 동숭4길 28 비둘기보호작업장,02-743-9026,,37.5836606,127.0050508
434,성동구,직업재활시설,성동직업훈련시설,성동구 청계천로 506 성동직업훈련시설,02-2290-3126,,37.5702032,127.0334414
435,성동구,직업재활시설,성모보호작업장,성동구 금호산9가길 57-10 성모보호작업장,02-2238-5881,,37.5529775,127.0185627
436,성동구,직업재활시설,공감보호작업장,성동구 아차산로144 B101-1 공감보호작업장,02-3409-8270,,37.5431287,127.0596182
437,광진구,직업재활시설,정립전자,광진구 워커힐로 93(구의동) 정립전자,02-446-6867,,37.5510878,127.0976313
438,광진구,직업재활시설,정립장애인 보호작업장,광진구 워커힐로 93 (정립회관 체육관 3층) 정립장애인 보호작업장,02-454-5505,,37.5510878,127.0976313
439,광진구,직업재활시설,광진장애인 보호작업장,광진구 동일로80길 20 광진장애인 보호작업장,02-468-4376,,37.5700914,127.0809451
440,광진구,직업재활시설,희망일터 보호작업장,광진구 천호대로 622 (능동247-5 5층)501호 희망일터 보호작업장,02-457-4385,,37.5540874,127.0864492
441,동대문구,직업재활시설,데일리스 보호작업장,동대문구 천호대로83길14 데일리스 보호작업장,02-2217-0328,,37.5628162,127.0647613
442,동대문구,직업재활시설,동문엔터프라이즈,동대문구 장안벗꽃길로 7길 5 (휘경동) 동문엔터프라이즈,070-2244-3100,,NaN,NaN
443,동대문구,직업재활시설,꿈드래보호작업장,"동대문구 무학로28길 17-2, 1층(용두동) 꿈드래보호작업장",02-928-7114,,37.5748101,127.0318272
444,중랑구,직업재활시설,원광보호작업장,중랑구 신내로56 원광보호작업장,02-438-2605,,37.604429,127.0959641
445,중랑구,직업재활시설,중랑구립 직업재활센터,중랑구 숙선옹주로9길 55 중랑구립 직업재활센터,02-977-8291,,37.6174814,127.0836472
446,중랑구,직업재활시설,참좋은센터,중랑구 봉화산로56길 99-15 (신내동) 참좋은센터,02-491-3773,,37.6043455,127.0982796
447,강동구,거주(유형별＊중증＊영유아)시설,우성장애인요양원,강동구 고덕로 295-45 (고덕2동 298),02-428-0870,www.woosung.or.kr,37.5577349,127.1585865
448,노원구,직업재활시설,노원구립 장애인보호작업시설,노원구 노원로 311 중계제1공단 301호 노원구립 장애인보호작업시설,02-972-4362,,37.6450354,127.0704844
449,중랑구,직업재활시설,조은세상,중랑구 동일로 140길 31-21 조은세상,02-439-9593,,37.6046383,127.0807737
450,중랑구,직업재활시설,아름다운,중랑구 망우로 55길 32 103 아름다운,02-971-1767,,37.5988958,127.0939016
451,강서구,재활체육시설,기쁜우리재활체육센터,강서구 허준로 65 (가양동 1466),02-3663-8114,,37.5693631,126.8487793
452,성북구,직업재활시설,해피워크,성북구 오패산로 21 해피워크,02-918-9190,,37.6041316,127.0370806
453,성북구,직업재활시설,행복플러스작업장,성북구 화랑로134 행복플러스작업장,02-6959-8100,,37.6049746,127.0463687
454,강북구,직업재활시설,번동코이노니아 장애인보호작업시설,"강북구 한천로 115길 20, 501동 (번동, 주공) 번동코이노니아 장애인보호작업시설",02-985-3609,,37.6333214,127.0357442
455,강북구,직업재활시설,강북구립 장애인보호작업장,강북구 번2동 616-33호 강북구립 장애인보호작업장,02-986-7733,,NaN,NaN
456,강북구,직업재활시설,번동보호작업장,"강북구 한천로 115길 20, 501동 (번동, 주공) 번동보호작업장",02-987-8337,,37.6333214,127.0357442
457,강북구,직업재활시설,효정 근로사업장,강북구 삼양로77길 38 효정 근로사업장,02-989-3148,,37.6295055,127.0161919
458,도봉구,직업재활시설,도봉장애인 보호작업시설,도봉구 마들로 664-17 2층 도봉장애인 보호작업시설,02-955-9427,,37.6695557,127.0474776
459,도봉구,직업재활시설,인강원,도봉구 평화로15번길 9-25(도봉동) 인강원,02-3493-0529,,37.6947974,127.042399
460,도봉구,직업재활시설,굿윌스토어,도봉구 마들로 664-17 굿윌스토어,02-6910-9191,,37.6695557,127.0474776
461,노원구,직업재활시설,가브리엘 보호작업시설,노원구 한글비석로 24라길 94-13 가브리엘 보호작업시설,02-951-9707,,37.6664592,127.0697787
462,노원구,직업재활시설,보담터(천애보호),노원구 중계로 163 지하1층 보담터(천애보호),02-935-0655,,37.6497867,127.0800592
463,노원구,직업재활시설,해맑음보호작업시설,노원구 동일로 1097(공릉동) 해맑음보호작업시설,02-949-6739,,37.6278281,127.0712554
464,노원구,직업재활시설,북부장애인 직업재활시설,노원구덕릉로70가길 92(상계동) 북부장애인 직업재활시설,02-2092-1791,,37.6425386,127.0569904
465,노원구,직업재활시설,대린직업훈련원,노원구 동일로248길 30 대린직업훈련원,02-939-0607,,37.6804458,127.0566356
466,노원구,직업재활시설,아람마을 보호작업장,노원구월계로 338-16(월계동) 아람마을 보호작업장,02-909-4604,,37.6287552,127.0581756
467,노원구,직업재활시설,동천,노원구노원로 18길 41(하계동) 동천,02-974-2950,,37.6445781,127.0728729
468,은평구,직업재활시설,은평구립 직업재활센터,은평구 녹번로1길 13 은평구립 직업재활센터,02-384-1320,,37.604796,126.9262685
469,동대문구,복지관,동문장애인복지관,동대문구 장안벚꽃로7길 5 (휘경동 49-39),02-2244-3100,http://www.dongmuncenter.or.kr,37.5831618,127.0732199
470,강북구,거주(유형별＊중증＊영유아)시설,한빛맹아원,강북구 삼양로73가길 47 (수유1동 484-21),02-989-6017,www.myhanbit.org,37.6280507,127.0158134
471,노원구,거주(유형별＊중증＊영유아)시설,동천요양원,노원구 노원로18길 41 (하계동 288-1),02-974-9501,www.dongchuncare.org,37.6445781,127.0728729
472,마포구,거주(유형별＊중증＊영유아)시설,마리스타의집,충북 충주시 산척면 지속골길 71 (영덕리 262-10),043-853-5313,www.imarista.co.kr,37.0634895,127.9703874
473,양천구,거주(유형별＊중증＊영유아)시설,향유의 집(구 석암베데스다요양원),경기 김포시 양촌읍 양곡4로 164 (양촌면 양곡리 491),031-981-0909,www.hyangyou.or.kr,37.6595071,126.6264875
474,영등포구,거주(유형별＊중증＊영유아)시설,한사랑장애영아원,경기 광주시 초월읍 산수로554번길 59-14 (신월리 333),031-764-3117,www.ajang-ajang.or.kr,37.4114519,127.3143459
475,관악구,거주(유형별＊중증＊영유아)시설,도란도란,관악구 국회단지길 67 (봉천동 635-665),02-875-4005,www.drdr.or.kr,37.4886733,126.9412779
476,양천구,직업재활시설,샘,양천구 목동로1길 24 샘,02-2648-2298,,37.5085745,126.871071
477,양천구,직업재활시설,희망일굼터,양천구 신정로 267  양천벤처타운 804호 희망일굼터,070-8913-2465,,37.5122137,126.8506887
478,강서구,직업재활시설,기쁜우리 보호작업장,강서구 허준로 65 기쁜우리 보호작업장,02-3665-0866,,37.5693631,126.8487793
479,강서구,직업재활시설,그라나다 보호작업센터,강서구 허준로5길 37 그라나다 보호작업센터,02-3661-3402,,37.5686,126.851175
480,강서구,직업재활시설,행복을파는장사꾼,강서구 화곡동 까치산로134 3층 행복을파는장사꾼,02-2065-1591,,NaN,NaN
481,강서구,직업재활시설,강서구휴먼희망일터,"강서구 강서로 466, 102호 강서구휴먼희망일터",070-7731-3620,,37.5669031,126.8414523
482,은평구,직업재활시설,누야하우스,은평구 갈현로 11길30(구산동) 누야하우스,02-351-3599,,37.6051727,126.9075445
483,은평구,직업재활시설,은평보호작업장,은평구 갈현로 11길 30 (구산동) 은평보호작업장,02-388-2363,,37.6051727,126.9075445
484,은평구,직업재활시설,바오로교실 보호작업장,은평구 증산로5길 7 바오로교실 보호작업장,02-306-5180,,37.5826256,126.9071351
485,은평구,직업재활시설,똘레랑스 보호작업장,은평구 연서로 21길 31 지하 똘레랑스 보호작업장,02-352-2477,,37.6154017,126.9143712
486,은평구,직업재활시설,빛가람장애인시설,은평구 갈현로 339 (갈현동) 빛가람장애인시설,070-4601-2424,,37.6266177,126.9189449
487,은평구,직업재활시설,빛나눔보호작업장,"은평구 수색로 390-29(수색동,1층) 빛나눔보호작업장",02-309-7480,,37.5910253,126.8852448
488,서대문구,직업재활시설,그린내,서대문구 명지2길 14 (홍은동304-1) 그린내,02-303-4520,,37.5831244,126.9278855
489,서대문구,직업재활시설,장애인내일키움 직업교육센터,서대문구 연희로33가길6-15 장애인내일키움 직업교육센터,02-323-0080,,37.5775986,126.9343031
490,서대문구,직업재활시설,장애인영농재활시설,경기 남양주 진접읍 연평리 472외 2필지 등 장애인영농재활시설,--,,37.6843303,127.1715001
491,마포구,직업재활시설,마리스타 보호작업장,충북 충주시 산척면 지속골길 71 마리스타 보호작업장,02-853-7315,,37.0634895,127.9703874
492,마포구,직업재활시설,마포구립 장애인직업재활센터,마포구 매봉산로 18 (상암동 1640)2층 206호 마포구립 장애인직업재활센터,02-302-0392,,37.5741987,126.8899631
493,마포구,직업재활시설,우리마포 보호작업장,마포구 신촌로 26길 10 3층 (노고산동) 우리마포 보호작업장,02-359-1000,,37.5558486,126.9423536
494,마포구,직업재활시설,마포구푸르메 직업재활센터,마포구 월드컵북로 494(상암동) 마포구푸르메 직업재활센터,02-6070-9290,,37.5846474,126.8805203
495,양천구,직업재활시설,드림장애인 보호작업장,양천구 신남길 20 드림장애인 보호작업장,02-2694-5554,,37.5158084,126.8417238
496,양천구,직업재활시설,하은장애인 보호작업장,양천구 신목로 20 2층 하은장애인 보호작업장,02-2654-0725,,37.5181901,126.8750982
497,강서구,직업재활시설,열림일터,강서구 까치산로 136(화곡6동) 열림일터,02-2602-3110,,37.5494605,126.8516847
498,강서구,직업재활시설,구립강서구 직업재활센터,강서구 허준로 95-9 구립강서구 직업재활센터,02-3661-0362,,37.567426,126.851724
499,강서구,직업재활시설,교남어유지동산,경기파주적성면 어못내길94-44 교남어유지동산,031-958-8593,,37.9987172,126.9887603
500,강서구,직업재활시설,다사랑 직업재활시설,강서구방화대로40길37 다사랑 직업재활시설,02-2661-9669,,37.5710716,126.8188154
501,광진구,주간보호시설,정립주간보호,광진구 워커힐로 93 (구의2동 16-3),02-446-1237,http://www.jeongnip.or.kr/,37.5510878,127.0976313
502,구로구,복지관,성프란치스코장애인종합복지관,구로구 남부순환로105라길 25-10 (가리봉동 131-2),02-830-6500,http://fwc.or.kr/,37.481318,126.890488
503,양천구,거주(유형별＊중증＊영유아)시설,누림홈,경기도 김포시 대곶면 율생중앙로 83 누리홈,031-987-7909,,37.6548985,126.5803492
504,금천구,직업재활시설,보라매보호작업장,금천구 가산디지털2로 136(승일벤처타워 302호) 보라매보호작업장,070-4418-927,,37.4801032,126.8796275
505,강남구,복지관,충현복지관,서울특별시 강남구 논현로98길 16 충현복지관,02-2192-0600,,37.5036713,127.0369911
506,양천구,거주(유형별＊중증＊영유아)시설,해맑은 마음터,경기도 김포시 대곶면 율생중앙로 89 해맑은 마음터,031-981-7909,,37.6551927,126.5801755
507,구로구,거주(유형별＊중증＊영유아)시설,다산하늘센터,경기도 여주시 강천면 섬강로 229-1 다산하늘센터,031-885-7771,,37.2426738,127.7402984
508,송파구,거주(유형별＊중증＊영유아)시설,새생명의 집,경기도 이천시 모가면 공원로 288-70 새생명의 집,031-634-8777,,37.1794526,127.4682169
509,강서구,직업재활시설,강서나누리센터 보호작업장,강서구 공항대로 7가길 21-3 강서나누리센터 보호작업장,070-8715-3650,,37.5628503,126.8140533
510,강서구,직업재활시설,초록등대 장애인보호작업장,강서구 강서로 68길 12 초록등대 장애인보호작업장,02-2603-2683,,37.5662352,126.8415799
511,강서구,직업재활시설,강서희망보호작업장,강서구 강서로34길 36 (화곡동)프리즘오피스302호 강서희망보호작업장,02-2696-3113,,37.5433339,126.8415018
512,구로구,직업재활시설,에덴하우스,경기 파주시 소라지로195길 47-30 에덴하우스,031-946-7030,,37.7406292,126.6933165
513,구로구,직업재활시설,형원,경기파주시소라지로195번길 47-20신촌동 형원,070-4369-7000,,37.7381632,126.6922763
514,구로구,직업재활시설,해나무일터,구로구 남부순환로 105라길 25-10 해나무일터,02-830-6500,,37.481318,126.890488
515,구로구,직업재활시설,구로구립 장애인보호작업장,구로구 경인로21 (온수동 44-21) 구로구립 장애인보호작업장,02-2689-8791,,37.4897768,126.8247718
516,구로구,직업재활시설,늘푸름보호작업장,구로구 부일로 1나길38 (온수동) 늘푸름보호작업장,02-374-6091,,37.4929219,126.8167681
517,금천구,직업재활시설,EM실천,금천구 서부샛길 648 대륭테크노타워 6차 1004호 EM실천,02-875-9744,,37.481232,126.8761954
518,송파구,주간보호시설,THE 채움,서울특별시 송파구 마천로51길 28 THE 채움,02-2043-8460,,37.4969257,127.1526069
519,강남구,주간보호시설,광림주간보호센터,서울특별시 강남구 압구정로22길 21 광림주간보호센터,02-2056-5676,,37.5242737,127.0265933
520,,주간보호시설,강북장애인종합복지관 주간보호시설,서울특별시 강북구 오현로 189 강북장애인종합복지관,02-9894-4214,,37.6287771,127.039094
521,용산구,거주(유형별＊중증＊영유아)시설,영락애니아의 집,서울특별시 용산구 후암로4길 70 영락 애니아의 집,02-754-8507,,37.5486425,126.9812538
522,금천구,직업재활시설,금천구립 장애인보호작업장,금천구 한내로 69-15 금천구립 장애인보호작업장,02-897-9747,,37.4577246,126.8873951
523,금천구,직업재활시설,소올터직업재활,금천구 범안로 1138 고려테크온603호 소올터직업재활,02-838-4567,,37.4658084,126.8883962
524,관악구,직업재활시설,실로암장애인 근로사업장,관악구 남부순환로 1717 실로암장애인 근로사업장,02-880-0580,,37.4829514,126.9411179
525,금천구,직업재활시설,SG블루웰,금천구 두산로 70 현대지식산업센터 B동 419 SG블루웰,02-6912-8006,,37.4689423,126.8956174
526,영등포구,직업재활시설,행복한나무,영등포구 양산로 96 (당산동 2가) 행복한나무,02-6929-3903,,37.5236145,126.8934934
527,동작구,직업재활시설,동작구립 장애인보호작업장,동작구 등용로12길 57 동작구립 장애인보호작업장,02-812-7178,,37.5119805,126.9324524
528,동작구,직업재활시설,서울남부 보호작업장,동작구 여의대방로20길 33 서울남부 보호작업장,02-829-7191,,37.4948959,126.9194519
529,동작구,직업재활시설,삼성떡프린스,동작구 양녕로30길 19-4 삼성떡프린스,02-823-2230,,37.4992438,126.946014
530,관악구,직업재활시설,SRC직업재활센터 (구 삼육직업재활작업소),경기도 성남시 중원구 둔촌대로 545 한라시그마밸리 1006호 SRC직업재활센터 (구 삼육직업재활작업소),031-786-6876,,37.431887,127.1774289
531,관악구,직업재활시설,나자로의집,관악구 남부순환로 194길 81 나자로의집,02-887-3629,,37.4813813,126.9341703
532,관악구,직업재활시설,함께사는세상 보호작업장,관악구 국회단지길 67 1층 함께사는세상 보호작업장,02-876-2842,,37.4886733,126.9412779
533,관악구,직업재활시설,갑을장애인 직업휴먼센터,관악구 난우16길 13-7 갑을장애인 직업휴먼센터,02-864-8585,,37.4777105,126.9178696
534,서초구,직업재활시설,다니엘직업재활원(♠),서초구 헌릉로468길 21-16 다니엘직업재활원(♠),02-445-4577,,37.46071,127.0920009
535,서초구,직업재활시설,사랑의일터,"서초구 서초대로 351, 로템2빌딩 6층 사랑의일터",02-3477-5111,,37.4957739,127.0196737
536,서초구,직업재활시설,사랑손보호작업장,서초구 서초대로28길 24 사랑손보호작업장,02-3477-2602,,37.487287,126.9958935
537,서초구,직업재활시설,사)대한안마사협회 부설안마수련원,서초구 서초중앙로22길 105 사)대한안마사협회 부설안마수련원,02-584-6363,,37.4945444,127.0195867
538,서초구,직업재활시설,한우리보호작업장,서초구 남부순환로 340길 15 한우리보호작업장,02-2055-2727,,37.4820619,127.0250115
539,강남구,직업재활시설,성모자애 보호작업장,강남구 헌릉로757길 35 성모자애 보호작업장,02-445-3377,,37.4705425,127.1194354
540,강남구,직업재활시설,라파엘 직업재활센터,경기도 여주시 강천면 원양1로 907 라파엘 직업재활센터,031-886-4840,,37.3464502,127.7341111
541,강남구,직업재활시설,충현보호작업장,강남구 논현로 98길 16 충현보호작업장,02-2192-0680,,37.5036713,127.0369911
542,강남구,직업재활시설,우리플러스작업장,강남구 광평로60길 22 우리플러스작업장,02-2184-8750,,37.486981,127.1069631
543,강남구,직업재활시설,밀알베이커리,강남구 광평로 60길 22 밀알베이커리,02-2184-8702,,37.486981,127.1069631
544,강남구,직업재활시설,소망제이앤피,강남구 언주로167길 35 4층 소망제이앤피,02-3445-8450,,37.5263746,127.0302808
545,강남구,직업재활시설,밀알보호작업장,"강남구 광평로 60길, 22/ 201호 밀알보호작업장",02-2184-8740,,37.486981,127.1069631
546,강남구,직업재활시설,래그랜느보호작업장,강남구 양재대로55길 13 지하1층 래그랜느보호작업장,02-445-0919,,37.4916986,127.0875952
547,서대문구,복지관,서대문농아인복지관,서울특별시 서대문구 수색로4가길 23 서대문농아인복지관,02-3156-6699,,37.5707006,126.913825
548,양천구,복지관,양천장애인복지관,서울특별시 양천구 목동동로 159 양천장애인복지관,02-2061-2500,,37.5199002,126.8698811
549,서초구,복지관,사랑의복지관,서울특별시 서초구 강남대로65길 19 사랑의복지관,070-7727-2520,,37.4998338,127.023994
550,송파구,복지관,방이장애인복지관,서울특별시 송파구 오금로11길 68 방이장애인복지관,02-3432-0477,,37.5146627,127.1142018
551,송파구,복지관,인성장애인복지관,서울특별시 송파구 마천로61길 26 인성장애인복지관,02-431-8881,,37.493905,127.155198
552,강남구,직업재활시설,밀알그린보호작업장,강남구 밤고개로1길 34 밀알그린보호작업장,02-3411-8300,,37.4887835,127.1036154
553,송파구,직업재활시설,신아보호작업장,송파구 양산로8길 17 (거여동) 신아보호작업장,02-400-4695,,37.4914401,127.1455073
554,송파구,직업재활시설,임마누엘 보호작업시설,송파구 양산로10길 26 (거여동) 임마누엘 보호작업시설,02-449-6956,,37.4914752,127.1466758
555,송파구,직업재활시설,마라보호작업장,송파구 송이로34길 43-1 (문정동) 마라보호작업장,02-3401-6040,,37.4845267,127.1288722
556,송파구,직업재활시설,동안제일복지센터,송파구 중대로 245 (오금동) 동안제일복지센터,02-3401-4162,,37.5033935,127.129113
557,송파구,직업재활시설,구립송파구 장애인보호작업장,송파구 양산로 5 3층 (거여동) 구립송파구 장애인보호작업장,02-400-6503,,37.4897693,127.1426724
558,송파구,직업재활시설,연화직업재활원,송파구 가락로 86 (석촌동) 5층 연화직업재활원,02-2202-5831,,37.5004614,127.1058885
559,송파구,직업재활시설,송파위더스,송파구 성내천로 333-4 (마천동) 송파위더스,02-407-1991,,37.4913838,127.1574526
560,송파구,직업재활시설,효명장애인 보호작업시설,"송파구 올림픽로 269, 832호 (신천동, 롯데캐슬프라자) 효명장애인 보호작업시설",02-6415-3000,,37.514418,127.1006494
561,송파구,직업재활시설,행복보호작업장,송파구 성내천로 271 (마천동) 행복보호작업장,02-448-9700,,37.4963274,127.1544677
562,송파구,직업재활시설,굿윌스토어(♠),송파구 마천로 226 (마천동) 굿윌스토어(♠),02-6913-9100,,37.5002332,127.1429345
563,송파구,직업재활시설,함재보호작업장,송파구 새말로10길 19 (문정동) 함재보호작업장,070-7438-9103,,37.4811352,127.1277366
564,송파구,직업재활시설,두손장애인보호작업장,송파구 송이로 31길 4-15(문정동) 두손장애인보호작업장,070-8729-9567,,37.4879669,127.1325974
565,강동구,직업재활시설,라온클린패밀리,강동구 고덕로 295-45 라온클린패밀리,02-3427-0876,,37.5577349,127.1585865
566,강동구,직업재활시설,서울장애인종합복지관 보호작업장,강동구 고덕로 201 서울장애인종합복지관 보호작업장,02-440-5880,,37.5558563,127.1482802
567,강동구,직업재활시설,성지보호작업장,강동구 동남로 85길 15 성지보호작업장,02-481-8666,,37.5612461,127.1558947
568,강동구,직업재활시설,강동구 장애인보호작업장,강동구 고덕로 100-5 강동구 장애인보호작업장,070-4837-4550,,37.5543108,127.1365702
569,강동구,직업재활시설,아이티어빌리티센터,강동구 명일로 230 삼보프리빌 301호 아이티어빌리티센터,02-470-1374,,37.5391493,127.1468135
570,강동구,직업재활시설,성분도보호작업장,경기도 광주시 도척면 국사봉로 159-10 성분도보호작업장,031-799-0339,,37.3167174,127.3506713
571,강동구,직업재활시설,푸른보호작업장,강동구 상암로3길 86 푸른보호작업장,02-441-7222,,37.5543166,127.1281487
572,강동구,직업재활시설,아이비장애인 보호작업장,강동구 천중로 87 3층 아이비장애인 보호작업장,02-484-3825,,37.5447879,127.1317169
573,강동구,직업재활시설,동안우리복지센터,강동구 풍성로 146 동안우리복지센터,02-473-0558,,37.5309985,127.1281928
574,강동구,직업재활시설,파란마음복지센터,강동구 진황도로 100 하이브 3층 파란마음복지센터,02-487-4548,,37.5354205,127.1374068
575,강동구,직업재활시설,선한복지센터,"강동구 양재대로91길 62 (성내동, 동아아파트상가4층) 선한복지센터",02-470-2301,,37.5287576,127.1326569
576,강동구,직업재활시설,소망드림복지센터,강동구 암사동512-4 2층 소망드림복지센터,02-426-2577,,37.5498987,127.1265488
577,도봉구,주간보호시설,그린도봉주간보호센터,서울특별시 도봉구 도봉로 575 그린도봉주간보호센터,02-956-5300,,37.6564134,127.0388164
578,송파구,단기보호시설,위투게더,서울특별시 송파구 성내천로 239 영광빌딩2층,02-400-0260,,37.4991361,127.1543494
579,강북구,거주(유형별＊중증＊영유아)시설,효정비전타운,경기도 용인시 처인구 백암면 삼백로 648 효정비전타운,031-323-0030,,37.1284741,127.373524
580,강서구,거주(유형별＊중증＊영유아)시설,교남소망의집,서울특별시 강서구 까치산로22길 38 교남소망의집,02-2602-3880,,37.5480187,126.8523092
581,송파구,거주(유형별＊중증＊영유아)시설,신아재활원,서울특별시 송파구 양산로8길 17 신아재활원,02-400-4695,,37.4914401,127.1455073
582,송파구,거주(유형별＊중증＊영유아)시설,생수의 집,경기도 포천시 군내면 청군로 2813-18 생수의 집,031-536-0585,,37.8663321,127.250525
583,송파구,거주(유형별＊중증＊영유아)시설,루디아의 집,경기도 가평군 북면 오목골길 8-47 루디아의 집,031-581-1215,,37.9197712,127.4929901
584,관악구,주간보호시설,갑을장애인주간보호센터,서울특별시 관악구 난우16길 13-7 2층 갑을장애인주간보호시설,02-6414-8586,,37.4777105,126.9178696
585,강서구,주간보호시설,강서뇌성마비주간보호센터,"서울시 강서구 방화대로 45길 69, 2층 (강서뇌성마비복지관 내)",02-2662-3491,www.grccp.or.kr,37.574198,126.8125849
586,마포구,주간보호시설,마포장애인종합복지관,"마포구 월드컵북로 30길 9-22, 102동 102호 (성산동, 성산월드타운대림아파트) [성산동 601번지]",02-302-1066,http://www.mapowelfare.or.kr,37.5698541,126.9076957
587,중랑구,복지관,원광장애인종합복지관,중랑구 신내로 56 (신내동 572-2),02-438-2691,http://www.wwcd.or.kr,37.604429,127.0959641
588,강서구,주간보호시설,로뎀나무,강서구 까치산로18나길 36 (화곡동 772-60 1층),02-2065-0993,www.kcusw.net,37.5458718,126.8495672
589,구로구,단기보호시설,헬렌의집,서울특별시 구로구 구로중앙로27나길 18 (구로동),02-830-8807,,37.4968616,126.8849101
590,구로구,주간보호시설,양지골,구로구 구로중앙로28길 62 5층 (구로동 109-3),02-859-7732,http://yangjigol.or.kr,37.4999682,126.8890724
591,마포구,단기보호시설,한벗둥지,마포구 월드컵북로12길 98 (성산동 23-11) 한벗둥지,02-336-3100,http://cafe.naver.com/hanbeotdunggi,37.5654329,126.9151789
592,중구,주간보호시설,파란마음주간보호센터,중구 다산로22길 11 (신당동 340-180) 1층,02-2235-8708,http://happylog.naver.com/paranmaum,37.5576765,127.0130703
593,강동구,거주(유형별＊중증＊영유아)시설,주몽재활원,강동구 상암로 369 (상일동 179),070-8255-0315~6,www.jumong.or.kr,37.5460996,127.163854
594,송파구,수화통역센터,송파구수화통역센터,"서울시 송파구 송파1동 15-2 3층 서울시 송파구 송파대로 460, 3층",02-424-3323,http://cafe.daum.net/sp-deaf,37.5076437,127.105472
595,기타,직업재활시설,TEST,서울특별시 강남구 학동로 402 TEST,02-1111-1111,,37.5169881,127.0418066
