,facility_available_name,facility_is_available,place_name,place_id,facility_id
0,장애인 전용 주차구역,이용가능,FR푸드시스템,14856,116617
1,주출입구 높이차이 제거,이용가능,FR푸드시스템,14856,116618
2,주출입구 접근로,이용가능,OK목장,14857,116619
3,장애인 전용 주차구역,이용가능,OK목장,14857,116620
4,주출입구 접근로,이용불편,The만나,14858,116621
5,장애인 전용 주차구역,이용가능,The만나,14858,116622
6,주출입구 높이차이 제거,이용불편,The만나,14858,116623
7,주출입구 접근로,이용가능,㈜이리오어라(한정식),14859,116624
8,장애인 전용 주차구역,이용가능,㈜이리오어라(한정식),14859,116625
9,주출입구 접근로,이용불편,가야옥,14860,116626
10,장애인 전용 주차구역,이용가능,가야옥,14860,116627
11,주출입구 높이차이 제거,이용가능,가야옥,14860,116628
12,주출입구 접근로,이용가능,가족천하,14861,116629
13,주출입구 접근로,이용불편,갈비둥지,14862,116630
14,장애인 전용 주차구역,이용불편,갈비둥지,14862,116631
15,주출입구 높이차이 제거,이용불편,갈비둥지,14862,116632
16,주출입구 접근로,이용불편,갈비사랑,14863,116633
17,주출입구 높이차이 제거,이용가능,갈비사랑,14863,116634
18,주출입구 접근로,이용가능,갈비세상,14864,116635
19,주출입구 높이차이 제거,이용가능,갈비세상,14864,116636
20,주출입구 접근로,이용불편,갈비예찬,14865,116637
21,주출입구 높이차이 제거,이용불편,갈비예찬,14865,116638
22,주출입구 접근로,이용가능,감자바우,14866,116639
23,주출입구 높이차이 제거,이용가능,감자바우,14866,116640
24,주출입구 접근로,이용불편,강강술래,14867,116641
25,장애인 전용 주차구역,이용불편,강강술래,14867,116642
26,주출입구 높이차이 제거,이용가능,강강술래,14867,116643
27,주출입구 접근로,이용가능,강강술래,14868,116644
28,장애인용 관람석,이용가능,강강술래,14868,116645
29,주출입구 접근로,이용가능,개성면옥,14869,116646
30,장애인 전용 주차구역,이용가능,개성면옥,14869,116647
31,주출입구 접근로,이용불편,개성면옥(함흥냉면),14870,116648
32,장애인 전용 주차구역,이용불편,개성면옥(함흥냉면),14870,116649
33,주출입구 접근로,이용가능,거북이집,14871,116650
34,장애인 전용 주차구역,이용가능,거북이집,14871,116651
35,주출입구 높이차이 제거,이용가능,거북이집,14871,116652
36,주출입구 접근로,이용가능,경복궁,14872,116653
37,장애인 전용 주차구역,이용가능,경복궁,14872,116654
38,주출입구 높이차이 제거,이용가능,경복궁,14872,116655
39,주출입구 접근로,이용불편,경복궁(불고기브라더스),14873,116656
40,장애인 전용 주차구역,이용불편,경복궁(불고기브라더스),14873,116657
41,주출입구 높이차이 제거,이용가능,경복궁(불고기브라더스),14873,116658
42,주출입구 접근로,이용가능,경인빌딩(엉터리생고기),14874,116659
43,장애인 전용 주차구역,이용가능,경인빌딩(엉터리생고기),14874,116660
44,주출입구 접근로,이용가능,고기굼터,14875,116661
45,주출입구 높이차이 제거,이용가능,고기굼터,14875,116662
46,주출입구 접근로,이용가능,골방집,14876,116663
47,장애인 전용 주차구역,이용가능,골방집,14876,116664
48,주출입구 접근로,이용가능,공룡고기,14877,116665
49,장애인 전용 주차구역,이용가능,공룡고기,14877,116666
50,주출입구 높이차이 제거,이용불편,공룡고기,14877,116667
51,주출입구 접근로,이용불편,공룡고기,14878,116668
52,장애인 전용 주차구역,이용가능,공룡고기,14878,116669
53,주출입구 접근로,이용불편,광양림,14879,116670
54,장애인 전용 주차구역,이용불편,광양림,14879,116671
55,주출입구 높이차이 제거,이용불편,광양림,14879,116672
56,주출입구 접근로,이용불편,교촌1991,14880,116673
57,장애인 전용 주차구역,이용가능,교촌1991,14880,116674
58,주출입구 접근로,이용가능,궁안뜰,14881,116675
59,장애인 전용 주차구역,이용가능,궁안뜰,14881,116676
60,주출입구 접근로,이용가능,근린생활시설(고갯마루한정식),14882,116677
61,주출입구 높이차이 제거,이용가능,근린생활시설(고갯마루한정식),14882,116678
62,주출입구 접근로,이용불편,근린생활시설(대게나라),14883,116679
63,장애인 전용 주차구역,이용가능,근린생활시설(대게나라),14883,116680
64,주출입구 높이차이 제거,이용가능,근린생활시설(대게나라),14883,116681
65,주출입구 접근로,이용가능,근린생활시설(못된송아지),14884,116682
66,장애인 전용 주차구역,이용가능,근린생활시설(못된송아지),14884,116683
67,주출입구 접근로,이용가능,근린생활시설(배밭고을),14885,116684
68,장애인 전용 주차구역,이용불편,근린생활시설(배밭고을),14885,116685
69,주출입구 접근로,이용가능,근린생활시설(벽창우생고기전문점),14886,116686
70,장애인 전용 주차구역,이용가능,근린생활시설(벽창우생고기전문점),14886,116687
71,주출입구 높이차이 제거,이용가능,근린생활시설(벽창우생고기전문점),14886,116688
72,주출입구 접근로,이용가능,근린생활시설(봉평산골메밀촌),14887,116689
73,장애인 전용 주차구역,이용가능,근린생활시설(봉평산골메밀촌),14887,116690
74,주출입구 높이차이 제거,이용불편,근린생활시설(봉평산골메밀촌),14887,116691
75,주출입구 접근로,이용불편,근린생활시설(생고기전문점취어당),14888,116692
76,장애인 전용 주차구역,이용가능,근린생활시설(생고기전문점취어당),14888,116693
77,주출입구 높이차이 제거,이용가능,근린생활시설(생고기전문점취어당),14888,116694
78,주출입구 접근로,이용가능,근린생활시설(엉터리생고기),14889,116695
79,장애인 전용 주차구역,이용가능,근린생활시설(엉터리생고기),14889,116696
80,주출입구 접근로,이용가능,근린생활시설(진할매칼국수보쌈),14890,116697
81,장애인 전용 주차구역,이용가능,근린생활시설(진할매칼국수보쌈),14890,116698
82,주출입구 높이차이 제거,이용가능,근린생활시설(진할매칼국수보쌈),14890,116699
83,주출입구 접근로,이용불편,근린생활시설(착한고기),14891,116700
84,주출입구 높이차이 제거,이용가능,근린생활시설(착한고기),14891,116701
85,주출입구 접근로,이용불편,근린생활시설(천하뼈다귀감자탕),14892,116702
86,주출입구 높이차이 제거,이용가능,근린생활시설(천하뼈다귀감자탕),14892,116703
87,주출입구 접근로,이용불편,근린생활시설(친구네숯불닭갈비),14893,116704
88,주출입구 접근로,이용불편,근린생활시설(풍천민물장어),14894,116705
89,장애인 전용 주차구역,이용가능,근린생활시설(풍천민물장어),14894,116706
90,주출입구 높이차이 제거,이용가능,근린생활시설(풍천민물장어),14894,116707
91,주출입구 접근로,이용불편,근린생활시설(화통구이),14895,116708
92,장애인 전용 주차구역,이용가능,근린생활시설(화통구이),14895,116709
93,주출입구 접근로,이용불편,근린생활시설(황금오리농원),14896,116710
94,주출입구 높이차이 제거,이용불편,근린생활시설(황금오리농원),14896,116711
95,주출입구 접근로,이용가능,금수복국,14897,116712
96,장애인 전용 주차구역,이용가능,금수복국,14897,116713
97,주출입구 높이차이 제거,이용가능,금수복국,14897,116714
98,주출입구 접근로,이용가능,금수복국,14898,116715
99,장애인 전용 주차구역,이용가능,금수복국,14898,116716
100,주출입구 높이차이 제거,이용가능,금수복국,14898,116717
101,주출입구 접근로,이용가능,나주곰탕,14899,116718
102,장애인 전용 주차구역,이용가능,나주곰탕,14899,116719
103,주출입구 접근로,이용가능,남원추어탕,14900,116720
104,장애인 전용 주차구역,이용가능,남원추어탕,14900,116721
105,주출입구 접근로,이용가능,논골집,14901,116722
106,장애인 전용 주차구역,이용가능,논골집,14901,116723
107,주출입구 접근로,이용가능,놀부 유황오리 진흙구이 청담점(청담솔 빌딩),14902,116724
108,장애인 전용 주차구역,이용불편,놀부 유황오리 진흙구이 청담점(청담솔 빌딩),14902,116725
109,주출입구 높이차이 제거,이용가능,놀부 유황오리 진흙구이 청담점(청담솔 빌딩),14902,116726
110,주출입구 접근로,이용불편,놀부부대찌게&철판구이,14903,116727
111,장애인 전용 주차구역,이용가능,놀부부대찌게&철판구이,14903,116728
112,주출입구 높이차이 제거,이용가능,놀부부대찌게&철판구이,14903,116729
113,주출입구 접근로,이용가능,달인갈매기(광명빌딩),14904,116730
114,장애인 전용 주차구역,이용가능,달인갈매기(광명빌딩),14904,116731
115,주출입구 높이차이 제거,이용가능,달인갈매기(광명빌딩),14904,116732
116,주출입구 접근로,이용가능,대가순대국,14905,116733
117,장애인 전용 주차구역,이용가능,대가순대국,14905,116734
118,주출입구 접근로,이용가능,대문한정식,14906,116735
119,장애인 전용 주차구역,이용가능,대문한정식,14906,116736
120,주출입구 높이차이 제거,이용가능,대박고기집(등마루오리한마당),14907,116737
121,주출입구 접근로,이용가능,대원,14908,116738
122,주출입구 높이차이 제거,이용가능,대원,14908,116739
123,주출입구 접근로,이용가능,대원정,14909,116740
124,장애인 전용 주차구역,이용가능,대원정,14909,116741
125,주출입구 접근로,이용가능,대창타운빌,14910,116742
126,장애인 전용 주차구역,이용불편,대창타운빌,14910,116743
127,주출입구 높이차이 제거,이용가능,대창타운빌,14910,116744
128,주출입구 접근로,이용불편,도봉산갈비,14911,116745
129,장애인 전용 주차구역,이용가능,도봉산갈비,14911,116746
130,주출입구 높이차이 제거,이용가능,도봉산갈비,14911,116747
131,장애인 전용 주차구역,이용가능,돈촌삼겹살,14912,116748
132,주출입구 접근로,이용가능,동구밖 장작구이(단군의땅),14913,116749
133,장애인 전용 주차구역,이용가능,동구밖 장작구이(단군의땅),14913,116750
134,주출입구 접근로,이용불편,동굴과 화로구이(뉴명성),14914,116751
135,장애인 전용 주차구역,이용가능,동굴과 화로구이(뉴명성),14914,116752
136,주출입구 높이차이 제거,이용불편,동굴과 화로구이(뉴명성),14914,116753
137,주출입구 접근로,이용가능,둘레길주막미담,14915,116754
138,장애인 전용 주차구역,이용가능,둘레길주막미담,14915,116755
139,주출입구 높이차이 제거,이용가능,둘레길주막미담,14915,116756
140,주출입구 접근로,이용가능,뚝심,14916,116757
141,장애인 전용 주차구역,이용가능,뚝심,14916,116758
142,주출입구 높이차이 제거,이용가능,뚝심,14916,116759
143,장애인 전용 주차구역,이용가능,마루갈비,14917,116760
144,주출입구 접근로,이용불편,만가화로구이,14918,116761
145,장애인 전용 주차구역,이용가능,만가화로구이,14918,116762
146,주출입구 높이차이 제거,이용불편,만가화로구이,14918,116763
147,주출입구 접근로,이용불편,만석장,14919,116764
148,장애인 전용 주차구역,이용가능,만석장,14919,116765
149,주출입구 높이차이 제거,이용가능,만석장,14919,116766
150,주출입구 접근로,이용가능,맛있는고기구워먹는곳,14920,116767
151,장애인 전용 주차구역,이용가능,맛있는고기구워먹는곳,14920,116768
152,주출입구 접근로,이용가능,"명가낙지마당(지하1,지상1층)",14921,116769
153,주출입구 높이차이 제거,이용가능,"명가낙지마당(지하1,지상1층)",14921,116770
154,주출입구 접근로,이용불편,명가설렁탕,14922,116771
155,장애인 전용 주차구역,이용가능,명가설렁탕,14922,116772
156,주출입구 높이차이 제거,이용가능,명가설렁탕,14922,116773
157,장애인용 관람석,이용가능,명가설렁탕,14922,116774
158,주출입구 접근로,이용불편,명문의집,14923,116775
159,장애인 전용 주차구역,이용가능,명문의집,14923,116776
160,주출입구 높이차이 제거,이용가능,명문의집,14923,116777
161,장애인용 관람석,이용가능,명문의집,14923,116778
162,주출입구 접근로,이용불편,몽골찬한우,14924,116779
163,장애인 전용 주차구역,이용가능,몽골찬한우,14924,116780
164,주출입구 높이차이 제거,이용가능,몽골찬한우,14924,116781
165,주출입구 접근로,이용가능,무봉리토종순대국,14925,116782
166,주출입구 높이차이 제거,이용가능,무봉리토종순대국,14925,116783
167,주출입구 접근로,이용가능,미가할매,14926,116784
168,주출입구 높이차이 제거,이용가능,미가할매,14926,116785
169,장애인용 승강기,이용가능,미가할매,14926,116786
170,주출입구 접근로,이용가능,미담,14927,116787
171,주출입구 높이차이 제거,이용가능,미담,14927,116788
172,장애인용 승강기,이용가능,미담,14927,116789
173,장애인 전용 주차구역,이용가능,미락(신성빌딩),14928,116790
174,주출입구 접근로,이용가능,민속촌(용강빌딩),14929,116791
175,주출입구 높이차이 제거,이용불편,민속촌(용강빌딩),14929,116792
176,주출입구 접근로,이용가능,바달비,14930,116793
177,주출입구 높이차이 제거,이용가능,바달비,14930,116794
178,주출입구 접근로,이용가능,박미선 별난갈비,14931,116795
179,장애인 전용 주차구역,이용불편,박미선 별난갈비,14931,116796
180,주출입구 높이차이 제거,이용불편,박미선 별난갈비,14931,116797
181,주출입구 접근로,이용가능,벽제갈비,14932,116798
182,장애인 전용 주차구역,이용가능,벽제갈비,14932,116799
183,주출입구 높이차이 제거,이용가능,벽제갈비,14932,116800
184,주출입구 접근로,이용가능,별당보리밥,14933,116801
185,장애인 전용 주차구역,이용가능,별당보리밥,14933,116802
186,주출입구 접근로,이용가능,보름달,14934,116803
187,주출입구 높이차이 제거,이용가능,보름달,14934,116804
188,주출입구 접근로,이용가능,보성식당,14935,116805
189,장애인 전용 주차구역,이용가능,보성식당,14935,116806
190,주출입구 접근로,이용불편,본가,14936,116807
191,장애인 전용 주차구역,이용가능,본가,14936,116808
192,주출입구 높이차이 제거,이용가능,본가,14936,116809
193,주출입구 접근로,이용가능,본돈,14937,116810
194,장애인 전용 주차구역,이용가능,본돈,14937,116811
195,주출입구 접근로,이용가능,봉산집,14938,116812
196,장애인 전용 주차구역,이용가능,봉산집,14938,116813
197,주출입구 높이차이 제거,이용가능,봉산집,14938,116814
198,주출입구 접근로,이용가능,봉우리,14939,116815
199,장애인 전용 주차구역,이용가능,봉우리,14939,116816
200,주출입구 높이차이 제거,이용가능,봉우리,14939,116817
201,주출입구 접근로,이용가능,봉추찜닭(신사빌딩),14940,116818
202,장애인 전용 주차구역,이용가능,봉추찜닭(신사빌딩),14940,116819
203,주출입구 높이차이 제거,이용가능,봉추찜닭(신사빌딩),14940,116820
204,주출입구 접근로,이용불편,봉피양마포점(오늘도안동한우),14941,116821
205,장애인 전용 주차구역,이용가능,봉피양마포점(오늘도안동한우),14941,116822
206,주출입구 높이차이 제거,이용가능,봉피양마포점(오늘도안동한우),14941,116823
207,장애인 전용 주차구역,이용불편,불고기 브라더스 서교점,14942,116824
208,주출입구 높이차이 제거,이용가능,불고기 브라더스 서교점,14942,116825
209,주출입구 접근로,이용가능,빵경이네 도야지,14943,116826
210,장애인 전용 주차구역,이용가능,빵경이네 도야지,14943,116827
211,주출입구 높이차이 제거,이용가능,빵경이네 도야지,14943,116828
212,주출입구 접근로,이용가능,산봉냉면,14944,116829
213,장애인 전용 주차구역,이용가능,산봉냉면,14944,116830
214,주출입구 접근로,이용가능,산화로구이,14945,116831
215,주출입구 높이차이 제거,이용불편,산화로구이,14945,116832
216,주출입구 접근로,이용가능,삼수갑산,14946,116833
217,장애인 전용 주차구역,이용가능,삼수갑산,14946,116834
218,주출입구 높이차이 제거,이용가능,삼수갑산,14946,116835
219,주출입구 접근로,이용가능,삼호복집,14948,116836
220,장애인 전용 주차구역,이용가능,삼호복집,14948,116837
221,주출입구 높이차이 제거,이용불편,삼호복집,14948,116838
222,주출입구 접근로,이용가능,상도갈비,14949,116839
223,장애인 전용 주차구역,이용가능,상도갈비,14949,116840
224,주출입구 높이차이 제거,이용가능,상도갈비,14949,116841
225,주출입구 접근로,이용불편,새마을식당,14950,116842
226,장애인 전용 주차구역,이용가능,새마을식당,14950,116843
227,주출입구 높이차이 제거,이용가능,새마을식당,14950,116844
228,주출입구 접근로,이용가능,새마을식당(덕당빌딩),14951,116845
229,주출입구 접근로,이용가능,서귀포뚝배기,14952,116846
230,장애인 전용 주차구역,이용가능,서귀포뚝배기,14952,116847
231,주출입구 접근로,이용가능,서울인삼토계촌(일반음식점),14953,116848
232,장애인 전용 주차구역,이용가능,서울인삼토계촌(일반음식점),14953,116849
233,주출입구 높이차이 제거,이용가능,서울인삼토계촌(일반음식점),14953,116850
234,주출입구 접근로,이용가능,서울집,14954,116851
235,장애인 전용 주차구역,이용가능,서울집,14954,116852
236,주출입구 접근로,이용가능,서초동이남장,14955,116853
237,장애인 전용 주차구역,이용가능,서초동이남장,14955,116854
238,주출입구 접근로,이용가능,세종대왕숯불갈비,14956,116855
239,장애인 전용 주차구역,이용가능,세종대왕숯불갈비,14956,116856
240,주출입구 접근로,이용불편,소담설농탕,14957,116857
241,주출입구 접근로,이용가능,손문 대구막창 갈매기살,14958,116858
242,장애인 전용 주차구역,이용가능,손문 대구막창 갈매기살,14958,116859
243,주출입구 높이차이 제거,이용가능,손문 대구막창 갈매기살,14958,116860
244,주출입구 접근로,이용가능,손수헌(한식레스토랑),14959,116861
245,장애인 전용 주차구역,이용가능,손수헌(한식레스토랑),14959,116862
246,주출입구 높이차이 제거,이용가능,손수헌(한식레스토랑),14959,116863
247,주출입구 접근로,이용가능,송가네(일반음식점),14960,116864
248,장애인 전용 주차구역,이용가능,송가네(일반음식점),14960,116865
249,주출입구 높이차이 제거,이용가능,송가네(일반음식점),14960,116866
250,주출입구 접근로,이용불편,송림가든,14961,116867
251,장애인 전용 주차구역,이용불편,송림가든,14961,116868
252,주출입구 높이차이 제거,이용불편,송림가든,14961,116869
253,주출입구 접근로,이용가능,수라간,14962,116870
254,주출입구 높이차이 제거,이용불편,수라간,14962,116871
255,주출입구 접근로,이용불편,수원갈비,14963,116872
256,주출입구 높이차이 제거,이용불편,수원갈비,14963,116873
257,주출입구 접근로,이용불편,수원왕갈비,14964,116874
258,장애인 전용 주차구역,이용가능,수원왕갈비,14964,116875
259,주출입구 높이차이 제거,이용가능,수원왕갈비,14964,116876
260,주출입구 접근로,이용가능,수정궁(갈비탕 전문점),14965,116877
261,장애인 전용 주차구역,이용가능,수정궁(갈비탕 전문점),14965,116878
262,주출입구 높이차이 제거,이용가능,수정궁(갈비탕 전문점),14965,116879
263,주출입구 접근로,이용불편,순흥골돼지갈비전문점,14966,116880
264,장애인 전용 주차구역,이용가능,순흥골돼지갈비전문점,14966,116881
265,주출입구 접근로,이용가능,쉐프케이엔알(송은아트 스페이스),14967,116882
266,장애인 전용 주차구역,이용가능,쉐프케이엔알(송은아트 스페이스),14967,116883
267,주출입구 높이차이 제거,이용가능,쉐프케이엔알(송은아트 스페이스),14967,116884
268,주출입구 접근로,이용가능,시화담,14968,116885
269,장애인 전용 주차구역,이용가능,시화담,14968,116886
270,주출입구 접근로,이용가능,"신라비빔밥,샤브칼국수",14969,116887
271,장애인 전용 주차구역,이용가능,"신라비빔밥,샤브칼국수",14969,116888
272,주출입구 접근로,이용가능,신사면옥,14970,116889
273,장애인 전용 주차구역,이용가능,신사면옥,14970,116890
274,주출입구 높이차이 제거,이용가능,신사면옥,14970,116891
275,주출입구 접근로,이용가능,신의주 찰쌀 순대(호텔 칸),14971,116892
276,장애인 전용 주차구역,이용가능,신의주 찰쌀 순대(호텔 칸),14971,116893
277,주출입구 높이차이 제거,이용가능,신의주 찰쌀 순대(호텔 칸),14971,116894
278,주출입구 접근로,이용가능,신토오리,14972,116895
279,장애인 전용 주차구역,이용가능,신토오리,14972,116896
280,주출입구 접근로,이용가능,아미소,14973,116897
281,주출입구 높이차이 제거,이용불편,아미소,14973,116898
282,주출입구 접근로,이용가능,안동찜닭,14974,116899
283,주출입구 접근로,이용가능,안창골오리농원신내점,14975,116900
284,장애인 전용 주차구역,이용가능,안창골오리농원신내점,14975,116901
285,주출입구 높이차이 제거,이용가능,안창골오리농원신내점,14975,116902
286,장애인 전용 주차구역,이용가능,양대박,14976,116903
287,주출입구 접근로,이용가능,양주골오리마을,14977,116904
288,장애인 전용 주차구역,이용가능,양주골오리마을,14977,116905
289,주출입구 높이차이 제거,이용가능,양주골오리마을,14977,116906
290,주출입구 접근로,이용가능,양지촌,14978,116907
291,장애인 전용 주차구역,이용가능,양지촌,14978,116908
292,주출입구 높이차이 제거,이용가능,양지촌,14978,116909
293,주출입구 접근로,이용불편,양촌리,14979,116910
294,장애인 전용 주차구역,이용가능,양촌리,14979,116911
295,주출입구 높이차이 제거,이용불편,양촌리,14979,116912
296,주출입구 접근로,이용가능,양촌리,14980,116913
297,장애인 전용 주차구역,이용가능,양촌리,14980,116914
298,주출입구 높이차이 제거,이용가능,양촌리,14980,116915
299,주출입구 접근로,이용가능,양촌리 화로 숯불구이,14981,116916
300,장애인 전용 주차구역,이용가능,양촌리 화로 숯불구이,14981,116917
301,주출입구 높이차이 제거,이용가능,양촌리 화로 숯불구이,14981,116918
302,주출입구 접근로,이용가능,역삼버드나무 집,14982,116919
303,장애인 전용 주차구역,이용가능,역삼버드나무 집,14982,116920
304,주출입구 높이차이 제거,이용가능,역삼버드나무 집,14982,116921
305,주출입구 접근로,이용가능,연신내부대찌개,14983,116922
306,장애인 전용 주차구역,이용가능,연신내부대찌개,14983,116923
307,주출입구 접근로,이용가능,연안본가,14984,116924
308,장애인 전용 주차구역,이용가능,연안본가,14984,116925
309,주출입구 접근로,이용불편,연일선지해장국,14985,116926
310,주출입구 높이차이 제거,이용가능,연일선지해장국,14985,116927
311,주출입구 접근로,이용가능,영천 영화 고기집(상민빌딩),14986,116928
312,장애인 전용 주차구역,이용불편,영천 영화 고기집(상민빌딩),14986,116929
313,주출입구 높이차이 제거,이용가능,영천 영화 고기집(상민빌딩),14986,116930
314,주출입구 접근로,이용가능,예소원,14987,116931
315,장애인 전용 주차구역,이용가능,예소원,14987,116932
316,주출입구 접근로,이용가능,예향,14988,116933
317,주출입구 접근로,이용불편,옛골토성,14989,116934
318,장애인 전용 주차구역,이용가능,옛골토성,14989,116935
319,주출입구 높이차이 제거,이용가능,옛골토성,14989,116936
320,주출입구 접근로,이용불편,옛골토성,14990,116937
321,장애인 전용 주차구역,이용가능,옛골토성,14990,116938
322,주출입구 높이차이 제거,이용불편,옛골토성,14990,116939
323,주출입구 접근로,이용불편,옛골토성,14991,116940
324,장애인 전용 주차구역,이용가능,옛골토성,14991,116941
325,주출입구 높이차이 제거,이용불편,옛골토성,14991,116942
326,주출입구 접근로,이용불편,옛골토성상봉점,14992,116943
327,장애인 전용 주차구역,이용가능,옛골토성상봉점,14992,116944
328,주출입구 높이차이 제거,이용가능,옛골토성상봉점,14992,116945
329,주출입구 접근로,이용불편,오리킹,14993,116946
330,장애인 전용 주차구역,이용가능,오리킹,14993,116947
331,주출입구 높이차이 제거,이용가능,오리킹,14993,116948
332,주출입구 접근로,이용가능,오발탄,14994,116949
333,장애인 전용 주차구역,이용가능,오발탄,14994,116950
334,주출입구 높이차이 제거,이용불편,오발탄,14994,116951
335,주출입구 접근로,이용가능,오발탄,14995,116952
336,주출입구 높이차이 제거,이용가능,오발탄,14995,116953
337,주출입구 접근로,이용가능,오발탄,14996,116954
338,주출입구 높이차이 제거,이용가능,오발탄,14996,116955
339,주출입구 접근로,이용가능,오삼 부대찌개(상류사회빌딩),14997,116956
340,장애인 전용 주차구역,이용가능,오삼 부대찌개(상류사회빌딩),14997,116957
341,주출입구 높이차이 제거,이용가능,오삼 부대찌개(상류사회빌딩),14997,116958
342,주출입구 접근로,이용가능,옥토빌딩<일반음식점>-다미식당,14998,116959
343,장애인 전용 주차구역,이용가능,옥토빌딩<일반음식점>-다미식당,14998,116960
344,주출입구 높이차이 제거,이용가능,옥토빌딩<일반음식점>-다미식당,14998,116961
345,주출입구 높이차이 제거,이용불편,온누림,14999,116962
346,주출입구 접근로,이용가능,왕돌구이집,15000,116963
347,장애인 전용 주차구역,이용가능,왕돌구이집,15000,116964
348,주출입구 높이차이 제거,이용가능,왕돌구이집,15000,116965
349,주출입구 접근로,이용가능,왕초한우건물,15001,116966
350,장애인 전용 주차구역,이용가능,왕초한우건물,15001,116967
351,주출입구 접근로,이용가능,원조 현풍 할매집 곰탕,15002,116968
352,장애인 전용 주차구역,이용가능,원조 현풍 할매집 곰탕,15002,116969
353,주출입구 접근로,이용가능,육 칠 팔,15003,116970
354,장애인 전용 주차구역,이용가능,육 칠 팔,15003,116971
355,주출입구 높이차이 제거,이용가능,육 칠 팔,15003,116972
356,주출입구 접근로,이용불편,이조화로구이,15005,116973
357,장애인 전용 주차구역,이용불편,이조화로구이,15005,116974
358,주출입구 높이차이 제거,이용가능,이조화로구이,15005,116975
359,주출입구 접근로,이용가능,이하정 간장게장 서울본점,15006,116976
360,장애인 전용 주차구역,이용가능,이하정 간장게장 서울본점,15006,116977
361,주출입구 높이차이 제거,이용가능,이하정 간장게장 서울본점,15006,116978
362,장애인용 관람석,이용가능,이하정 간장게장 서울본점,15006,116979
363,주출입구 접근로,이용가능,일반음식점(나주곰탕),15007,116980
364,장애인 전용 주차구역,이용가능,일반음식점(나주곰탕),15007,116981
365,주출입구 높이차이 제거,이용불편,일반음식점(나주곰탕),15007,116982
366,주출입구 접근로,이용불편,일킬로칼국수,15008,116983
367,장애인 전용 주차구역,이용가능,일킬로칼국수,15008,116984
368,주출입구 접근로,이용가능,일품신토오리,15009,116985
369,장애인 전용 주차구역,이용가능,일품신토오리,15009,116986
370,주출입구 높이차이 제거,이용가능,일품신토오리,15009,116987
371,주출입구 접근로,이용불편,일품신토오리,15010,116988
372,장애인 전용 주차구역,이용불편,일품신토오리,15010,116989
373,주출입구 접근로,이용불편,일품신토오리,15011,116990
374,장애인 전용 주차구역,이용불편,일품신토오리,15011,116991
375,주출입구 접근로,이용가능,임고집한우,15012,116992
376,주출입구 접근로,이용불편,자연한그릇,15013,116993
377,장애인 전용 주차구역,이용불편,자연한그릇,15013,116994
378,주출입구 높이차이 제거,이용불편,자연한그릇,15013,116995
379,장애인 전용 주차구역,이용불편,자하문정식,15014,116996
380,주출입구 높이차이 제거,이용불편,자하문정식,15014,116997
381,주출입구 접근로,이용불편,장터순대국,15015,116998
382,장애인 전용 주차구역,이용가능,장터순대국,15015,116999
383,주출입구 높이차이 제거,이용불편,장터순대국,15015,117000
384,주출입구 접근로,이용가능,장풍(성원빌딩),15016,117001
385,장애인 전용 주차구역,이용가능,장풍(성원빌딩),15016,117002
386,주출입구 접근로,이용불편,전원일기,15017,117003
387,장애인 전용 주차구역,이용가능,전원일기,15017,117004
388,주출입구 높이차이 제거,이용가능,전원일기,15017,117005
389,주출입구 높이차이 제거,이용불편,전원일기(전원도시),15018,117006
390,주출입구 접근로,이용가능,정감어린,15019,117007
391,장애인 전용 주차구역,이용가능,정감어린,15019,117008
392,주출입구 높이차이 제거,이용가능,정감어린,15019,117009
393,주출입구 접근로,이용가능,정선참숯골,15020,117010
394,주출입구 접근로,이용가능,정원순두부,15021,117011
395,주출입구 높이차이 제거,이용불편,정원순두부,15021,117012
396,주출입구 접근로,이용가능,정통복국(청운빌딩),15022,117013
397,장애인 전용 주차구역,이용가능,정통복국(청운빌딩),15022,117014
398,주출입구 접근로,이용가능,진대감,15023,117015
399,장애인 전용 주차구역,이용가능,진대감,15023,117016
400,주출입구 높이차이 제거,이용가능,진대감,15023,117017
401,주출입구 접근로,이용가능,찰진고기(그랑프리 빌딩),15024,117018
402,장애인 전용 주차구역,이용가능,찰진고기(그랑프리 빌딩),15024,117019
403,주출입구 높이차이 제거,이용가능,찰진고기(그랑프리 빌딩),15024,117020
404,주출입구 접근로,이용불편,참숯과화로구이,15025,117021
405,장애인 전용 주차구역,이용불편,참숯과화로구이,15025,117022
406,주출입구 높이차이 제거,이용불편,참숯과화로구이,15025,117023
407,주출입구 접근로,이용가능,천둥소리,15026,117024
408,장애인 전용 주차구역,이용가능,천둥소리,15026,117025
409,주출입구 접근로,이용불편,천수만,15027,117026
410,장애인 전용 주차구역,이용가능,천수만,15027,117027
411,주출입구 높이차이 제거,이용가능,천수만,15027,117028
412,주출입구 접근로,이용불편,천하무적,15028,117029
413,장애인 전용 주차구역,이용가능,천하무적,15028,117030
414,주출입구 높이차이 제거,이용가능,천하무적,15028,117031
415,주출입구 접근로,이용불편,청송면옥,15029,117032
416,주출입구 접근로,이용가능,초동집,15030,117033
417,장애인 전용 주차구역,이용가능,초동집,15030,117034
418,주출입구 높이차이 제거,이용가능,초동집,15030,117035
419,주출입구 접근로,이용불편,최고집칼국수,15031,117036
420,주출입구 접근로,이용가능,춘천본점닭갈비,15032,117037
421,장애인 전용 주차구역,이용가능,춘천본점닭갈비,15032,117038
422,주출입구 접근로,이용가능,코다리냉면,15033,117039
423,장애인 전용 주차구역,이용가능,코다리냉면,15033,117040
424,주출입구 높이차이 제거,이용가능,코다리냉면,15033,117041
425,장애인용 관람석,이용가능,코다리냉면,15033,117042
426,주출입구 접근로,이용가능,코다리냉면,15034,117043
427,장애인 전용 주차구역,이용가능,코다리냉면,15034,117044
428,주출입구 높이차이 제거,이용가능,코다리냉면,15034,117045
429,주출입구 접근로,이용가능,코리아하우스(아름다운빌딩),15035,117046
430,장애인 전용 주차구역,이용가능,코리아하우스(아름다운빌딩),15035,117047
431,장애인 전용 주차구역,이용가능,코리안덕,15036,117048
432,장애인 전용 주차구역,이용불편,코스모,15037,117049
433,주출입구 접근로,이용가능,콩심은데 콩나고,15038,117050
434,장애인 전용 주차구역,이용가능,콩심은데 콩나고,15038,117051
435,주출입구 접근로,이용가능,큰대문집,15039,117052
436,장애인 전용 주차구역,이용가능,큰대문집,15039,117053
437,주출입구 높이차이 제거,이용가능,큰대문집,15039,117054
438,주출입구 접근로,이용불편,태능가든,15040,117055
439,장애인 전용 주차구역,이용가능,태능가든,15040,117056
440,주출입구 높이차이 제거,이용가능,태능가든,15040,117057
441,주출입구 접근로,이용가능,태릉숯불갈비,15041,117058
442,장애인 전용 주차구역,이용가능,태릉숯불갈비,15041,117059
443,주출입구 접근로,이용가능,태평(한식집),15042,117060
444,장애인 전용 주차구역,이용가능,태평(한식집),15042,117061
445,주출입구 접근로,이용불편,통일동산두부마을,15043,117062
446,장애인 전용 주차구역,이용가능,통일동산두부마을,15043,117063
447,주출입구 접근로,이용가능,퍼쥬망 왕갈비전문점,15044,117064
448,장애인 전용 주차구역,이용가능,퍼쥬망 왕갈비전문점,15044,117065
449,주출입구 높이차이 제거,이용가능,퍼쥬망 왕갈비전문점,15044,117066
450,주출입구 접근로,이용가능,평양면옥,15045,117067
451,장애인 전용 주차구역,이용가능,평양면옥,15045,117068
452,주출입구 높이차이 제거,이용가능,평양면옥,15045,117069
453,주출입구 접근로,이용가능,평양초계탕,15046,117070
454,장애인 전용 주차구역,이용가능,평양초계탕,15046,117071
455,주출입구 높이차이 제거,이용가능,평양초계탕,15046,117072
456,주출입구 접근로,이용가능,하누소,15047,117073
457,장애인 전용 주차구역,이용가능,하누소,15047,117074
458,주출입구 높이차이 제거,이용가능,하누소,15047,117075
459,장애인용 승강기,이용가능,하누소,15047,117076
460,주출입구 접근로,이용가능,한국의집,15048,117077
461,장애인 전용 주차구역,이용불편,한국의집,15048,117078
462,주출입구 높이차이 제거,이용가능,한국의집,15048,117079
463,장애인용 승강기,이용가능,한국의집,15048,117080
464,장애인용 화장실,이용불편,한국의집,15048,117081
465,장애인용 관람석,이용가능,한국의집,15048,117082
466,주출입구 접근로,이용가능,한마당 본점,15049,117083
467,장애인 전용 주차구역,이용가능,한마당 본점,15049,117084
468,주출입구 접근로,이용불편,한우식당 마블스,15050,117085
469,주출입구 높이차이 제거,이용불편,한우식당 마블스,15050,117086
470,주출입구 접근로,이용가능,한우정육식당(부경빌딩),15051,117087
471,장애인 전용 주차구역,이용가능,한우정육식당(부경빌딩),15051,117088
472,주출입구 높이차이 제거,이용가능,한우정육식당(부경빌딩),15051,117089
473,주출입구 접근로,이용가능,한일관,15053,117090
474,장애인 전용 주차구역,이용가능,한일관,15053,117091
475,주출입구 높이차이 제거,이용가능,한일관,15053,117092
476,주출입구 접근로,이용가능,해주곰탕,15054,117093
477,장애인 전용 주차구역,이용가능,해주곰탕,15054,117094
478,주출입구 높이차이 제거,이용가능,해주곰탕,15054,117095
479,주출입구 접근로,이용가능,행복가,15055,117096
480,주출입구 높이차이 제거,이용불편,행복가,15055,117097
481,주출입구 접근로,이용불편,형제갈비,15056,117098
482,주출입구 접근로,이용가능,호텔 프리마 (주)풍류관,15057,117099
483,장애인 전용 주차구역,이용가능,호텔 프리마 (주)풍류관,15057,117100
484,주출입구 높이차이 제거,이용가능,호텔 프리마 (주)풍류관,15057,117101
485,장애인 전용 주차구역,이용가능,홍천한우,15058,117102
486,주출입구 접근로,이용가능,화로 숫불 종로갈비(J빌딩),15059,117103
487,장애인 전용 주차구역,이용가능,화로 숫불 종로갈비(J빌딩),15059,117104
488,주출입구 접근로,이용가능,화로구이,15060,117105
489,장애인 전용 주차구역,이용가능,화로구이,15060,117106
490,주출입구 높이차이 제거,이용가능,화로구이,15060,117107
491,주출입구 접근로,이용가능,화로구이,15061,117108
492,주출입구 높이차이 제거,이용가능,화로구이,15061,117109
493,주출입구 접근로,이용가능,화로구이,15062,117110
494,주출입구 높이차이 제거,이용가능,화로구이,15062,117111
495,주출입구 접근로,이용불편,화로촌,15063,117112
496,주출입구 접근로,이용불편,화사랑화로구이,15064,117113
497,장애인 전용 주차구역,이용가능,화사랑화로구이,15064,117114
498,주출입구 높이차이 제거,이용가능,화사랑화로구이,15064,117115
499,주출입구 접근로,이용가능,활화산조개구이,15065,117116
500,장애인 전용 주차구역,이용가능,활화산조개구이,15065,117117
501,주출입구 접근로,이용가능,황실떡,15066,117118
502,장애인 전용 주차구역,이용가능,황실떡,15066,117119
503,주출입구 접근로,이용가능,황토궁,15067,117120
504,장애인 전용 주차구역,이용가능,황토궁,15067,117121
505,주출입구 높이차이 제거,이용가능,황토궁,15067,117122
506,주출입구 접근로,이용가능,회령쌈밥,15068,117123
507,장애인 전용 주차구역,이용가능,회령쌈밥,15068,117124
508,주출입구 높이차이 제거,이용불편,회령쌈밥,15068,117125
509,주출입구 접근로,이용가능,휘모리,15069,117126
510,주출입구 높이차이 제거,이용가능,휘모리,15069,117127
511,주출입구 높이차이 제거,이용불편,흑돈가,15071,117128
512,주출입구 접근로,이용불편,흑돈가,15072,117129
513,장애인 전용 주차구역,이용가능,흑돈가,15072,117130
514,주출입구 높이차이 제거,이용가능,흑돈가,15072,117131
515,주출입구 접근로,이용가능,흥부골 님원 추어탕(레보빌),15073,117132
516,주출입구 높이차이 제거,이용가능,흥부골 님원 추어탕(레보빌),15073,117133
517,주출입구 접근로,이용가능,ZINO,14856,117134
518,장애인 전용 주차구역,이용가능,ZINO,14856,117135
519,주출입구 접근로,이용가능,고릴라 인더 키친(연우빌딩),14857,117136
520,장애인 전용 주차구역,이용가능,고릴라 인더 키친(연우빌딩),14857,117137
521,주출입구 높이차이 제거,이용가능,고릴라 인더 키친(연우빌딩),14857,117138
522,주출입구 접근로,이용가능,그라노 더 그릴(히든하우스),14858,117139
523,장애인 전용 주차구역,이용가능,그라노 더 그릴(히든하우스),14858,117140
524,주출입구 높이차이 제거,이용가능,그라노 더 그릴(히든하우스),14858,117141
525,주출입구 접근로,이용불편,돈까스클럽,14859,117142
526,주출입구 접근로,이용가능,뚜레쥬르 <제과점>,14860,117143
527,장애인 전용 주차구역,이용불편,뚜레쥬르 <제과점>,14860,117144
528,주출입구 높이차이 제거,이용불편,뚜레쥬르 <제과점>,14860,117145
529,주출입구 접근로,이용가능,롯데리아,14861,117146
530,장애인 전용 주차구역,이용가능,롯데리아,14861,117147
531,주출입구 높이차이 제거,이용불편,롯데리아,14861,117148
532,주출입구 접근로,이용가능,롯데리아,14862,117149
533,장애인 전용 주차구역,이용불편,롯데리아,14862,117150
534,주출입구 접근로,이용가능,미스터피자,14863,117151
535,장애인 전용 주차구역,이용가능,미스터피자,14863,117152
536,주출입구 높이차이 제거,이용가능,미스터피자,14863,117153
537,장애인 전용 주차구역,이용가능,미스터피자,14864,117154
538,주출입구 높이차이 제거,이용가능,미스터피자,14864,117155
539,주출입구 접근로,이용가능,미스터피자 양재점(크리스탈빌딩),14865,117156
540,장애인 전용 주차구역,이용가능,미스터피자 양재점(크리스탈빌딩),14865,117157
541,주출입구 높이차이 제거,이용가능,미스터피자 양재점(크리스탈빌딩),14865,117158
542,주출입구 접근로,이용가능,베누스타-뷔페,14866,117159
543,장애인 전용 주차구역,이용불편,베누스타-뷔페,14866,117160
544,주출입구 높이차이 제거,이용가능,베누스타-뷔페,14866,117161
545,주출입구 접근로,이용불편,베니건스,14867,117162
546,장애인 전용 주차구역,이용가능,베니건스,14867,117163
547,주출입구 접근로,이용가능,보나세라,14868,117164
548,장애인 전용 주차구역,이용가능,보나세라,14868,117165
549,주출입구 높이차이 제거,이용가능,보나세라,14868,117166
550,주출입구 접근로,이용가능,부처스컷,14869,117167
551,장애인 전용 주차구역,이용가능,부처스컷,14869,117168
552,주출입구 높이차이 제거,이용가능,부처스컷,14869,117169
553,주출입구 접근로,이용가능,붓처스컷(SG다이힐빌딩),14870,117170
554,주출입구 높이차이 제거,이용가능,붓처스컷(SG다이힐빌딩),14870,117171
555,주출입구 접근로,이용가능,브리꼴라쥬카페,14871,117172
556,장애인 전용 주차구역,이용가능,브리꼴라쥬카페,14871,117173
557,주출입구 높이차이 제거,이용가능,브리꼴라쥬카페,14871,117174
558,주출입구 접근로,이용가능,블랙스미스,14872,117175
559,장애인 전용 주차구역,이용가능,블랙스미스,14872,117176
560,주출입구 접근로,이용가능,빕스 대방점,14873,117177
561,장애인 전용 주차구역,이용가능,빕스 대방점,14873,117178
562,주출입구 높이차이 제거,이용가능,빕스 대방점,14873,117179
563,주출입구 접근로,이용가능,빕스 등촌점,14874,117180
564,장애인 전용 주차구역,이용가능,빕스 등촌점,14874,117181
565,주출입구 높이차이 제거,이용가능,빕스 등촌점,14874,117182
566,주출입구 접근로,이용가능,빕스 문정점,14875,117183
567,장애인 전용 주차구역,이용가능,빕스 문정점,14875,117184
568,주출입구 높이차이 제거,이용가능,빕스 문정점,14875,117185
569,주출입구 접근로,이용가능,빕스 봉천역점,14876,117186
570,장애인 전용 주차구역,이용불편,빕스 봉천역점,14876,117187
571,주출입구 높이차이 제거,이용가능,빕스 봉천역점,14876,117188
572,장애인 전용 주차구역,이용가능,빕스 상봉역점,14877,117189
573,주출입구 높이차이 제거,이용가능,빕스 상봉역점,14877,117190
574,주출입구 접근로,이용가능,빕스 창동점,14878,117191
575,장애인 전용 주차구역,이용불편,빕스 창동점,14878,117192
576,주출입구 높이차이 제거,이용가능,빕스 창동점,14878,117193
577,주출입구 접근로,이용가능,빕스 청담점,14879,117194
578,장애인 전용 주차구역,이용가능,빕스 청담점,14879,117195
579,주출입구 높이차이 제거,이용가능,빕스 청담점,14879,117196
580,주출입구 접근로,이용가능,샤델리(한수빌딩),14880,117197
581,장애인 전용 주차구역,이용가능,샤델리(한수빌딩),14880,117198
582,주출입구 높이차이 제거,이용가능,샤델리(한수빌딩),14880,117199
583,주출입구 접근로,이용가능,서강8경 제2근생(일반음식점),14881,117200
584,장애인 전용 주차구역,이용가능,서강8경 제2근생(일반음식점),14881,117201
585,주출입구 높이차이 제거,이용불편,서강8경 제2근생(일반음식점),14881,117202
586,주출입구 접근로,이용가능,아실라,14882,117203
587,주출입구 접근로,이용가능,아웃백스테이크하우스 봉천점,14883,117204
588,장애인 전용 주차구역,이용가능,아웃백스테이크하우스 봉천점,14883,117205
589,주출입구 높이차이 제거,이용불편,아웃백스테이크하우스 봉천점,14883,117206
590,장애인 전용 주차구역,이용가능,아웃백스테이크하우스 삼봉점,14884,117207
591,주출입구 접근로,이용가능,아웃백스테이크하우스 신대방점,14885,117208
592,장애인 전용 주차구역,이용가능,아웃백스테이크하우스 신대방점,14885,117209
593,주출입구 접근로,이용불편,아웃백스테이크하우스 신촌점,14886,117210
594,주출입구 접근로,이용가능,아웃백스테이크하우스 잠실점,14887,117211
595,장애인 전용 주차구역,이용가능,아웃백스테이크하우스 잠실점,14887,117212
596,주출입구 접근로,이용가능,올리아,14888,117213
597,장애인 전용 주차구역,이용가능,올리아,14888,117214
598,주출입구 접근로,이용가능,와인 바꼬뜨도르(페리빌딩),14889,117215
599,주출입구 높이차이 제거,이용가능,와인 바꼬뜨도르(페리빌딩),14889,117216
600,주출입구 접근로,이용가능,이태원동 근린생활시설(휴게음식점),14890,117217
601,장애인 전용 주차구역,이용가능,이태원동 근린생활시설(휴게음식점),14890,117218
602,주출입구 높이차이 제거,이용가능,이태원동 근린생활시설(휴게음식점),14890,117219
603,주출입구 접근로,이용불편,일파르코,14891,117220
604,장애인 전용 주차구역,이용불편,일파르코,14891,117221
605,주출입구 높이차이 제거,이용가능,일파르코,14891,117222
606,장애인 전용 주차구역,이용가능,잇플레이스,14892,117223
607,장애인용 관람석,이용가능,잇플레이스,14892,117224
608,주출입구 접근로,이용가능,장L카페레스토랑,14893,117225
609,주출입구 높이차이 제거,이용가능,장L카페레스토랑,14893,117226
610,주출입구 접근로,이용불편,초원웨딩홀뷔페,14894,117227
611,주출입구 높이차이 제거,이용불편,초원웨딩홀뷔페,14894,117228
612,주출입구 접근로,이용가능,쿼터백,14895,117229
613,주출입구 높이차이 제거,이용가능,쿼터백,14895,117230
614,주출입구 접근로,이용가능,크리스피크림 도넛츠,14896,117231
615,주출입구 높이차이 제거,이용가능,크리스피크림 도넛츠,14896,117232
616,주출입구 접근로,이용가능,투쉐 카페&레스토랑(미산빌딩),14897,117233
617,장애인 전용 주차구역,이용가능,투쉐 카페&레스토랑(미산빌딩),14897,117234
618,주출입구 높이차이 제거,이용가능,투쉐 카페&레스토랑(미산빌딩),14897,117235
619,주출입구 접근로,이용가능,파리바게트,14898,117236
620,장애인 전용 주차구역,이용가능,파리바게트,14898,117237
621,주출입구 높이차이 제거,이용불편,파리바게트,14898,117238
622,주출입구 접근로,이용가능,파리크라상,14899,117239
623,주출입구 접근로,이용가능,파리크라샹,14900,117240
624,장애인 전용 주차구역,이용가능,파리크라샹,14900,117241
625,주출입구 접근로,이용가능,프로방스,14901,117242
626,장애인 전용 주차구역,이용불편,프로방스,14901,117243
627,주출입구 높이차이 제거,이용불편,프로방스,14901,117244
628,주출입구 접근로,이용가능,피자스토리,14902,117245
629,장애인 전용 주차구역,이용가능,피자스토리,14902,117246
630,주출입구 접근로,이용가능,피자헛,14903,117247
631,주출입구 높이차이 제거,이용가능,피자헛,14903,117248
632,주출입구 접근로,이용가능,피자헛,14904,117249
633,장애인 전용 주차구역,이용가능,피자헛,14904,117250
634,주출입구 높이차이 제거,이용가능,피자헛,14904,117251
635,주출입구 접근로,이용가능,한국 피자헛 한티역점,14905,117252
636,주출입구 높이차이 제거,이용가능,한국 피자헛 한티역점,14905,117253
637,주출입구 접근로,이용가능,한국맥도날드,14906,117254
638,장애인 전용 주차구역,이용가능,한국맥도날드,14906,117255
639,주출입구 높이차이 제거,이용가능,한국맥도날드,14906,117256
640,주출입구 접근로,이용가능,한국맥도날드송정역,14907,117257
641,장애인 전용 주차구역,이용가능,한국맥도날드송정역,14907,117258
642,주출입구 높이차이 제거,이용불편,한국맥도날드송정역,14907,117259
643,주출입구 접근로,이용가능,한국피자헛,14908,117260
644,장애인 전용 주차구역,이용가능,한국피자헛,14908,117261
645,주출입구 접근로,이용가능,한국피자헛등촌점(샷뽀르),14909,117262
646,주출입구 높이차이 제거,이용가능,한국피자헛등촌점(샷뽀르),14909,117263
647,주출입구 접근로,이용가능,화수목레스토랑,14910,117264
648,장애인 전용 주차구역,이용가능,화수목레스토랑,14910,117265
649,주출입구 접근로,이용불편,근린생활시설(팬다),14856,117266
650,장애인 전용 주차구역,이용가능,근린생활시설(팬다),14856,117267
651,주출입구 접근로,이용불편,만리장성,14857,117268
652,장애인 전용 주차구역,이용가능,만리장성,14857,117269
653,주출입구 높이차이 제거,이용가능,만리장성,14857,117270
654,주출입구 접근로,이용가능,상하이짬뽕건물,14858,117271
655,장애인 전용 주차구역,이용가능,상하이짬뽕건물,14858,117272
656,주출입구 접근로,이용가능,실크로드,14859,117273
657,장애인 전용 주차구역,이용불편,실크로드,14859,117274
658,주출입구 높이차이 제거,이용불편,실크로드,14859,117275
659,주출입구 접근로,이용가능,왕짜장,14860,117276
660,주출입구 접근로,이용가능,원챠우,14861,117277
661,주출입구 높이차이 제거,이용가능,원챠우,14861,117278
662,주출입구 접근로,이용가능,이화원,14862,117279
663,장애인 전용 주차구역,이용가능,이화원,14862,117280
664,주출입구 접근로,이용가능,철판해물손짜장,14863,117281
665,장애인 전용 주차구역,이용가능,철판해물손짜장,14863,117282
666,주출입구 높이차이 제거,이용불편,철판해물손짜장,14863,117283
667,주출입구 접근로,이용가능,타워차이,14864,117284
668,장애인 전용 주차구역,이용가능,타워차이,14864,117285
669,장애인용 관람석,이용가능,타워차이,14864,117286
670,장애인 전용 주차구역,이용가능,하림각,14865,117287
671,주출입구 높이차이 제거,이용가능,하림각,14865,117288
672,주출입구 접근로,이용불편,희래등,14866,117289
673,장애인 전용 주차구역,이용가능,희래등,14866,117290
674,주출입구 높이차이 제거,이용불편,희래등,14866,117291
675,주출입구 접근로,이용가능,(주)에도긴,14856,117292
676,장애인 전용 주차구역,이용가능,(주)에도긴,14856,117293
677,주출입구 높이차이 제거,이용가능,(주)에도긴,14856,117294
678,주출입구 접근로,이용가능,강서수산,14857,117295
679,장애인 전용 주차구역,이용불편,강서수산,14857,117296
680,주출입구 접근로,이용불편,경복궁삿뽀로,14858,117297
681,장애인 전용 주차구역,이용불편,경복궁삿뽀로,14858,117298
682,주출입구 높이차이 제거,이용가능,경복궁삿뽀로,14858,117299
683,주출입구 접근로,이용불편,그물에걸린바다,14859,117300
684,장애인 전용 주차구역,이용가능,그물에걸린바다,14859,117301
685,주출입구 높이차이 제거,이용가능,그물에걸린바다,14859,117302
686,주출입구 접근로,이용가능,금강수산,14860,117303
687,주출입구 접근로,이용가능,마리온 크레페 Lozy,14861,117304
688,장애인 전용 주차구역,이용가능,마리온 크레페 Lozy,14861,117305
689,주출입구 높이차이 제거,이용가능,마리온 크레페 Lozy,14861,117306
690,주출입구 접근로,이용가능,맑은바닷가의나루터,14862,117307
691,장애인 전용 주차구역,이용가능,맑은바닷가의나루터,14862,117308
692,주출입구 접근로,이용불편,미송샤브샤브,14863,117309
693,장애인 전용 주차구역,이용불편,미송샤브샤브,14863,117310
694,주출입구 높이차이 제거,이용가능,미송샤브샤브,14863,117311
695,주출입구 접근로,이용불편,바다회공원,14864,117312
696,주출입구 접근로,이용가능,바다회공원음식점(청림빌딩)(제시카키친),14865,117313
697,장애인 전용 주차구역,이용불편,바다회공원음식점(청림빌딩)(제시카키친),14865,117314
698,주출입구 높이차이 제거,이용가능,바다회공원음식점(청림빌딩)(제시카키친),14865,117315
699,주출입구 접근로,이용가능,별난횟집,14866,117316
700,장애인 전용 주차구역,이용가능,별난횟집,14866,117317
701,주출입구 접근로,이용가능,삼경바다,14867,117318
702,장애인 전용 주차구역,이용가능,삼경바다,14867,117319
703,주출입구 높이차이 제거,이용가능,삼경바다,14867,117320
704,주출입구 접근로,이용가능,샤르르 샤브샤브,14868,117321
705,장애인 전용 주차구역,이용가능,샤르르 샤브샤브,14868,117322
706,주출입구 높이차이 제거,이용가능,샤르르 샤브샤브,14868,117323
707,주출입구 접근로,이용가능,샤브궁샤브가,14869,117324
708,주출입구 접근로,이용가능,씨푸드 대림점,14870,117325
709,장애인 전용 주차구역,이용불편,씨푸드 대림점,14870,117326
710,주출입구 높이차이 제거,이용가능,씨푸드 대림점,14870,117327
711,주출입구 접근로,이용불편,아사달횟집,14871,117328
712,주출입구 높이차이 제거,이용가능,아사달횟집,14871,117329
713,주출입구 접근로,이용가능,아지코우보,14872,117330
714,장애인 전용 주차구역,이용가능,아지코우보,14872,117331
715,주출입구 높이차이 제거,이용가능,아지코우보,14872,117332
716,주출입구 접근로,이용불편,어부박씨,14873,117333
717,주출입구 접근로,이용불편,이춘복참치,14874,117334
718,주출입구 높이차이 제거,이용가능,이춘복참치,14874,117335
719,주출입구 접근로,이용가능,일반음식점(삿뽀로),14875,117336
720,장애인 전용 주차구역,이용가능,일반음식점(삿뽀로),14875,117337
721,주출입구 높이차이 제거,이용가능,일반음식점(삿뽀로),14875,117338
722,주출입구 접근로,이용가능,일식미진(일반음식점),14876,117339
723,장애인 전용 주차구역,이용가능,일식미진(일반음식점),14876,117340
724,주출입구 높이차이 제거,이용불편,일식미진(일반음식점),14876,117341
725,주출입구 접근로,이용가능,정동진회집 하계점,14877,117342
726,장애인 전용 주차구역,이용가능,정동진회집 하계점,14877,117343
727,주출입구 접근로,이용가능,참치박사,14878,117344
728,장애인 전용 주차구역,이용가능,참치박사,14878,117345
729,주출입구 접근로,이용가능,청량리쇠고기샤브샤브,14879,117346
730,장애인 전용 주차구역,이용가능,청량리쇠고기샤브샤브,14879,117347
731,주출입구 높이차이 제거,이용불편,청량리쇠고기샤브샤브,14879,117348
732,주출입구 접근로,이용가능,청해수산회천하통일,14880,117349
733,장애인 전용 주차구역,이용가능,청해수산회천하통일,14880,117350
734,주출입구 접근로,이용가능,킹스(북해도),14881,117351
735,장애인 전용 주차구역,이용가능,킹스(북해도),14881,117352
736,주출입구 접근로,이용가능,해성회수산,14882,117353
737,장애인 전용 주차구역,이용가능,해성회수산,14882,117354
738,주출입구 접근로,이용가능,호면당(조은빌딩),14883,117355
739,주출입구 높이차이 제거,이용가능,호면당(조은빌딩),14883,117356
740,주출입구 접근로,이용가능,희전샤브샤브,14884,117357
741,장애인 전용 주차구역,이용불편,희전샤브샤브,14884,117358
742,주출입구 높이차이 제거,이용불편,희전샤브샤브,14884,117359
743,주출입구 접근로,이용가능,(주) 씨머스,14856,117360
744,장애인 전용 주차구역,이용가능,(주) 씨머스,14856,117361
745,주출입구 높이차이 제거,이용가능,(주) 씨머스,14856,117362
746,주출입구 접근로,이용가능,2층에오렌지룸(일반음식점)-호프&요리주점,14857,117363
747,장애인 전용 주차구역,이용가능,2층에오렌지룸(일반음식점)-호프&요리주점,14857,117364
748,주출입구 높이차이 제거,이용가능,2층에오렌지룸(일반음식점)-호프&요리주점,14857,117365
749,주출입구 접근로,이용가능,AB엔터테인먼트-연예기획사,14858,117366
750,장애인 전용 주차구역,이용가능,AB엔터테인먼트-연예기획사,14858,117367
751,주출입구 높이차이 제거,이용가능,AB엔터테인먼트-연예기획사,14858,117368
752,주출입구 접근로,이용불편,Amazing B/D,14859,117369
753,장애인 전용 주차구역,이용가능,Amazing B/D,14859,117370
754,주출입구 접근로,이용가능,CULISSU GAIA,14860,117371
755,장애인 전용 주차구역,이용가능,CULISSU GAIA,14860,117372
756,장애인 전용 주차구역,이용불편,GASTRO PUB-주점,14861,117373
757,주출입구 높이차이 제거,이용가능,GASTRO PUB-주점,14861,117374
758,주출입구 접근로,이용가능,Love Affair,14862,117375
759,주출입구 높이차이 제거,이용가능,Love Affair,14862,117376
760,주출입구 접근로,이용가능,MUG FOR RABBIT-카페,14863,117377
761,장애인 전용 주차구역,이용가능,MUG FOR RABBIT-카페,14863,117378
762,주출입구 높이차이 제거,이용가능,MUG FOR RABBIT-카페,14863,117379
763,주출입구 접근로,이용가능,SK허브진,14864,117380
764,장애인 전용 주차구역,이용가능,SK허브진,14864,117381
765,주출입구 접근로,이용가능,Table 2425,14865,117382
766,장애인 전용 주차구역,이용가능,WA BAR,14866,117383
767,주출입구 접근로,이용가능,coffeesmith(휴게음식점),14867,117384
768,장애인 전용 주차구역,이용가능,coffeesmith(휴게음식점),14867,117385
769,주출입구 접근로,이용가능,enjoy taste & service,14868,117386
770,장애인 전용 주차구역,이용가능,enjoy taste & service,14868,117387
771,주출입구 높이차이 제거,이용가능,enjoy taste & service,14868,117388
772,주출입구 접근로,이용가능,gs25-편의점,14869,117389
773,장애인 전용 주차구역,이용가능,gs25-편의점,14869,117390
774,주출입구 접근로,이용가능,wellz-가구판매,14870,117391
775,장애인 전용 주차구역,이용가능,wellz-가구판매,14870,117392
776,주출입구 높이차이 제거,이용가능,wellz-가구판매,14870,117393
777,주출입구 접근로,이용가능,㈜젠 하이더 웨이-동남아음식,14871,117394
778,장애인 전용 주차구역,이용가능,㈜젠 하이더 웨이-동남아음식,14871,117395
779,주출입구 접근로,이용가능,㈜청담안,14872,117396
780,장애인 전용 주차구역,이용가능,㈜청담안,14872,117397
781,주출입구 접근로,이용불편,갤러리 시간,14873,117398
782,주출입구 높이차이 제거,이용가능,갤러리 시간,14873,117399
783,주출입구 접근로,이용가능,골든너겟,14874,117400
784,장애인 전용 주차구역,이용가능,골든너겟,14874,117401
785,주출입구 높이차이 제거,이용가능,골든너겟,14874,117402
786,주출입구 접근로,이용불편,곰씨네(씨크랩건물),14875,117403
787,주출입구 접근로,이용불편,나무그늘-카페,14876,117404
788,주출입구 접근로,이용가능,넘버원-호프&요리주점,14877,117405
789,장애인 전용 주차구역,이용가능,넘버원-호프&요리주점,14877,117406
790,주출입구 접근로,이용가능,농부의아들,14878,117407
791,장애인 전용 주차구역,이용가능,농부의아들,14878,117408
792,주출입구 접근로,이용가능,대원,14879,117409
793,장애인 전용 주차구역,이용가능,대원,14879,117410
794,주출입구 높이차이 제거,이용가능,대원,14879,117411
795,주출입구 접근로,이용가능,대학로바탕골,14880,117412
796,장애인 전용 주차구역,이용가능,대학로바탕골,14880,117413
797,주출입구 높이차이 제거,이용불편,대학로바탕골,14880,117414
798,주출입구 접근로,이용가능,더캣츠,14881,117415
799,주출입구 높이차이 제거,이용가능,더캣츠,14881,117416
800,주출입구 접근로,이용가능,동원F&B,14882,117417
801,장애인 전용 주차구역,이용불편,동원F&B,14882,117418
802,주출입구 높이차이 제거,이용불편,동원F&B,14882,117419
803,주출입구 접근로,이용가능,동원빌딩(근린생활시설),14883,117420
804,장애인 전용 주차구역,이용가능,동원빌딩(근린생활시설),14883,117421
805,주출입구 높이차이 제거,이용가능,동원빌딩(근린생활시설),14883,117422
806,장애인 전용 주차구역,이용가능,두울빌딩,14884,117423
807,주출입구 높이차이 제거,이용불편,두울빌딩,14884,117424
808,주출입구 접근로,이용가능,둠벙(현:수리수리)-요리&주점,14885,117425
809,장애인 전용 주차구역,이용가능,둠벙(현:수리수리)-요리&주점,14885,117426
810,장애인 전용 주차구역,이용가능,라부미텔,14886,117427
811,주출입구 높이차이 제거,이용불편,라부미텔,14886,117428
812,주출입구 접근로,이용가능,라운드-칵테일바,14887,117429
813,장애인 전용 주차구역,이용가능,라운드-칵테일바,14887,117430
814,주출입구 접근로,이용가능,렉스모터스-자동차판매점,14888,117431
815,장애인 전용 주차구역,이용가능,렉스모터스-자동차판매점,14888,117432
816,주출입구 높이차이 제거,이용불편,렉스모터스-자동차판매점,14888,117433
817,장애인용 승강기,이용가능,렉스모터스-자동차판매점,14888,117434
818,주출입구 접근로,이용가능,로얄더비랜드,14889,117435
819,장애인 전용 주차구역,이용가능,로얄더비랜드,14889,117436
820,주출입구 높이차이 제거,이용가능,로얄더비랜드,14889,117437
821,주출입구 접근로,이용불편,뢰벤호프,14890,117438
822,장애인 전용 주차구역,이용가능,뢰벤호프,14890,117439
823,주출입구 높이차이 제거,이용가능,뢰벤호프,14890,117440
824,주출입구 접근로,이용가능,마법의 성(일반음식점),14891,117441
825,장애인 전용 주차구역,이용가능,마법의 성(일반음식점),14891,117442
826,주출입구 높이차이 제거,이용가능,마법의 성(일반음식점),14891,117443
827,주출입구 접근로,이용가능,멀티하우스리빙텔-고시원,14892,117444
828,장애인 전용 주차구역,이용가능,멀티하우스리빙텔-고시원,14892,117445
829,주출입구 접근로,이용가능,메종르베이지-카페,14893,117446
830,장애인 전용 주차구역,이용가능,메종르베이지-카페,14893,117447
831,주출입구 접근로,이용가능,무스쿠스(도화타워),14894,117448
832,장애인 전용 주차구역,이용가능,무스쿠스(도화타워),14894,117449
833,주출입구 높이차이 제거,이용가능,무스쿠스(도화타워),14894,117450
834,주출입구 접근로,이용가능,민들레영토,14895,117451
835,장애인 전용 주차구역,이용가능,민들레영토,14895,117452
836,주출입구 높이차이 제거,이용불편,민들레영토,14895,117453
837,주출입구 접근로,이용가능,"밀러타임(지하1,지상2,3,4층)-호프",14896,117454
838,주출입구 접근로,이용가능,베아따빌딩신관,14897,117455
839,장애인 전용 주차구역,이용가능,베아따빌딩신관,14897,117456
840,주출입구 접근로,이용가능,보보-카페,14898,117457
841,장애인 전용 주차구역,이용불편,보보-카페,14898,117458
842,주출입구 높이차이 제거,이용가능,보보-카페,14898,117459
843,주출입구 접근로,이용가능,보보리스-미용실,14899,117460
844,장애인 전용 주차구역,이용가능,보보리스-미용실,14899,117461
845,주출입구 접근로,이용가능,볼트82,14900,117462
846,장애인 전용 주차구역,이용가능,볼트82,14900,117463
847,주출입구 접근로,이용가능,사이공 스픈 32-동남아음식,14901,117464
848,장애인 전용 주차구역,이용가능,사이공 스픈 32-동남아음식,14901,117465
849,주출입구 높이차이 제거,이용가능,사이공 스픈 32-동남아음식,14901,117466
850,주출입구 접근로,이용가능,샬롬빌,14902,117467
851,장애인 전용 주차구역,이용가능,샬롬빌,14902,117468
852,주출입구 높이차이 제거,이용가능,샬롬빌,14902,117469
853,장애인 전용 주차구역,이용가능,서광폴리머,14903,117470
854,주출입구 높이차이 제거,이용가능,서광폴리머,14903,117471
855,장애인 전용 주차구역,이용가능,석천(근린생활시설),14904,117472
856,주출입구 높이차이 제거,이용불편,석천(근린생활시설),14904,117473
857,주출입구 접근로,이용가능,세븐몽키스(금원빌딩),14905,117474
858,장애인 전용 주차구역,이용가능,세븐몽키스(금원빌딩),14905,117475
859,주출입구 접근로,이용가능,수상한포차,14906,117476
860,장애인 전용 주차구역,이용가능,수상한포차,14906,117477
861,주출입구 높이차이 제거,이용불편,수상한포차,14906,117478
862,주출입구 접근로,이용가능,수상한포차,14907,117479
863,장애인 전용 주차구역,이용가능,수상한포차,14907,117480
864,주출입구 높이차이 제거,이용가능,수상한포차,14907,117481
865,주출입구 접근로,이용불편,순봉상가(불토불가마사우나),14908,117482
866,장애인 전용 주차구역,이용불편,순봉상가(불토불가마사우나),14908,117483
867,주출입구 높이차이 제거,이용불편,순봉상가(불토불가마사우나),14908,117484
868,주출입구 접근로,이용가능,스타벅스 신촌점,14909,117485
869,장애인 전용 주차구역,이용가능,스타벅스 신촌점,14909,117486
870,주출입구 높이차이 제거,이용가능,스타벅스 신촌점,14909,117487
871,주출입구 접근로,이용가능,스타벅스 커피 스토리,14910,117488
872,장애인 전용 주차구역,이용가능,스타벅스 커피 스토리,14910,117489
873,주출입구 높이차이 제거,이용가능,스타벅스 커피 스토리,14910,117490
874,주출입구 접근로,이용가능,스타벅스(보라빌딩),14911,117491
875,장애인 전용 주차구역,이용가능,스타벅스(보라빌딩),14911,117492
876,주출입구 높이차이 제거,이용가능,스타벅스(보라빌딩),14911,117493
877,주출입구 접근로,이용가능,신동희,14912,117494
878,장애인 전용 주차구역,이용가능,신동희,14912,117495
879,주출입구 높이차이 제거,이용가능,신동희,14912,117496
880,주출입구 접근로,이용가능,쌍쌍포차,14913,117497
881,장애인 전용 주차구역,이용가능,쌍쌍포차,14913,117498
882,주출입구 접근로,이용불편,씨제이푸드,14914,117499
883,장애인 전용 주차구역,이용가능,씨제이푸드,14914,117500
884,주출입구 접근로,이용가능,아워홈역삼빌딩,14915,117501
885,장애인 전용 주차구역,이용가능,아워홈역삼빌딩,14915,117502
886,주출입구 접근로,이용가능,알비훠스트,14916,117503
887,주출입구 높이차이 제거,이용가능,알비훠스트,14916,117504
888,주출입구 접근로,이용불편,언더브릿지(일반음식점),14917,117505
889,장애인 전용 주차구역,이용가능,언더브릿지(일반음식점),14917,117506
890,주출입구 높이차이 제거,이용불편,언더브릿지(일반음식점),14917,117507
891,주출입구 접근로,이용불편,엔씨레이디스-백화점,14918,117508
892,장애인 전용 주차구역,이용불편,엔씨레이디스-백화점,14918,117509
893,주출입구 높이차이 제거,이용불편,엔씨레이디스-백화점,14918,117510
894,주출입구 접근로,이용가능,엔젤리너스카페,14919,117511
895,주출입구 높이차이 제거,이용가능,엔젤리너스카페,14919,117512
896,주출입구 접근로,이용가능,오렌지팩토리-의류판매,14920,117513
897,장애인 전용 주차구역,이용가능,오렌지팩토리-의류판매,14920,117514
898,주출입구 접근로,이용가능,와라와라(혜진빌딩),14921,117515
899,장애인 전용 주차구역,이용가능,와라와라(혜진빌딩),14921,117516
900,주출입구 접근로,이용가능,원투쓰리,14922,117517
901,주출입구 높이차이 제거,이용불편,원투쓰리,14922,117518
902,주출입구 접근로,이용가능,일반음식점(에덴),14923,117519
903,장애인 전용 주차구역,이용가능,일반음식점(에덴),14923,117520
904,주출입구 높이차이 제거,이용불편,일반음식점(에덴),14923,117521
905,주출입구 접근로,이용가능,정우씨티,14924,117522
906,장애인 전용 주차구역,이용가능,정우씨티,14924,117523
907,주출입구 높이차이 제거,이용가능,정우씨티,14924,117524
908,주출입구 접근로,이용가능,제2근린생활(수한의원부동산),14925,117525
909,장애인 전용 주차구역,이용가능,제2근린생활(수한의원부동산),14925,117526
910,주출입구 높이차이 제거,이용가능,제2근린생활(수한의원부동산),14925,117527
911,주출입구 접근로,이용가능,주노도시-카페,14926,117528
912,장애인 전용 주차구역,이용가능,주노도시-카페,14926,117529
913,주출입구 높이차이 제거,이용불편,주노도시-카페,14926,117530
914,주출입구 접근로,이용가능,주런,14927,117531
915,장애인 전용 주차구역,이용가능,주런,14927,117532
916,주출입구 접근로,이용가능,중림동 325-1 제2종근린생활시설(우진제임스전),14928,117533
917,주출입구 높이차이 제거,이용불편,중림동 325-1 제2종근린생활시설(우진제임스전),14928,117534
918,주출입구 접근로,이용가능,지오브레스빌딩,14929,117535
919,주출입구 높이차이 제거,이용가능,지오브레스빌딩,14929,117536
920,주출입구 접근로,이용불편,지태하,14930,117537
921,장애인 전용 주차구역,이용불편,지태하,14930,117538
922,주출입구 높이차이 제거,이용불편,지태하,14930,117539
923,주출입구 접근로,이용가능,진미파라곤,14931,117540
924,장애인 전용 주차구역,이용가능,진미파라곤,14931,117541
925,주출입구 높이차이 제거,이용불편,진미파라곤,14931,117542
926,주출입구 접근로,이용불편,청산유통,14932,117543
927,장애인 전용 주차구역,이용가능,청산유통,14932,117544
928,주출입구 접근로,이용가능,카페 무이무이,14933,117545
929,장애인 전용 주차구역,이용가능,카페 무이무이,14933,117546
930,주출입구 높이차이 제거,이용가능,카페 무이무이,14933,117547
931,주출입구 접근로,이용가능,카페뎀셀브쥬,14934,117548
932,장애인 전용 주차구역,이용가능,카페뎀셀브쥬,14934,117549
933,주출입구 접근로,이용가능,카페프렌즈,14935,117550
934,장애인 전용 주차구역,이용가능,카페프렌즈,14935,117551
935,주출입구 높이차이 제거,이용가능,카페프렌즈,14935,117552
936,주출입구 접근로,이용가능,커피빈,14936,117553
937,장애인 전용 주차구역,이용가능,커피빈,14936,117554
938,주출입구 높이차이 제거,이용가능,커피빈,14936,117555
939,주출입구 접근로,이용가능,커피빈 압구정점(스마트 익스체인지 빌딩),14937,117556
940,주출입구 접근로,이용가능,커피빈 코리아 삼성점(우창빌딩),14938,117557
941,장애인 전용 주차구역,이용불편,커피빈 코리아 삼성점(우창빌딩),14938,117558
942,주출입구 높이차이 제거,이용가능,커피빈 코리아 삼성점(우창빌딩),14938,117559
943,주출입구 접근로,이용가능,커피스미스,14939,117560
944,주출입구 접근로,이용가능,코나커피숍,14940,117561
945,장애인 전용 주차구역,이용가능,코나커피숍,14940,117562
946,주출입구 높이차이 제거,이용가능,코나커피숍,14940,117563
947,주출입구 접근로,이용가능,타운플라자,14941,117564
948,장애인 전용 주차구역,이용가능,타운플라자,14941,117565
949,주출입구 접근로,이용가능,트라이랜드,14942,117566
950,장애인 전용 주차구역,이용가능,트라이랜드,14942,117567
951,주출입구 높이차이 제거,이용가능,트라이랜드,14942,117568
952,주출입구 접근로,이용불편,티에스아이디-인테리어,14943,117569
953,장애인 전용 주차구역,이용가능,티에스아이디-인테리어,14943,117570
954,주출입구 높이차이 제거,이용가능,티에스아이디-인테리어,14943,117571
955,주출입구 접근로,이용가능,파스꾸찌신촌연대점,14944,117572
956,장애인 전용 주차구역,이용가능,파스꾸찌신촌연대점,14944,117573
957,주출입구 높이차이 제거,이용가능,파스꾸찌신촌연대점,14944,117574
958,주출입구 접근로,이용가능,프로포즈야채과일<간이장터>,14945,117575
959,장애인 전용 주차구역,이용가능,프로포즈야채과일<간이장터>,14945,117576
960,주출입구 높이차이 제거,이용가능,프로포즈야채과일<간이장터>,14945,117577
961,주출입구 접근로,이용가능,프리미어플레이스,14946,117578
962,주출입구 높이차이 제거,이용가능,프리미어플레이스,14946,117579
963,주출입구 접근로,이용불편,피티 앤 브이-직업소개,14947,117580
964,장애인 전용 주차구역,이용가능,피티 앤 브이-직업소개,14947,117581
965,주출입구 접근로,이용가능,한국경제신문사옥,14948,117582
966,장애인 전용 주차구역,이용불편,한국경제신문사옥,14948,117583
967,주출입구 높이차이 제거,이용불편,한국경제신문사옥,14948,117584
968,주출입구 접근로,이용가능,할리스커피점,14949,117585
969,장애인 전용 주차구역,이용가능,할리스커피점,14949,117586
970,주출입구 높이차이 제거,이용가능,할리스커피점,14949,117587
971,주출입구 접근로,이용불편,해동수산광장점,14950,117588
972,주출입구 높이차이 제거,이용가능,해동수산광장점,14950,117589
973,주출입구 접근로,이용불편,해물퓨전주점,14951,117590
974,장애인 전용 주차구역,이용가능,해물퓨전주점,14951,117591
975,주출입구 높이차이 제거,이용가능,해물퓨전주점,14951,117592
976,주출입구 접근로,이용가능,헐리스커피연희점,14952,117593
977,주출입구 접근로,이용가능,헤라로사커피(JS빌딩),14953,117594
978,장애인 전용 주차구역,이용불편,헤라로사커피(JS빌딩),14953,117595
979,주출입구 접근로,이용가능,헤븐,14954,117596
980,장애인 전용 주차구역,이용가능,헤븐,14954,117597
981,주출입구 접근로,이용가능,호야,14955,117598
982,장애인 전용 주차구역,이용가능,호야,14955,117599
983,주출입구 높이차이 제거,이용가능,호야,14955,117600
984,주출입구 접근로,이용가능,효천공영-음악감상실,14956,117601
985,장애인 전용 주차구역,이용가능,효천공영-음악감상실,14956,117602
986,주출입구 높이차이 제거,이용불편,효천공영-음악감상실,14956,117603
