,facility_detail_info,facility_available_name,facility_id
0,총주차대수5,장애인 전용 주차구역,116617
1,단차없음 또는 경사로 1/12이하 설치,주출입구 높이차이 제거,116618
2,유효폭 1.2m 이상,주출입구 높이차이 제거,116618
3,손잡이 설치,주출입구 높이차이 제거,116618
4,평탄함,주출입구 접근로,116619
5,단차없음,주출입구 접근로,116619
6,유효폭 1.2m 이상,주출입구 접근로,116619
7,기울기 1/18이하,주출입구 접근로,116619
8,보/차도 구분,주출입구 접근로,116619
9,총주차대수30,장애인 전용 주차구역,116620
10,전용주차대수  3,장애인 전용 주차구역,116620
11,출입구와 가까운 곳에 설치,장애인 전용 주차구역,116620
12,크기 확보(3.3*5m),장애인 전용 주차구역,116620
13,안내표지판 설치,장애인 전용 주차구역,116620
14,평탄함,주출입구 접근로,116621
15,단차없음,주출입구 접근로,116621
16,유효폭 1.2m 이상,주출입구 접근로,116621
17,기울기 1/18이하,주출입구 접근로,116621
18,보/차도 구분없음,주출입구 접근로,116621
19,상세정보 없음,장애인 전용 주차구역,116622
20,경사로 1/12초과 설치,주출입구 높이차이 제거,116623
21,유효폭 1.2m 미만,주출입구 높이차이 제거,116623
22,손잡이 설치,주출입구 높이차이 제거,116623
23,상세정보 없음,주출입구 접근로,116624
24,총주차대수31,장애인 전용 주차구역,116625
25,전용주차대수  1,장애인 전용 주차구역,116625
26,출입구와 가까운 곳에 설치,장애인 전용 주차구역,116625
27,크기 확보(3.3*5m),장애인 전용 주차구역,116625
28,안내표지판 설치,장애인 전용 주차구역,116625
29,평탄하지 않음,주출입구 접근로,116626
30,단차없음,주출입구 접근로,116626
31,유효폭 1.2m 이상,주출입구 접근로,116626
32,기울기 1/18이하,주출입구 접근로,116626
33,보/차도 구분,주출입구 접근로,116626
34,총주차대수7,장애인 전용 주차구역,116627
35,단차없음 또는 경사로 1/12이하 설치,주출입구 높이차이 제거,116628
36,유효폭 1.2m 이상,주출입구 높이차이 제거,116628
37,손잡이 설치,주출입구 높이차이 제거,116628
38,평탄함,주출입구 접근로,116629
39,단차없음,주출입구 접근로,116629
40,유효폭 1.2m 이상,주출입구 접근로,116629
41,기울기 1/18이하,주출입구 접근로,116629
42,보/차도 구분,주출입구 접근로,116629
43,평탄함,주출입구 접근로,116630
44,단차없음,주출입구 접근로,116630
45,유효폭 1.2m 이상,주출입구 접근로,116630
46,기울기 1/18이하,주출입구 접근로,116630
47,보/차도 구분없음,주출입구 접근로,116630
48,총주차대수80,장애인 전용 주차구역,116631
49,전용주차대수  1,장애인 전용 주차구역,116631
50,출입구와 가까운 곳에 설치,장애인 전용 주차구역,116631
51,크기 확보(3.3*5m),장애인 전용 주차구역,116631
52,안내표지판 설치,장애인 전용 주차구역,116631
53,경사로 1/12초과 설치,주출입구 높이차이 제거,116632
54,유효폭 1.2m 이상,주출입구 높이차이 제거,116632
55,손잡이 설치,주출입구 높이차이 제거,116632
56,평탄함,주출입구 접근로,116633
57,단차없음,주출입구 접근로,116633
58,유효폭 1.2m 이상,주출입구 접근로,116633
59,기울기 1/18이하,주출입구 접근로,116633
60,보/차도 구분,주출입구 접근로,116633
61,단차없음 또는 경사로 1/12이하 설치,주출입구 높이차이 제거,116634
62,유효폭 1.2m 이상,주출입구 높이차이 제거,116634
63,평탄함,주출입구 접근로,116635
64,단차없음,주출입구 접근로,116635
65,유효폭 1.2m 이상,주출입구 접근로,116635
66,기울기 1/18이하,주출입구 접근로,116635
67,보/차도 구분,주출입구 접근로,116635
68,단차없음 또는 경사로 1/12이하 설치,주출입구 높이차이 제거,116636
69,유효폭 1.2m 이상,주출입구 높이차이 제거,116636
70,평탄함,주출입구 접근로,116637
71,단차없음,주출입구 접근로,116637
72,유효폭 1.2m 이상,주출입구 접근로,116637
73,기울기 1/18이하,주출입구 접근로,116637
74,보/차도 구분없음,주출입구 접근로,116637
75,경사로 1/12초과 설치,주출입구 높이차이 제거,116638
76,유효폭 1.2m 미만,주출입구 높이차이 제거,116638
77,손잡이 미흡설치,주출입구 높이차이 제거,116638
78,평탄함,주출입구 접근로,116639
79,단차없음,주출입구 접근로,116639
80,유효폭 1.2m 이상,주출입구 접근로,116639
81,기울기 1/18이하,주출입구 접근로,116639
82,보/차도 구분,주출입구 접근로,116639
83,단차없음 또는 경사로 1/12이하 설치,주출입구 높이차이 제거,116640
84,평탄함,주출입구 접근로,116641
85,단차없음,주출입구 접근로,116641
86,유효폭 1.2m 이상,주출입구 접근로,116641
87,기울기 1/18이하,주출입구 접근로,116641
88,보/차도 구분없음,주출입구 접근로,116641
89,총주차대수106,장애인 전용 주차구역,116642
90,전용주차대수  3,장애인 전용 주차구역,116642
91,출입구와 가까운 곳에 설치,장애인 전용 주차구역,116642
92,크기 미 확보,장애인 전용 주차구역,116642
93,안내표지판 설치,장애인 전용 주차구역,116642
94,단차없음 또는 경사로 1/12이하 설치,주출입구 높이차이 제거,116643
95,유효폭 1.2m 이상,주출입구 높이차이 제거,116643
96,평탄함,주출입구 접근로,116644
97,단차없음,주출입구 접근로,116644
98,유효폭 1.2m 이상,주출입구 접근로,116644
99,기울기 1/18이하,주출입구 접근로,116644
100,보/차도 구분,주출입구 접근로,116644
101,출입구 및 피난통로와 가까운곳에 설치,장애인용 관람석,116645
102,관람석 면적0.9*1.3m 이상,장애인용 관람석,116645
103,좌석설치,장애인용 관람석,116645
104,평탄함,주출입구 접근로,116646
105,단차없음,주출입구 접근로,116646
106,유효폭 1.2m 이상,주출입구 접근로,116646
107,기울기 1/18이하,주출입구 접근로,116646
108,보/차도 구분,주출입구 접근로,116646
109,상세정보 없음,장애인 전용 주차구역,116647
110,평탄함,주출입구 접근로,116648
111,단차없음,주출입구 접근로,116648
112,유효폭 1.2m 이상,주출입구 접근로,116648
113,기울기 1/18~1/12이하,주출입구 접근로,116648
114,보/차도 구분없음,주출입구 접근로,116648
115,총주차대수16,장애인 전용 주차구역,116649
116,전용주차대수  2,장애인 전용 주차구역,116649
117,출입구와 가까운 곳에 설치,장애인 전용 주차구역,116649
118,크기 미 확보,장애인 전용 주차구역,116649
119,안내표지판 설치,장애인 전용 주차구역,116649
120,평탄함,주출입구 접근로,116650
121,단차없음,주출입구 접근로,116650
122,유효폭 1.2m 이상,주출입구 접근로,116650
123,기울기 1/18이하,주출입구 접근로,116650
124,보/차도 구분,주출입구 접근로,116650
125,상세정보 없음,장애인 전용 주차구역,116651
126,단차없음 또는 경사로 1/12이하 설치,주출입구 높이차이 제거,116652
127,유효폭 1.2m 이상,주출입구 높이차이 제거,116652
128,평탄함,주출입구 접근로,116653
129,단차없음,주출입구 접근로,116653
130,유효폭 1.2m 이상,주출입구 접근로,116653
131,기울기 1/18이하,주출입구 접근로,116653
132,보/차도 구분,주출입구 접근로,116653
133,총주차대수14,장애인 전용 주차구역,116654
134,단차없음 또는 경사로 1/12이하 설치,주출입구 높이차이 제거,116655
135,유효폭 1.2m 이상,주출입구 높이차이 제거,116655
136,손잡이 설치,주출입구 높이차이 제거,116655
137,평탄함,주출입구 접근로,116656
138,단차없음,주출입구 접근로,116656
139,유효폭 1.2m 이상,주출입구 접근로,116656
140,기울기 1/18~1/12이하,주출입구 접근로,116656
141,보/차도 구분없음,주출입구 접근로,116656
142,총주차대수11,장애인 전용 주차구역,116657
143,전용주차대수  1,장애인 전용 주차구역,116657
144,출입구와 가까운 곳에 설치,장애인 전용 주차구역,116657
145,크기 확보(3.3*5m),장애인 전용 주차구역,116657
146,안내표지판 설치,장애인 전용 주차구역,116657
147,단차없음 또는 경사로 1/12이하 설치,주출입구 높이차이 제거,116658
148,유효폭 1.2m 이상,주출입구 높이차이 제거,116658
149,손잡이 설치,주출입구 높이차이 제거,116658
150,상세정보 없음,주출입구 접근로,116659
151,총주차대수5,장애인 전용 주차구역,116660
152,평탄함,주출입구 접근로,116661
153,단차없음,주출입구 접근로,116661
154,유효폭 1.2m 이상,주출입구 접근로,116661
155,기울기 1/18이하,주출입구 접근로,116661
156,보/차도 구분,주출입구 접근로,116661
157,단차없음 또는 경사로 1/12이하 설치,주출입구 높이차이 제거,116662
158,유효폭 1.2m 이상,주출입구 높이차이 제거,116662
159,손잡이 설치,주출입구 높이차이 제거,116662
160,상세정보 없음,주출입구 접근로,116663
161,총주차대수6,장애인 전용 주차구역,116664
162,상세정보 없음,주출입구 접근로,116665
163,상세정보 없음,장애인 전용 주차구역,116666
164,경사로 1/12초과 설치,주출입구 높이차이 제거,116667
165,유효폭 1.2m 미만,주출입구 높이차이 제거,116667
166,손잡이 미흡설치,주출입구 높이차이 제거,116667
167,평탄함,주출입구 접근로,116668
168,단차없음,주출입구 접근로,116668
169,유효폭 1.2m 이상,주출입구 접근로,116668
170,기울기 1/18이하,주출입구 접근로,116668
171,보/차도 구분없음,주출입구 접근로,116668
172,상세정보 없음,장애인 전용 주차구역,116669
173,평탄함,주출입구 접근로,116670
174,단차없음,주출입구 접근로,116670
175,유효폭 1.2m 이상,주출입구 접근로,116670
176,기울기 1/18~1/12이하,주출입구 접근로,116670
177,보/차도 구분,주출입구 접근로,116670
178,총주차대수30,장애인 전용 주차구역,116671
179,전용주차대수  2,장애인 전용 주차구역,116671
180,출입구와 가까운 곳에 설치,장애인 전용 주차구역,116671
181,크기 확보(3.3*5m),장애인 전용 주차구역,116671
182,안내표지판 설치,장애인 전용 주차구역,116671
183,경사로 1/12초과 설치,주출입구 높이차이 제거,116672
184,유효폭 1.2m 미만,주출입구 높이차이 제거,116672
185,손잡이 설치,주출입구 높이차이 제거,116672
186,평탄함,주출입구 접근로,116673
187,단차없음,주출입구 접근로,116673
188,유효폭 1.2m 이상,주출입구 접근로,116673
189,기울기 1/18이하,주출입구 접근로,116673
190,보/차도 구분없음,주출입구 접근로,116673
191,총주차대수5,장애인 전용 주차구역,116674
192,상세정보 없음,주출입구 접근로,116675
193,상세정보 없음,장애인 전용 주차구역,116676
194,상세정보 없음,주출입구 접근로,116677
195,단차없음 또는 경사로 1/12이하 설치,주출입구 높이차이 제거,116678
196,유효폭 1.2m 이상,주출입구 높이차이 제거,116678
197,평탄함,주출입구 접근로,116679
198,단차없음,주출입구 접근로,116679
199,유효폭 1.2m 이상,주출입구 접근로,116679
200,기울기 1/18이하,주출입구 접근로,116679
201,보/차도 구분,주출입구 접근로,116679
202,총주차대수8,장애인 전용 주차구역,116680
203,단차없음 또는 경사로 1/12이하 설치,주출입구 높이차이 제거,116681
204,유효폭 1.2m 이상,주출입구 높이차이 제거,116681
205,상세정보 없음,주출입구 접근로,116682
206,상세정보 없음,장애인 전용 주차구역,116683
207,평탄함,주출입구 접근로,116684
208,단차없음,주출입구 접근로,116684
209,유효폭 1.2m 이상,주출입구 접근로,116684
210,기울기 1/18이하,주출입구 접근로,116684
211,보/차도 구분,주출입구 접근로,116684
212,총주차대수47,장애인 전용 주차구역,116685
213,전용주차대수  1,장애인 전용 주차구역,116685
214,출입구와 가까운 곳에 설치,장애인 전용 주차구역,116685
215,크기 미 확보,장애인 전용 주차구역,116685
216,안내표지판 설치,장애인 전용 주차구역,116685
217,평탄함,주출입구 접근로,116686
218,단차없음,주출입구 접근로,116686
219,유효폭 1.2m 이상,주출입구 접근로,116686
220,기울기 1/18이하,주출입구 접근로,116686
221,보/차도 구분,주출입구 접근로,116686
222,총주차대수7,장애인 전용 주차구역,116687
223,단차없음 또는 경사로 1/12이하 설치,주출입구 높이차이 제거,116688
224,유효폭 1.2m 이상,주출입구 높이차이 제거,116688
225,상세정보 없음,주출입구 접근로,116689
226,총주차대수5,장애인 전용 주차구역,116690
227,경사로 1/12초과 설치,주출입구 높이차이 제거,116691
228,유효폭 1.2m 미만,주출입구 높이차이 제거,116691
229,손잡이 설치,주출입구 높이차이 제거,116691
230,평탄함,주출입구 접근로,116692
231,단차없음,주출입구 접근로,116692
232,유효폭 1.2m 이상,주출입구 접근로,116692
233,기울기 1/18이하,주출입구 접근로,116692
234,보/차도 구분없음,주출입구 접근로,116692
235,총주차대수4,장애인 전용 주차구역,116693
236,단차없음 또는 경사로 1/12이하 설치,주출입구 높이차이 제거,116694
237,유효폭 1.2m 이상,주출입구 높이차이 제거,116694
238,상세정보 없음,주출입구 접근로,116695
239,상세정보 없음,장애인 전용 주차구역,116696
240,평탄함,주출입구 접근로,116697
241,단차없음,주출입구 접근로,116697
242,유효폭 1.2m 이상,주출입구 접근로,116697
243,기울기 1/18이하,주출입구 접근로,116697
244,보/차도 구분,주출입구 접근로,116697
245,상세정보 없음,장애인 전용 주차구역,116698
246,단차없음 또는 경사로 1/12이하 설치,주출입구 높이차이 제거,116699
247,유효폭 1.2m 이상,주출입구 높이차이 제거,116699
248,손잡이 설치,주출입구 높이차이 제거,116699
249,평탄함,주출입구 접근로,116700
250,단차없음,주출입구 접근로,116700
251,유효폭 1.2m 이상,주출입구 접근로,116700
252,기울기 1/18이하,주출입구 접근로,116700
253,보/차도 구분없음,주출입구 접근로,116700
254,단차없음 또는 경사로 1/12이하 설치,주출입구 높이차이 제거,116701
255,유효폭 1.2m 이상,주출입구 높이차이 제거,116701
256,평탄함,주출입구 접근로,116702
257,단차없음,주출입구 접근로,116702
258,유효폭 1.2m 이상,주출입구 접근로,116702
259,기울기 1/18이하,주출입구 접근로,116702
260,보/차도 구분없음,주출입구 접근로,116702
261,단차없음 또는 경사로 1/12이하 설치,주출입구 높이차이 제거,116703
262,유효폭 1.2m 이상,주출입구 높이차이 제거,116703
263,평탄함,주출입구 접근로,116704
264,단차없음,주출입구 접근로,116704
265,유효폭 1.2m 이상,주출입구 접근로,116704
266,기울기 1/18이하,주출입구 접근로,116704
267,보/차도 구분없음,주출입구 접근로,116704
268,평탄함,주출입구 접근로,116705
269,단차없음,주출입구 접근로,116705
270,유효폭 1.2m 이상,주출입구 접근로,116705
271,기울기 1/18이하,주출입구 접근로,116705
272,보/차도 구분없음,주출입구 접근로,116705
273,상세정보 없음,장애인 전용 주차구역,116706
274,단차없음 또는 경사로 1/12이하 설치,주출입구 높이차이 제거,116707
275,유효폭 1.2m 이상,주출입구 높이차이 제거,116707
276,평탄함,주출입구 접근로,116708
277,단차없음,주출입구 접근로,116708
278,유효폭 1.2m 이상,주출입구 접근로,116708
279,기울기 1/18이하,주출입구 접근로,116708
280,보/차도 구분없음,주출입구 접근로,116708
281,총주차대수8,장애인 전용 주차구역,116709
282,평탄함,주출입구 접근로,116710
283,단차없음,주출입구 접근로,116710
284,유효폭 1.2m 이상,주출입구 접근로,116710
285,기울기 1/18이하,주출입구 접근로,116710
286,보/차도 구분없음,주출입구 접근로,116710
287,경사로 1/12초과 설치,주출입구 높이차이 제거,116711
288,유효폭 1.2m 이상,주출입구 높이차이 제거,116711
289,손잡이 설치,주출입구 높이차이 제거,116711
290,평탄함,주출입구 접근로,116712
291,단차없음,주출입구 접근로,116712
292,유효폭 1.2m 이상,주출입구 접근로,116712
293,기울기 1/18이하,주출입구 접근로,116712
294,보/차도 구분,주출입구 접근로,116712
295,총주차대수9,장애인 전용 주차구역,116713
296,단차없음 또는 경사로 1/12이하 설치,주출입구 높이차이 제거,116714
297,유효폭 1.2m 이상,주출입구 높이차이 제거,116714
298,평탄함,주출입구 접근로,116715
299,단차없음,주출입구 접근로,116715
300,유효폭 1.2m 이상,주출입구 접근로,116715
301,기울기 1/18이하,주출입구 접근로,116715
302,보/차도 구분,주출입구 접근로,116715
303,총주차대수86,장애인 전용 주차구역,116716
304,전용주차대수  2,장애인 전용 주차구역,116716
305,출입구와 가까운 곳에 설치,장애인 전용 주차구역,116716
306,크기 확보(3.3*5m),장애인 전용 주차구역,116716
307,안내표지판 설치,장애인 전용 주차구역,116716
308,단차없음 또는 경사로 1/12이하 설치,주출입구 높이차이 제거,116717
309,유효폭 1.2m 이상,주출입구 높이차이 제거,116717
310,상세정보 없음,주출입구 접근로,116718
311,상세정보 없음,장애인 전용 주차구역,116719
312,상세정보 없음,주출입구 접근로,116720
313,상세정보 없음,장애인 전용 주차구역,116721
314,평탄함,주출입구 접근로,116722
315,단차없음,주출입구 접근로,116722
316,유효폭 1.2m 이상,주출입구 접근로,116722
317,기울기 1/18이하,주출입구 접근로,116722
318,보/차도 구분,주출입구 접근로,116722
319,총주차대수4,장애인 전용 주차구역,116723
320,평탄함,주출입구 접근로,116724
321,단차없음,주출입구 접근로,116724
322,유효폭 1.2m 이상,주출입구 접근로,116724
323,기울기 1/18이하,주출입구 접근로,116724
324,보/차도 구분,주출입구 접근로,116724
325,총주차대수83,장애인 전용 주차구역,116725
326,전용주차대수  3,장애인 전용 주차구역,116725
327,출입구와 가까운 곳에 설치,장애인 전용 주차구역,116725
328,크기 확보(3.3*5m),장애인 전용 주차구역,116725
329,안내표지판 설치,장애인 전용 주차구역,116725
330,단차없음 또는 경사로 1/12이하 설치,주출입구 높이차이 제거,116726
331,유효폭 1.2m 이상,주출입구 높이차이 제거,116726
332,평탄함,주출입구 접근로,116727
333,단차없음,주출입구 접근로,116727
334,유효폭 1.2m 이상,주출입구 접근로,116727
335,기울기 1/18이하,주출입구 접근로,116727
336,보/차도 구분없음,주출입구 접근로,116727
337,총주차대수8,장애인 전용 주차구역,116728
338,단차없음 또는 경사로 1/12이하 설치,주출입구 높이차이 제거,116729
339,유효폭 1.2m 이상,주출입구 높이차이 제거,116729
340,손잡이 설치,주출입구 높이차이 제거,116729
341,평탄함,주출입구 접근로,116730
342,단차없음,주출입구 접근로,116730
343,유효폭 1.2m 이상,주출입구 접근로,116730
344,기울기 1/18이하,주출입구 접근로,116730
345,보/차도 구분,주출입구 접근로,116730
346,총주차대수4,장애인 전용 주차구역,116731
347,단차없음 또는 경사로 1/12이하 설치,주출입구 높이차이 제거,116732
348,유효폭 1.2m 이상,주출입구 높이차이 제거,116732
349,상세정보 없음,주출입구 접근로,116733
350,총주차대수8,장애인 전용 주차구역,116734
351,상세정보 없음,주출입구 접근로,116735
352,총주차대수6,장애인 전용 주차구역,116736
353,단차없음 또는 경사로 1/12이하 설치,주출입구 높이차이 제거,116737
354,유효폭 1.2m 이상,주출입구 높이차이 제거,116737
355,손잡이 설치,주출입구 높이차이 제거,116737
356,상세정보 없음,주출입구 접근로,116738
357,유효폭 1.2m 이상,주출입구 높이차이 제거,116739
358,평탄함,주출입구 접근로,116740
359,단차없음,주출입구 접근로,116740
360,유효폭 1.2m 이상,주출입구 접근로,116740
361,기울기 1/18이하,주출입구 접근로,116740
362,보/차도 구분,주출입구 접근로,116740
363,상세정보 없음,장애인 전용 주차구역,116741
364,평탄함,주출입구 접근로,116742
365,단차없음,주출입구 접근로,116742
366,유효폭 1.2m 이상,주출입구 접근로,116742
367,기울기 1/18이하,주출입구 접근로,116742
368,보/차도 구분,주출입구 접근로,116742
369,총주차대수10,장애인 전용 주차구역,116743
370,전용주차대수  1,장애인 전용 주차구역,116743
371,출입구와 가까운 곳에 설치,장애인 전용 주차구역,116743
372,크기 미 확보,장애인 전용 주차구역,116743
373,안내표지판 설치,장애인 전용 주차구역,116743
374,단차없음 또는 경사로 1/12이하 설치,주출입구 높이차이 제거,116744
375,유효폭 1.2m 이상,주출입구 높이차이 제거,116744
376,평탄함,주출입구 접근로,116745
377,단차없음,주출입구 접근로,116745
378,유효폭 1.2m 이상,주출입구 접근로,116745
379,기울기 1/18~1/12이하,주출입구 접근로,116745
380,보/차도 구분없음,주출입구 접근로,116745
381,총주차대수8,장애인 전용 주차구역,116746
382,상세정보 없음,주출입구 높이차이 제거,116747
383,상세정보 없음,장애인 전용 주차구역,116748
384,상세정보 없음,주출입구 접근로,116749
385,총주차대수16,장애인 전용 주차구역,116750
386,평탄함,주출입구 접근로,116751
387,단차없음,주출입구 접근로,116751
388,유효폭 1.2m 이상,주출입구 접근로,116751
389,기울기 1/18이하,주출입구 접근로,116751
390,보/차도 구분없음,주출입구 접근로,116751
391,총주차대수30,장애인 전용 주차구역,116752
392,전용주차대수  2,장애인 전용 주차구역,116752
393,출입구와 가까운 곳에 설치,장애인 전용 주차구역,116752
394,크기 확보(3.3*5m),장애인 전용 주차구역,116752
395,안내표지판 설치,장애인 전용 주차구역,116752
396,경사로 1/12초과 설치,주출입구 높이차이 제거,116753
397,유효폭 1.2m 이상,주출입구 높이차이 제거,116753
398,손잡이 설치,주출입구 높이차이 제거,116753
399,평탄함,주출입구 접근로,116754
400,단차없음,주출입구 접근로,116754
401,유효폭 1.2m 이상,주출입구 접근로,116754
402,기울기 1/18이하,주출입구 접근로,116754
403,보/차도 구분,주출입구 접근로,116754
404,총주차대수2,장애인 전용 주차구역,116755
405,단차없음 또는 경사로 1/12이하 설치,주출입구 높이차이 제거,116756
406,유효폭 1.2m 이상,주출입구 높이차이 제거,116756
407,손잡이 설치,주출입구 높이차이 제거,116756
408,평탄함,주출입구 접근로,116757
409,단차없음,주출입구 접근로,116757
410,유효폭 1.2m 이상,주출입구 접근로,116757
411,기울기 1/18이하,주출입구 접근로,116757
412,보/차도 구분,주출입구 접근로,116757
413,총주차대수4,장애인 전용 주차구역,116758
414,단차없음 또는 경사로 1/12이하 설치,주출입구 높이차이 제거,116759
415,유효폭 1.2m 이상,주출입구 높이차이 제거,116759
416,손잡이 설치,주출입구 높이차이 제거,116759
417,총주차대수20,장애인 전용 주차구역,116760
418,평탄함,주출입구 접근로,116761
419,단차없음,주출입구 접근로,116761
420,유효폭 1.2m 이상,주출입구 접근로,116761
421,기울기 1/18이하,주출입구 접근로,116761
422,보/차도 구분없음,주출입구 접근로,116761
423,총주차대수9,장애인 전용 주차구역,116762
424,경사로 1/12초과 설치,주출입구 높이차이 제거,116763
425,유효폭 1.2m 미만,주출입구 높이차이 제거,116763
426,손잡이 설치,주출입구 높이차이 제거,116763
427,평탄함,주출입구 접근로,116764
428,단차없음,주출입구 접근로,116764
429,유효폭 1.2m 이상,주출입구 접근로,116764
430,기울기 1/18이하,주출입구 접근로,116764
431,보/차도 구분없음,주출입구 접근로,116764
432,총주차대수4,장애인 전용 주차구역,116765
433,단차없음 또는 경사로 1/12이하 설치,주출입구 높이차이 제거,116766
434,유효폭 1.2m 이상,주출입구 높이차이 제거,116766
435,손잡이 설치,주출입구 높이차이 제거,116766
436,평탄함,주출입구 접근로,116767
437,단차없음,주출입구 접근로,116767
438,유효폭 1.2m 이상,주출입구 접근로,116767
439,기울기 1/18이하,주출입구 접근로,116767
440,보/차도 구분,주출입구 접근로,116767
441,총주차대수6,장애인 전용 주차구역,116768
442,평탄함,주출입구 접근로,116769
443,단차없음,주출입구 접근로,116769
444,유효폭 1.2m 이상,주출입구 접근로,116769
445,기울기 1/18이하,주출입구 접근로,116769
446,보/차도 구분,주출입구 접근로,116769
447,단차없음 또는 경사로 1/12이하 설치,주출입구 높이차이 제거,116770
448,유효폭 1.2m 이상,주출입구 높이차이 제거,116770
449,손잡이 설치,주출입구 높이차이 제거,116770
450,평탄함,주출입구 접근로,116771
451,단차없음,주출입구 접근로,116771
452,유효폭 1.2m 이상,주출입구 접근로,116771
453,기울기 1/18이하,주출입구 접근로,116771
454,보/차도 구분없음,주출입구 접근로,116771
455,총주차대수3,장애인 전용 주차구역,116772
456,단차없음 또는 경사로 1/12이하 설치,주출입구 높이차이 제거,116773
457,유효폭 1.2m 이상,주출입구 높이차이 제거,116773
458,출입구 및 피난통로와 가까운곳에 설치,장애인용 관람석,116774
459,관람석 면적0.9*1.3m 이상,장애인용 관람석,116774
460,좌석설치,장애인용 관람석,116774
461,평탄함,주출입구 접근로,116775
462,단차없음,주출입구 접근로,116775
463,유효폭 1.2m 이상,주출입구 접근로,116775
464,기울기 1/18이하,주출입구 접근로,116775
465,보/차도 구분없음,주출입구 접근로,116775
466,총주차대수50,장애인 전용 주차구역,116776
467,전용주차대수  4,장애인 전용 주차구역,116776
468,출입구와 가까운 곳에 설치,장애인 전용 주차구역,116776
469,크기 확보(3.3*5m),장애인 전용 주차구역,116776
470,안내표지판 설치,장애인 전용 주차구역,116776
471,단차없음 또는 경사로 1/12이하 설치,주출입구 높이차이 제거,116777
472,유효폭 1.2m 이상,주출입구 높이차이 제거,116777
473,출입구 및 피난통로와 가까운곳에 설치,장애인용 관람석,116778
474,관람석 면적0.9*1.3m 이상,장애인용 관람석,116778
475,좌석설치,장애인용 관람석,116778
476,평탄하지 않음,주출입구 접근로,116779
477,단차없음,주출입구 접근로,116779
478,유효폭 1.2m 이상,주출입구 접근로,116779
479,기울기 1/18이하,주출입구 접근로,116779
480,보/차도 구분,주출입구 접근로,116779
481,상세정보 없음,장애인 전용 주차구역,116780
482,단차없음 또는 경사로 1/12이하 설치,주출입구 높이차이 제거,116781
483,유효폭 1.2m 이상,주출입구 높이차이 제거,116781
484,평탄함,주출입구 접근로,116782
485,단차없음,주출입구 접근로,116782
486,유효폭 1.2m 이상,주출입구 접근로,116782
487,기울기 1/18이하,주출입구 접근로,116782
488,보/차도 구분,주출입구 접근로,116782
489,단차없음 또는 경사로 1/12이하 설치,주출입구 높이차이 제거,116783
490,유효폭 1.2m 이상,주출입구 높이차이 제거,116783
491,손잡이 설치,주출입구 높이차이 제거,116783
492,평탄함,주출입구 접근로,116784
493,단차없음,주출입구 접근로,116784
494,유효폭 1.2m 이상,주출입구 접근로,116784
495,기울기 1/18이하,주출입구 접근로,116784
496,보/차도 구분,주출입구 접근로,116784
497,상세정보 없음,주출입구 높이차이 제거,116785
498,가로조작반 설치,장애인용 승강기,116786
499,버튼점자 설치,장애인용 승강기,116786
500,점자블록 설치,장애인용 승강기,116786
501,음성안내 설치,장애인용 승강기,116786
502,점멸등 설치,장애인용 승강기,116786
503,평탄함,주출입구 접근로,116787
504,단차없음,주출입구 접근로,116787
505,유효폭 1.2m 이상,주출입구 접근로,116787
506,기울기 1/18이하,주출입구 접근로,116787
507,보/차도 구분,주출입구 접근로,116787
508,상세정보 없음,주출입구 높이차이 제거,116788
509,가로조작반 설치,장애인용 승강기,116789
510,버튼점자 설치,장애인용 승강기,116789
511,점자블록 설치,장애인용 승강기,116789
512,음성안내 설치,장애인용 승강기,116789
513,점멸등 설치,장애인용 승강기,116789
514,상세정보 없음,장애인 전용 주차구역,116790
515,평탄함,주출입구 접근로,116791
516,단차없음,주출입구 접근로,116791
517,유효폭 1.2m 이상,주출입구 접근로,116791
518,기울기 1/18이하,주출입구 접근로,116791
519,보/차도 구분,주출입구 접근로,116791
520,경사로 1/12초과 설치,주출입구 높이차이 제거,116792
521,유효폭 1.2m 이상,주출입구 높이차이 제거,116792
522,평탄함,주출입구 접근로,116793
523,단차없음,주출입구 접근로,116793
524,유효폭 1.2m 이상,주출입구 접근로,116793
525,기울기 1/18이하,주출입구 접근로,116793
526,보/차도 구분,주출입구 접근로,116793
527,상세정보 없음,주출입구 높이차이 제거,116794
528,상세정보 없음,주출입구 접근로,116795
529,총주차대수12,장애인 전용 주차구역,116796
530,전용주차대수  1,장애인 전용 주차구역,116796
531,출입구와 가까운 곳에 설치,장애인 전용 주차구역,116796
532,크기 확보(3.3*5m),장애인 전용 주차구역,116796
533,안내표지판 설치,장애인 전용 주차구역,116796
534,경사로 1/12초과 설치,주출입구 높이차이 제거,116797
535,유효폭 1.2m 미만,주출입구 높이차이 제거,116797
536,평탄함,주출입구 접근로,116798
537,단차없음,주출입구 접근로,116798
538,유효폭 1.2m 이상,주출입구 접근로,116798
539,기울기 1/18이하,주출입구 접근로,116798
540,보/차도 구분,주출입구 접근로,116798
541,상세정보 없음,장애인 전용 주차구역,116799
542,단차없음 또는 경사로 1/12이하 설치,주출입구 높이차이 제거,116800
543,유효폭 1.2m 이상,주출입구 높이차이 제거,116800
544,상세정보 없음,주출입구 접근로,116801
545,총주차대수3,장애인 전용 주차구역,116802
546,평탄함,주출입구 접근로,116803
547,단차없음,주출입구 접근로,116803
548,유효폭 1.2m 이상,주출입구 접근로,116803
549,기울기 1/18이하,주출입구 접근로,116803
550,보/차도 구분,주출입구 접근로,116803
551,단차없음 또는 경사로 1/12이하 설치,주출입구 높이차이 제거,116804
552,상세정보 없음,주출입구 접근로,116805
553,총주차대수3,장애인 전용 주차구역,116806
554,평탄함,주출입구 접근로,116807
555,단차없음,주출입구 접근로,116807
556,유효폭 1.2m 이상,주출입구 접근로,116807
557,기울기 1/18이하,주출입구 접근로,116807
558,보/차도 구분없음,주출입구 접근로,116807
559,상세정보 없음,장애인 전용 주차구역,116808
560,단차없음 또는 경사로 1/12이하 설치,주출입구 높이차이 제거,116809
561,유효폭 1.2m 이상,주출입구 높이차이 제거,116809
562,상세정보 없음,주출입구 접근로,116810
563,총주차대수8,장애인 전용 주차구역,116811
564,평탄함,주출입구 접근로,116812
565,단차없음,주출입구 접근로,116812
566,유효폭 1.2m 이상,주출입구 접근로,116812
567,기울기 1/18이하,주출입구 접근로,116812
568,보/차도 구분,주출입구 접근로,116812
569,총주차대수5,장애인 전용 주차구역,116813
570,단차없음 또는 경사로 1/12이하 설치,주출입구 높이차이 제거,116814
571,유효폭 1.2m 이상,주출입구 높이차이 제거,116814
572,평탄함,주출입구 접근로,116815
573,단차없음,주출입구 접근로,116815
574,유효폭 1.2m 이상,주출입구 접근로,116815
575,기울기 1/18이하,주출입구 접근로,116815
576,보/차도 구분,주출입구 접근로,116815
577,총주차대수8,장애인 전용 주차구역,116816
578,단차없음 또는 경사로 1/12이하 설치,주출입구 높이차이 제거,116817
579,유효폭 1.2m 이상,주출입구 높이차이 제거,116817
580,평탄함,주출입구 접근로,116818
581,단차없음,주출입구 접근로,116818
582,유효폭 1.2m 이상,주출입구 접근로,116818
583,기울기 1/18이하,주출입구 접근로,116818
584,보/차도 구분,주출입구 접근로,116818
585,상세정보 없음,장애인 전용 주차구역,116819
586,단차없음 또는 경사로 1/12이하 설치,주출입구 높이차이 제거,116820
587,유효폭 1.2m 이상,주출입구 높이차이 제거,116820
588,평탄함,주출입구 접근로,116821
589,단차없음,주출입구 접근로,116821
590,유효폭 1.2m 이상,주출입구 접근로,116821
591,기울기 1/18이하,주출입구 접근로,116821
592,보/차도 구분없음,주출입구 접근로,116821
593,상세정보 없음,장애인 전용 주차구역,116822
594,단차없음 또는 경사로 1/12이하 설치,주출입구 높이차이 제거,116823
595,유효폭 1.2m 이상,주출입구 높이차이 제거,116823
596,총주차대수17,장애인 전용 주차구역,116824
597,전용주차대수  1,장애인 전용 주차구역,116824
598,출입구와 가까운 곳에 설치,장애인 전용 주차구역,116824
599,크기 확보(3.3*5m),장애인 전용 주차구역,116824
600,안내표지판 설치,장애인 전용 주차구역,116824
601,단차없음 또는 경사로 1/12이하 설치,주출입구 높이차이 제거,116825
602,유효폭 1.2m 이상,주출입구 높이차이 제거,116825
603,평탄함,주출입구 접근로,116826
604,단차없음,주출입구 접근로,116826
605,유효폭 1.2m 이상,주출입구 접근로,116826
606,기울기 1/18이하,주출입구 접근로,116826
607,보/차도 구분,주출입구 접근로,116826
608,총주차대수5,장애인 전용 주차구역,116827
609,단차없음 또는 경사로 1/12이하 설치,주출입구 높이차이 제거,116828
610,유효폭 1.2m 이상,주출입구 높이차이 제거,116828
611,평탄함,주출입구 접근로,116829
612,단차없음,주출입구 접근로,116829
613,유효폭 1.2m 이상,주출입구 접근로,116829
614,기울기 1/18이하,주출입구 접근로,116829
615,보/차도 구분,주출입구 접근로,116829
616,총주차대수5,장애인 전용 주차구역,116830
617,평탄함,주출입구 접근로,116831
618,단차없음,주출입구 접근로,116831
619,유효폭 1.2m 이상,주출입구 접근로,116831
620,기울기 1/18이하,주출입구 접근로,116831
621,보/차도 구분,주출입구 접근로,116831
622,경사로 1/12초과 설치,주출입구 높이차이 제거,116832
623,유효폭 1.2m 미만,주출입구 높이차이 제거,116832
624,손잡이 미흡설치,주출입구 높이차이 제거,116832
625,평탄함,주출입구 접근로,116833
626,단차없음,주출입구 접근로,116833
627,유효폭 1.2m 이상,주출입구 접근로,116833
628,기울기 1/18이하,주출입구 접근로,116833
629,보/차도 구분,주출입구 접근로,116833
630,총주차대수6,장애인 전용 주차구역,116834
631,단차없음 또는 경사로 1/12이하 설치,주출입구 높이차이 제거,116835
632,유효폭 1.2m 이상,주출입구 높이차이 제거,116835
633,손잡이 설치,주출입구 높이차이 제거,116835
634,평탄함,주출입구 접근로,116836
635,단차없음,주출입구 접근로,116836
636,유효폭 1.2m 이상,주출입구 접근로,116836
637,기울기 1/18이하,주출입구 접근로,116836
638,보/차도 구분,주출입구 접근로,116836
639,총주차대수4,장애인 전용 주차구역,116837
640,단차없음 또는 경사로 1/12이하 설치,주출입구 높이차이 제거,116838
641,유효폭 1.2m 이상,주출입구 높이차이 제거,116838
642,평탄함,주출입구 접근로,116839
643,단차없음,주출입구 접근로,116839
644,유효폭 1.2m 이상,주출입구 접근로,116839
645,기울기 1/18이하,주출입구 접근로,116839
646,보/차도 구분,주출입구 접근로,116839
647,총주차대수46,장애인 전용 주차구역,116840
648,단차없음 또는 경사로 1/12이하 설치,주출입구 높이차이 제거,116841
649,유효폭 1.2m 이상,주출입구 높이차이 제거,116841
650,손잡이 설치,주출입구 높이차이 제거,116841
651,평탄함,주출입구 접근로,116842
652,단차없음,주출입구 접근로,116842
653,유효폭 1.2m 이상,주출입구 접근로,116842
654,기울기 1/18~1/12이하,주출입구 접근로,116842
655,보/차도 구분,주출입구 접근로,116842
656,상세정보 없음,장애인 전용 주차구역,116843
657,단차없음 또는 경사로 1/12이하 설치,주출입구 높이차이 제거,116844
658,유효폭 1.2m 이상,주출입구 높이차이 제거,116844
659,상세정보 없음,주출입구 접근로,116845
660,평탄함,주출입구 접근로,116846
661,단차없음,주출입구 접근로,116846
662,유효폭 1.2m 이상,주출입구 접근로,116846
663,기울기 1/18이하,주출입구 접근로,116846
664,보/차도 구분,주출입구 접근로,116846
665,상세정보 없음,장애인 전용 주차구역,116847
666,상세정보 없음,주출입구 접근로,116848
667,총주차대수20,장애인 전용 주차구역,116849
668,전용주차대수  1,장애인 전용 주차구역,116849
669,출입구와 가까운 곳에 설치,장애인 전용 주차구역,116849
670,크기 확보(3.3*5m),장애인 전용 주차구역,116849
671,안내표지판 설치,장애인 전용 주차구역,116849
672,단차없음 또는 경사로 1/12이하 설치,주출입구 높이차이 제거,116850
673,유효폭 1.2m 이상,주출입구 높이차이 제거,116850
674,손잡이 설치,주출입구 높이차이 제거,116850
675,평탄함,주출입구 접근로,116851
676,단차없음,주출입구 접근로,116851
677,유효폭 1.2m 이상,주출입구 접근로,116851
678,기울기 1/18이하,주출입구 접근로,116851
679,보/차도 구분,주출입구 접근로,116851
680,상세정보 없음,장애인 전용 주차구역,116852
681,상세정보 없음,주출입구 접근로,116853
682,상세정보 없음,장애인 전용 주차구역,116854
683,평탄함,주출입구 접근로,116855
684,단차없음,주출입구 접근로,116855
685,유효폭 1.2m 이상,주출입구 접근로,116855
686,기울기 1/18이하,주출입구 접근로,116855
687,보/차도 구분,주출입구 접근로,116855
688,총주차대수16,장애인 전용 주차구역,116856
689,평탄함,주출입구 접근로,116857
690,단차없음,주출입구 접근로,116857
691,유효폭 1.2m 이상,주출입구 접근로,116857
692,기울기 1/18이하,주출입구 접근로,116857
693,보/차도 구분없음,주출입구 접근로,116857
694,평탄함,주출입구 접근로,116858
695,단차없음,주출입구 접근로,116858
696,유효폭 1.2m 이상,주출입구 접근로,116858
697,기울기 1/18이하,주출입구 접근로,116858
698,보/차도 구분,주출입구 접근로,116858
699,총주차대수3,장애인 전용 주차구역,116859
700,단차없음 또는 경사로 1/12이하 설치,주출입구 높이차이 제거,116860
701,유효폭 1.2m 이상,주출입구 높이차이 제거,116860
702,평탄함,주출입구 접근로,116861
703,단차없음,주출입구 접근로,116861
704,유효폭 1.2m 이상,주출입구 접근로,116861
705,기울기 1/18이하,주출입구 접근로,116861
706,보/차도 구분,주출입구 접근로,116861
707,총주차대수7,장애인 전용 주차구역,116862
708,단차없음 또는 경사로 1/12이하 설치,주출입구 높이차이 제거,116863
709,유효폭 1.2m 이상,주출입구 높이차이 제거,116863
710,손잡이 설치,주출입구 높이차이 제거,116863
711,상세정보 없음,주출입구 접근로,116864
712,총주차대수7,장애인 전용 주차구역,116865
713,단차없음 또는 경사로 1/12이하 설치,주출입구 높이차이 제거,116866
714,유효폭 1.2m 이상,주출입구 높이차이 제거,116866
715,평탄함,주출입구 접근로,116867
716,단차없음,주출입구 접근로,116867
717,유효폭 1.2m 이상,주출입구 접근로,116867
718,기울기 1/18이하,주출입구 접근로,116867
719,보/차도 구분없음,주출입구 접근로,116867
720,총주차대수45,장애인 전용 주차구역,116868
721,전용주차대수  1,장애인 전용 주차구역,116868
722,출입구와 가까운 곳에 설치,장애인 전용 주차구역,116868
723,크기 미 확보,장애인 전용 주차구역,116868
724,안내표지판 설치,장애인 전용 주차구역,116868
725,경사로 1/12초과 설치,주출입구 높이차이 제거,116869
726,유효폭 1.2m 이상,주출입구 높이차이 제거,116869
727,손잡이 미흡설치,주출입구 높이차이 제거,116869
728,평탄함,주출입구 접근로,116870
729,단차없음,주출입구 접근로,116870
730,유효폭 1.2m 이상,주출입구 접근로,116870
731,기울기 1/18이하,주출입구 접근로,116870
732,보/차도 구분,주출입구 접근로,116870
733,단차없음 또는 경사로 1/12이하 설치,주출입구 높이차이 제거,116871
734,유효폭 1.2m 이상,주출입구 높이차이 제거,116871
735,손잡이 미흡설치,주출입구 높이차이 제거,116871
736,평탄함,주출입구 접근로,116872
737,단차없음,주출입구 접근로,116872
738,유효폭 1.2m 이상,주출입구 접근로,116872
739,기울기 1/18이하,주출입구 접근로,116872
740,보/차도 구분없음,주출입구 접근로,116872
741,경사로 1/12초과 설치,주출입구 높이차이 제거,116873
742,유효폭 1.2m 이상,주출입구 높이차이 제거,116873
743,손잡이 설치,주출입구 높이차이 제거,116873
744,평탄함,주출입구 접근로,116874
745,단차없음,주출입구 접근로,116874
746,유효폭 1.2m 이상,주출입구 접근로,116874
747,기울기 1/18이하,주출입구 접근로,116874
748,보/차도 구분없음,주출입구 접근로,116874
749,총주차대수7,장애인 전용 주차구역,116875
750,단차없음 또는 경사로 1/12이하 설치,주출입구 높이차이 제거,116876
751,유효폭 1.2m 이상,주출입구 높이차이 제거,116876
752,평탄함,주출입구 접근로,116877
753,단차없음,주출입구 접근로,116877
754,유효폭 1.2m 이상,주출입구 접근로,116877
755,기울기 1/18이하,주출입구 접근로,116877
756,보/차도 구분,주출입구 접근로,116877
757,총주차대수3,장애인 전용 주차구역,116878
758,단차없음 또는 경사로 1/12이하 설치,주출입구 높이차이 제거,116879
759,유효폭 1.2m 이상,주출입구 높이차이 제거,116879
760,평탄하지 않음,주출입구 접근로,116880
761,단차없음,주출입구 접근로,116880
762,유효폭 1.2m 이상,주출입구 접근로,116880
763,기울기 1/18이하,주출입구 접근로,116880
764,보/차도 구분,주출입구 접근로,116880
765,총주차대수17,장애인 전용 주차구역,116881
766,평탄함,주출입구 접근로,116882
767,단차없음,주출입구 접근로,116882
768,유효폭 1.2m 이상,주출입구 접근로,116882
769,기울기 1/18이하,주출입구 접근로,116882
770,보/차도 구분,주출입구 접근로,116882
771,총주차대수16,장애인 전용 주차구역,116883
772,전용주차대수  1,장애인 전용 주차구역,116883
773,출입구와 가까운 곳에 설치,장애인 전용 주차구역,116883
774,크기 확보(3.3*5m),장애인 전용 주차구역,116883
775,안내표지판 설치,장애인 전용 주차구역,116883
776,단차없음 또는 경사로 1/12이하 설치,주출입구 높이차이 제거,116884
777,유효폭 1.2m 이상,주출입구 높이차이 제거,116884
778,상세정보 없음,주출입구 접근로,116885
779,총주차대수5,장애인 전용 주차구역,116886
780,상세정보 없음,주출입구 접근로,116887
781,총주차대수4,장애인 전용 주차구역,116888
782,평탄함,주출입구 접근로,116889
783,단차없음,주출입구 접근로,116889
784,유효폭 1.2m 이상,주출입구 접근로,116889
785,기울기 1/18이하,주출입구 접근로,116889
786,보/차도 구분,주출입구 접근로,116889
787,총주차대수9,장애인 전용 주차구역,116890
788,단차없음 또는 경사로 1/12이하 설치,주출입구 높이차이 제거,116891
789,유효폭 1.2m 이상,주출입구 높이차이 제거,116891
790,평탄함,주출입구 접근로,116892
791,단차없음,주출입구 접근로,116892
792,유효폭 1.2m 이상,주출입구 접근로,116892
793,기울기 1/18이하,주출입구 접근로,116892
794,보/차도 구분,주출입구 접근로,116892
795,총주차대수35,장애인 전용 주차구역,116893
796,전용주차대수  1,장애인 전용 주차구역,116893
797,출입구와 가까운 곳에 설치,장애인 전용 주차구역,116893
798,크기 확보(3.3*5m),장애인 전용 주차구역,116893
799,안내표지판 설치,장애인 전용 주차구역,116893
800,단차없음 또는 경사로 1/12이하 설치,주출입구 높이차이 제거,116894
801,유효폭 1.2m 이상,주출입구 높이차이 제거,116894
802,상세정보 없음,주출입구 접근로,116895
803,총주차대수10,장애인 전용 주차구역,116896
804,상세정보 없음,주출입구 접근로,116897
805,경사로 1/12초과 설치,주출입구 높이차이 제거,116898
806,유효폭 1.2m 미만,주출입구 높이차이 제거,116898
807,손잡이 미흡설치,주출입구 높이차이 제거,116898
808,상세정보 없음,주출입구 접근로,116899
809,평탄함,주출입구 접근로,116900
810,단차없음,주출입구 접근로,116900
811,유효폭 1.2m 이상,주출입구 접근로,116900
812,기울기 1/18이하,주출입구 접근로,116900
813,보/차도 구분,주출입구 접근로,116900
814,상세정보 없음,장애인 전용 주차구역,116901
815,단차없음 또는 경사로 1/12이하 설치,주출입구 높이차이 제거,116902
816,유효폭 1.2m 이상,주출입구 높이차이 제거,116902
817,총주차대수10,장애인 전용 주차구역,116903
818,평탄함,주출입구 접근로,116904
819,단차없음,주출입구 접근로,116904
820,유효폭 1.2m 이상,주출입구 접근로,116904
821,기울기 1/18이하,주출입구 접근로,116904
822,보/차도 구분,주출입구 접근로,116904
823,총주차대수2,장애인 전용 주차구역,116905
824,전용주차대수  1,장애인 전용 주차구역,116905
825,단차없음 또는 경사로 1/12이하 설치,주출입구 높이차이 제거,116906
826,유효폭 1.2m 이상,주출입구 높이차이 제거,116906
827,손잡이 설치,주출입구 높이차이 제거,116906
828,평탄함,주출입구 접근로,116907
829,단차없음,주출입구 접근로,116907
830,유효폭 1.2m 이상,주출입구 접근로,116907
831,기울기 1/18이하,주출입구 접근로,116907
832,보/차도 구분,주출입구 접근로,116907
833,총주차대수29,장애인 전용 주차구역,116908
834,전용주차대수  2,장애인 전용 주차구역,116908
835,단차없음 또는 경사로 1/12이하 설치,주출입구 높이차이 제거,116909
836,유효폭 1.2m 이상,주출입구 높이차이 제거,116909
837,평탄하지 않음,주출입구 접근로,116910
838,단차없음,주출입구 접근로,116910
839,기울기 1/18~1/12이하,주출입구 접근로,116910
840,보/차도 구분,주출입구 접근로,116910
841,총주차대수10,장애인 전용 주차구역,116911
842,경사로 1/12초과 설치,주출입구 높이차이 제거,116912
843,유효폭 1.2m 미만,주출입구 높이차이 제거,116912
844,평탄함,주출입구 접근로,116913
845,단차없음,주출입구 접근로,116913
846,유효폭 1.2m 이상,주출입구 접근로,116913
847,기울기 1/18이하,주출입구 접근로,116913
848,보/차도 구분,주출입구 접근로,116913
849,총주차대수28,장애인 전용 주차구역,116914
850,전용주차대수  2,장애인 전용 주차구역,116914
851,출입구와 가까운 곳에 설치,장애인 전용 주차구역,116914
852,크기 확보(3.3*5m),장애인 전용 주차구역,116914
853,안내표지판 설치,장애인 전용 주차구역,116914
854,단차없음 또는 경사로 1/12이하 설치,주출입구 높이차이 제거,116915
855,유효폭 1.2m 이상,주출입구 높이차이 제거,116915
856,손잡이 설치,주출입구 높이차이 제거,116915
857,평탄함,주출입구 접근로,116916
858,단차없음,주출입구 접근로,116916
859,유효폭 1.2m 이상,주출입구 접근로,116916
860,기울기 1/18이하,주출입구 접근로,116916
861,보/차도 구분,주출입구 접근로,116916
862,총주차대수3,장애인 전용 주차구역,116917
863,단차없음 또는 경사로 1/12이하 설치,주출입구 높이차이 제거,116918
864,유효폭 1.2m 이상,주출입구 높이차이 제거,116918
865,평탄함,주출입구 접근로,116919
866,단차없음,주출입구 접근로,116919
867,유효폭 1.2m 이상,주출입구 접근로,116919
868,기울기 1/18이하,주출입구 접근로,116919
869,보/차도 구분,주출입구 접근로,116919
870,총주차대수20,장애인 전용 주차구역,116920
871,전용주차대수  2,장애인 전용 주차구역,116920
872,출입구와 가까운 곳에 설치,장애인 전용 주차구역,116920
873,크기 확보(3.3*5m),장애인 전용 주차구역,116920
874,안내표지판 설치,장애인 전용 주차구역,116920
875,단차없음 또는 경사로 1/12이하 설치,주출입구 높이차이 제거,116921
876,유효폭 1.2m 이상,주출입구 높이차이 제거,116921
877,평탄함,주출입구 접근로,116922
878,단차없음,주출입구 접근로,116922
879,유효폭 1.2m 이상,주출입구 접근로,116922
880,기울기 1/18이하,주출입구 접근로,116922
881,보/차도 구분,주출입구 접근로,116922
882,총주차대수9,장애인 전용 주차구역,116923
883,상세정보 없음,주출입구 접근로,116924
884,총주차대수22,장애인 전용 주차구역,116925
885,전용주차대수  1,장애인 전용 주차구역,116925
886,출입구와 가까운 곳에 설치,장애인 전용 주차구역,116925
887,크기 확보(3.3*5m),장애인 전용 주차구역,116925
888,안내표지판 설치,장애인 전용 주차구역,116925
889,평탄함,주출입구 접근로,116926
890,단차없음,주출입구 접근로,116926
891,유효폭 1.2m 이상,주출입구 접근로,116926
892,기울기 1/18이하,주출입구 접근로,116926
893,보/차도 구분없음,주출입구 접근로,116926
894,단차없음 또는 경사로 1/12이하 설치,주출입구 높이차이 제거,116927
895,유효폭 1.2m 이상,주출입구 높이차이 제거,116927
896,상세정보 없음,주출입구 접근로,116928
897,총주차대수20,장애인 전용 주차구역,116929
898,전용주차대수  2,장애인 전용 주차구역,116929
899,출입구와 가까운 곳에 설치,장애인 전용 주차구역,116929
900,크기 확보(3.3*5m),장애인 전용 주차구역,116929
901,안내표지판 미설치,장애인 전용 주차구역,116929
902,단차없음 또는 경사로 1/12이하 설치,주출입구 높이차이 제거,116930
903,유효폭 1.2m 이상,주출입구 높이차이 제거,116930
904,상세정보 없음,주출입구 접근로,116931
905,상세정보 없음,장애인 전용 주차구역,116932
906,평탄함,주출입구 접근로,116933
907,단차없음,주출입구 접근로,116933
908,유효폭 1.2m 이상,주출입구 접근로,116933
909,기울기 1/18이하,주출입구 접근로,116933
910,보/차도 구분,주출입구 접근로,116933
911,평탄함,주출입구 접근로,116934
912,단차없음,주출입구 접근로,116934
913,유효폭 1.2m 이상,주출입구 접근로,116934
914,기울기 1/18이하,주출입구 접근로,116934
915,보/차도 구분없음,주출입구 접근로,116934
916,총주차대수4,장애인 전용 주차구역,116935
917,단차없음 또는 경사로 1/12이하 설치,주출입구 높이차이 제거,116936
918,유효폭 1.2m 이상,주출입구 높이차이 제거,116936
919,손잡이 설치,주출입구 높이차이 제거,116936
920,평탄함,주출입구 접근로,116937
921,단차없음,주출입구 접근로,116937
922,유효폭 1.2m 이상,주출입구 접근로,116937
923,기울기 1/18~1/12이하,주출입구 접근로,116937
924,보/차도 구분없음,주출입구 접근로,116937
925,총주차대수6,장애인 전용 주차구역,116938
926,경사로 1/12초과 설치,주출입구 높이차이 제거,116939
927,유효폭 1.2m 미만,주출입구 높이차이 제거,116939
928,손잡이 미흡설치,주출입구 높이차이 제거,116939
929,평탄함,주출입구 접근로,116940
930,단차없음,주출입구 접근로,116940
931,유효폭 1.2m 이상,주출입구 접근로,116940
932,기울기 1/18~1/12이하,주출입구 접근로,116940
933,보/차도 구분없음,주출입구 접근로,116940
934,총주차대수6,장애인 전용 주차구역,116941
935,경사로 1/12초과 설치,주출입구 높이차이 제거,116942
936,유효폭 1.2m 미만,주출입구 높이차이 제거,116942
937,손잡이 미흡설치,주출입구 높이차이 제거,116942
938,평탄함,주출입구 접근로,116943
939,단차없음,주출입구 접근로,116943
940,유효폭 1.2m 이상,주출입구 접근로,116943
941,기울기 1/18이하,주출입구 접근로,116943
942,보/차도 구분,주출입구 접근로,116943
943,총주차대수4,장애인 전용 주차구역,116944
944,단차없음 또는 경사로 1/12이하 설치,주출입구 높이차이 제거,116945
945,유효폭 1.2m 이상,주출입구 높이차이 제거,116945
946,평탄함,주출입구 접근로,116946
947,단차없음,주출입구 접근로,116946
948,유효폭 1.2m 이상,주출입구 접근로,116946
949,기울기 1/18이하,주출입구 접근로,116946
950,보/차도 구분없음,주출입구 접근로,116946
951,상세정보 없음,장애인 전용 주차구역,116947
952,단차없음 또는 경사로 1/12이하 설치,주출입구 높이차이 제거,116948
953,유효폭 1.2m 이상,주출입구 높이차이 제거,116948
954,평탄함,주출입구 접근로,116949
955,단차없음,주출입구 접근로,116949
956,유효폭 1.2m 이상,주출입구 접근로,116949
957,기울기 1/18이하,주출입구 접근로,116949
958,보/차도 구분,주출입구 접근로,116949
959,상세정보 없음,장애인 전용 주차구역,116950
960,경사로 1/12초과 설치,주출입구 높이차이 제거,116951
961,유효폭 1.2m 이상,주출입구 높이차이 제거,116951
962,손잡이 설치,주출입구 높이차이 제거,116951
963,상세정보 없음,주출입구 접근로,116952
964,단차없음 또는 경사로 1/12이하 설치,주출입구 높이차이 제거,116953
965,유효폭 1.2m 이상,주출입구 높이차이 제거,116953
966,손잡이 설치,주출입구 높이차이 제거,116953
967,상세정보 없음,주출입구 접근로,116954
968,단차없음 또는 경사로 1/12이하 설치,주출입구 높이차이 제거,116955
969,유효폭 1.2m 이상,주출입구 높이차이 제거,116955
970,손잡이 설치,주출입구 높이차이 제거,116955
971,상세정보 없음,주출입구 접근로,116956
972,총주차대수8,장애인 전용 주차구역,116957
973,단차없음 또는 경사로 1/12이하 설치,주출입구 높이차이 제거,116958
974,유효폭 1.2m 이상,주출입구 높이차이 제거,116958
975,평탄함,주출입구 접근로,116959
976,단차없음,주출입구 접근로,116959
977,유효폭 1.2m 이상,주출입구 접근로,116959
978,기울기 1/18이하,주출입구 접근로,116959
979,보/차도 구분,주출입구 접근로,116959
980,총주차대수3,장애인 전용 주차구역,116960
981,단차없음 또는 경사로 1/12이하 설치,주출입구 높이차이 제거,116961
982,유효폭 1.2m 이상,주출입구 높이차이 제거,116961
983,손잡이 설치,주출입구 높이차이 제거,116961
984,경사로 1/12초과 설치,주출입구 높이차이 제거,116962
985,유효폭 1.2m 미만,주출입구 높이차이 제거,116962
986,손잡이 설치,주출입구 높이차이 제거,116962
987,평탄함,주출입구 접근로,116963
988,단차없음,주출입구 접근로,116963
989,유효폭 1.2m 이상,주출입구 접근로,116963
990,기울기 1/18이하,주출입구 접근로,116963
991,보/차도 구분,주출입구 접근로,116963
992,총주차대수7,장애인 전용 주차구역,116964
993,단차없음 또는 경사로 1/12이하 설치,주출입구 높이차이 제거,116965
994,유효폭 1.2m 이상,주출입구 높이차이 제거,116965
995,손잡이 설치,주출입구 높이차이 제거,116965
996,상세정보 없음,주출입구 접근로,116966
997,총주차대수5,장애인 전용 주차구역,116967
998,상세정보 없음,주출입구 접근로,116968
999,총주차대수16,장애인 전용 주차구역,116969
1000,전용주차대수  1,장애인 전용 주차구역,116969
1001,출입구와 가까운 곳에 설치,장애인 전용 주차구역,116969
1002,크기 확보(3.3*5m),장애인 전용 주차구역,116969
1003,안내표지판 설치,장애인 전용 주차구역,116969
1004,평탄함,주출입구 접근로,116970
1005,단차없음,주출입구 접근로,116970
1006,유효폭 1.2m 이상,주출입구 접근로,116970
1007,기울기 1/18이하,주출입구 접근로,116970
1008,보/차도 구분,주출입구 접근로,116970
1009,총주차대수10,장애인 전용 주차구역,116971
1010,전용주차대수  1,장애인 전용 주차구역,116971
1011,출입구와 가까운 곳에 설치,장애인 전용 주차구역,116971
1012,크기 확보(3.3*5m),장애인 전용 주차구역,116971
1013,안내표지판 설치,장애인 전용 주차구역,116971
1014,단차없음 또는 경사로 1/12이하 설치,주출입구 높이차이 제거,116972
1015,유효폭 1.2m 이상,주출입구 높이차이 제거,116972
1016,손잡이 설치,주출입구 높이차이 제거,116972
1017,평탄함,주출입구 접근로,116973
1018,단차없음,주출입구 접근로,116973
1019,유효폭 1.2m 이상,주출입구 접근로,116973
1020,기울기 1/18이하,주출입구 접근로,116973
1021,보/차도 구분없음,주출입구 접근로,116973
1022,총주차대수45,장애인 전용 주차구역,116974
1023,전용주차대수  2,장애인 전용 주차구역,116974
1024,출입구와 가까운 곳에 설치,장애인 전용 주차구역,116974
1025,크기 미 확보,장애인 전용 주차구역,116974
1026,안내표지판 설치,장애인 전용 주차구역,116974
1027,단차없음 또는 경사로 1/12이하 설치,주출입구 높이차이 제거,116975
1028,유효폭 1.2m 이상,주출입구 높이차이 제거,116975
1029,손잡이 설치,주출입구 높이차이 제거,116975
1030,평탄함,주출입구 접근로,116976
1031,단차없음,주출입구 접근로,116976
1032,유효폭 1.2m 이상,주출입구 접근로,116976
1033,기울기 1/18이하,주출입구 접근로,116976
1034,보/차도 구분,주출입구 접근로,116976
1035,총주차대수4,장애인 전용 주차구역,116977
1036,단차없음 또는 경사로 1/12이하 설치,주출입구 높이차이 제거,116978
1037,유효폭 1.2m 이상,주출입구 높이차이 제거,116978
1038,손잡이 설치,주출입구 높이차이 제거,116978
1039,출입구 및 피난통로와 가까운곳에 설치,장애인용 관람석,116979
1040,관람석 면적0.9*1.3m 이상,장애인용 관람석,116979
1041,좌석설치,장애인용 관람석,116979
1042,상세정보 없음,주출입구 접근로,116980
1043,상세정보 없음,장애인 전용 주차구역,116981
1044,단차없음 또는 경사로 1/12이하 설치,주출입구 높이차이 제거,116982
1045,유효폭 1.2m 이상,주출입구 높이차이 제거,116982
1046,손잡이 미흡설치,주출입구 높이차이 제거,116982
1047,평탄함,주출입구 접근로,116983
1048,단차없음,주출입구 접근로,116983
1049,유효폭 1.2m 이상,주출입구 접근로,116983
1050,기울기 1/18이하,주출입구 접근로,116983
1051,보/차도 구분없음,주출입구 접근로,116983
1052,총주차대수6,장애인 전용 주차구역,116984
1053,평탄함,주출입구 접근로,116985
1054,단차없음,주출입구 접근로,116985
1055,유효폭 1.2m 이상,주출입구 접근로,116985
1056,기울기 1/18이하,주출입구 접근로,116985
1057,보/차도 구분,주출입구 접근로,116985
1058,총주차대수19,장애인 전용 주차구역,116986
1059,단차없음 또는 경사로 1/12이하 설치,주출입구 높이차이 제거,116987
1060,유효폭 1.2m 이상,주출입구 높이차이 제거,116987
1061,평탄함,주출입구 접근로,116988
1062,단차없음,주출입구 접근로,116988
1063,유효폭 1.2m 이상,주출입구 접근로,116988
1064,기울기 1/18이하,주출입구 접근로,116988
1065,보/차도 구분없음,주출입구 접근로,116988
1066,총주차대수10,장애인 전용 주차구역,116989
1067,전용주차대수  1,장애인 전용 주차구역,116989
1068,출입구와 가까운 곳에 설치,장애인 전용 주차구역,116989
1069,크기 확보(3.3*5m),장애인 전용 주차구역,116989
1070,안내표지판 설치,장애인 전용 주차구역,116989
1071,평탄함,주출입구 접근로,116990
1072,단차없음,주출입구 접근로,116990
1073,유효폭 1.2m 이상,주출입구 접근로,116990
1074,기울기 1/18이하,주출입구 접근로,116990
1075,보/차도 구분없음,주출입구 접근로,116990
1076,총주차대수10,장애인 전용 주차구역,116991
1077,전용주차대수  1,장애인 전용 주차구역,116991
1078,출입구와 가까운 곳에 설치,장애인 전용 주차구역,116991
1079,크기 확보(3.3*5m),장애인 전용 주차구역,116991
1080,안내표지판 설치,장애인 전용 주차구역,116991
1081,상세정보 없음,주출입구 접근로,116992
1082,평탄함,주출입구 접근로,116993
1083,단차없음,주출입구 접근로,116993
1084,유효폭 1.2m 이상,주출입구 접근로,116993
1085,기울기 1/18이하,주출입구 접근로,116993
1086,보/차도 구분없음,주출입구 접근로,116993
1087,총주차대수28,장애인 전용 주차구역,116994
1088,전용주차대수  2,장애인 전용 주차구역,116994
1089,출입구와 가까운 곳에 설치,장애인 전용 주차구역,116994
1090,크기 미 확보,장애인 전용 주차구역,116994
1091,안내표지판 설치,장애인 전용 주차구역,116994
1092,경사로 1/12초과 설치,주출입구 높이차이 제거,116995
1093,유효폭 1.2m 미만,주출입구 높이차이 제거,116995
1094,손잡이 설치,주출입구 높이차이 제거,116995
1095,총주차대수1,장애인 전용 주차구역,116996
1096,전용주차대수  1,장애인 전용 주차구역,116996
1097,출입구와 가까운 곳에 설치,장애인 전용 주차구역,116996
1098,크기 확보(3.3*5m),장애인 전용 주차구역,116996
1099,안내표지판 설치,장애인 전용 주차구역,116996
1100,경사로 1/12초과 설치,주출입구 높이차이 제거,116997
1101,유효폭 1.2m 이상,주출입구 높이차이 제거,116997
1102,손잡이 미흡설치,주출입구 높이차이 제거,116997
1103,평탄함,주출입구 접근로,116998
1104,단차없음,주출입구 접근로,116998
1105,유효폭 1.2m 이상,주출입구 접근로,116998
1106,기울기 1/18~1/12이하,주출입구 접근로,116998
1107,보/차도 구분,주출입구 접근로,116998
1108,총주차대수9,장애인 전용 주차구역,116999
1109,경사로 1/12초과 설치,주출입구 높이차이 제거,117000
1110,유효폭 1.2m 이상,주출입구 높이차이 제거,117000
1111,손잡이 설치,주출입구 높이차이 제거,117000
1112,평탄함,주출입구 접근로,117001
1113,단차없음,주출입구 접근로,117001
1114,유효폭 1.2m 이상,주출입구 접근로,117001
1115,기울기 1/18이하,주출입구 접근로,117001
1116,보/차도 구분,주출입구 접근로,117001
1117,총주차대수4,장애인 전용 주차구역,117002
1118,평탄함,주출입구 접근로,117003
1119,단차없음,주출입구 접근로,117003
1120,유효폭 1.2m 이상,주출입구 접근로,117003
1121,기울기 1/18~1/12이하,주출입구 접근로,117003
1122,보/차도 구분,주출입구 접근로,117003
1123,총주차대수10,장애인 전용 주차구역,117004
1124,전용주차대수  1,장애인 전용 주차구역,117004
1125,단차없음 또는 경사로 1/12이하 설치,주출입구 높이차이 제거,117005
1126,유효폭 1.2m 이상,주출입구 높이차이 제거,117005
1127,경사로 1/12초과 설치,주출입구 높이차이 제거,117006
1128,유효폭 1.2m 이상,주출입구 높이차이 제거,117006
1129,손잡이 설치,주출입구 높이차이 제거,117006
1130,상세정보 없음,주출입구 접근로,117007
1131,총주차대수6,장애인 전용 주차구역,117008
1132,단차없음 또는 경사로 1/12이하 설치,주출입구 높이차이 제거,117009
1133,평탄함,주출입구 접근로,117010
1134,단차없음,주출입구 접근로,117010
1135,유효폭 1.2m 이상,주출입구 접근로,117010
1136,기울기 1/18이하,주출입구 접근로,117010
1137,보/차도 구분,주출입구 접근로,117010
1138,상세정보 없음,주출입구 접근로,117011
1139,단차없음 또는 경사로 1/12이하 설치,주출입구 높이차이 제거,117012
1140,유효폭 1.2m 미만,주출입구 높이차이 제거,117012
1141,손잡이 미흡설치,주출입구 높이차이 제거,117012
1142,평탄함,주출입구 접근로,117013
1143,단차없음,주출입구 접근로,117013
1144,유효폭 1.2m 이상,주출입구 접근로,117013
1145,기울기 1/18이하,주출입구 접근로,117013
1146,보/차도 구분,주출입구 접근로,117013
1147,총주차대수13,장애인 전용 주차구역,117014
1148,전용주차대수  1,장애인 전용 주차구역,117014
1149,출입구와 가까운 곳에 설치,장애인 전용 주차구역,117014
1150,크기 확보(3.3*5m),장애인 전용 주차구역,117014
1151,안내표지판 설치,장애인 전용 주차구역,117014
1152,평탄함,주출입구 접근로,117015
1153,단차없음,주출입구 접근로,117015
1154,유효폭 1.2m 이상,주출입구 접근로,117015
1155,기울기 1/18이하,주출입구 접근로,117015
1156,보/차도 구분,주출입구 접근로,117015
1157,상세정보 없음,장애인 전용 주차구역,117016
1158,단차없음 또는 경사로 1/12이하 설치,주출입구 높이차이 제거,117017
1159,유효폭 1.2m 이상,주출입구 높이차이 제거,117017
1160,평탄함,주출입구 접근로,117018
1161,단차없음,주출입구 접근로,117018
1162,유효폭 1.2m 이상,주출입구 접근로,117018
1163,기울기 1/18이하,주출입구 접근로,117018
1164,보/차도 구분,주출입구 접근로,117018
1165,총주차대수9,장애인 전용 주차구역,117019
1166,단차없음 또는 경사로 1/12이하 설치,주출입구 높이차이 제거,117020
1167,유효폭 1.2m 이상,주출입구 높이차이 제거,117020
1168,평탄함,주출입구 접근로,117021
1169,단차없음,주출입구 접근로,117021
1170,유효폭 1.2m 이상,주출입구 접근로,117021
1171,기울기 1/18~1/12이하,주출입구 접근로,117021
1172,보/차도 구분,주출입구 접근로,117021
1173,총주차대수15,장애인 전용 주차구역,117022
1174,전용주차대수  2,장애인 전용 주차구역,117022
1175,출입구와 가까운 곳에 설치,장애인 전용 주차구역,117022
1176,크기 확보(3.3*5m),장애인 전용 주차구역,117022
1177,안내표지판 설치,장애인 전용 주차구역,117022
1178,경사로 1/12초과 설치,주출입구 높이차이 제거,117023
1179,유효폭 1.2m 이상,주출입구 높이차이 제거,117023
1180,손잡이 미흡설치,주출입구 높이차이 제거,117023
1181,평탄함,주출입구 접근로,117024
1182,단차없음,주출입구 접근로,117024
1183,유효폭 1.2m 이상,주출입구 접근로,117024
1184,기울기 1/18이하,주출입구 접근로,117024
1185,보/차도 구분,주출입구 접근로,117024
1186,총주차대수4,장애인 전용 주차구역,117025
1187,평탄함,주출입구 접근로,117026
1188,단차없음,주출입구 접근로,117026
1189,유효폭 1.2m 이상,주출입구 접근로,117026
1190,기울기 1/18~1/12이하,주출입구 접근로,117026
1191,보/차도 구분,주출입구 접근로,117026
1192,총주차대수12,장애인 전용 주차구역,117027
1193,단차없음 또는 경사로 1/12이하 설치,주출입구 높이차이 제거,117028
1194,유효폭 1.2m 이상,주출입구 높이차이 제거,117028
1195,평탄함,주출입구 접근로,117029
1196,단차없음,주출입구 접근로,117029
1197,유효폭 1.2m 이상,주출입구 접근로,117029
1198,기울기 1/18이하,주출입구 접근로,117029
1199,보/차도 구분,주출입구 접근로,117029
1200,상세정보 없음,장애인 전용 주차구역,117030
1201,단차없음 또는 경사로 1/12이하 설치,주출입구 높이차이 제거,117031
1202,유효폭 1.2m 이상,주출입구 높이차이 제거,117031
1203,손잡이 설치,주출입구 높이차이 제거,117031
1204,평탄함,주출입구 접근로,117032
1205,단차없음,주출입구 접근로,117032
1206,유효폭 1.2m 이상,주출입구 접근로,117032
1207,기울기 1/18~1/12이하,주출입구 접근로,117032
1208,보/차도 구분,주출입구 접근로,117032
1209,평탄함,주출입구 접근로,117033
1210,단차없음,주출입구 접근로,117033
1211,유효폭 1.2m 이상,주출입구 접근로,117033
1212,기울기 1/18이하,주출입구 접근로,117033
1213,보/차도 구분,주출입구 접근로,117033
1214,총주차대수5,장애인 전용 주차구역,117034
1215,단차없음 또는 경사로 1/12이하 설치,주출입구 높이차이 제거,117035
1216,유효폭 1.2m 이상,주출입구 높이차이 제거,117035
1217,평탄함,주출입구 접근로,117036
1218,단차없음,주출입구 접근로,117036
1219,유효폭 1.2m 이상,주출입구 접근로,117036
1220,기울기 1/18이하,주출입구 접근로,117036
1221,보/차도 구분없음,주출입구 접근로,117036
1222,상세정보 없음,주출입구 접근로,117037
1223,상세정보 없음,장애인 전용 주차구역,117038
1224,평탄함,주출입구 접근로,117039
1225,단차없음,주출입구 접근로,117039
1226,유효폭 1.2m 이상,주출입구 접근로,117039
1227,기울기 1/18이하,주출입구 접근로,117039
1228,보/차도 구분,주출입구 접근로,117039
1229,총주차대수4,장애인 전용 주차구역,117040
1230,단차없음 또는 경사로 1/12이하 설치,주출입구 높이차이 제거,117041
1231,유효폭 1.2m 이상,주출입구 높이차이 제거,117041
1232,손잡이 설치,주출입구 높이차이 제거,117041
1233,출입구 및 피난통로와 가까운곳에 설치,장애인용 관람석,117042
1234,관람석 면적0.9*1.3m 이상,장애인용 관람석,117042
1235,좌석설치,장애인용 관람석,117042
1236,평탄함,주출입구 접근로,117043
1237,단차없음,주출입구 접근로,117043
1238,유효폭 1.2m 이상,주출입구 접근로,117043
1239,기울기 1/18이하,주출입구 접근로,117043
1240,보/차도 구분,주출입구 접근로,117043
1241,총주차대수4,장애인 전용 주차구역,117044
1242,단차없음 또는 경사로 1/12이하 설치,주출입구 높이차이 제거,117045
1243,유효폭 1.2m 이상,주출입구 높이차이 제거,117045
1244,손잡이 설치,주출입구 높이차이 제거,117045
1245,상세정보 없음,주출입구 접근로,117046
1246,총주차대수14,장애인 전용 주차구역,117047
1247,전용주차대수  1,장애인 전용 주차구역,117047
1248,출입구와 가까운 곳에 설치,장애인 전용 주차구역,117047
1249,크기 확보(3.3*5m),장애인 전용 주차구역,117047
1250,안내표지판 설치,장애인 전용 주차구역,117047
1251,상세정보 없음,장애인 전용 주차구역,117048
1252,총주차대수30,장애인 전용 주차구역,117049
1253,전용주차대수  1,장애인 전용 주차구역,117049
1254,출입구와 가까운 곳에 설치,장애인 전용 주차구역,117049
1255,크기 확보(3.3*5m),장애인 전용 주차구역,117049
1256,안내표지판 설치,장애인 전용 주차구역,117049
1257,평탄함,주출입구 접근로,117050
1258,단차없음,주출입구 접근로,117050
1259,유효폭 1.2m 이상,주출입구 접근로,117050
1260,기울기 1/18이하,주출입구 접근로,117050
1261,보/차도 구분,주출입구 접근로,117050
1262,총주차대수9,장애인 전용 주차구역,117051
1263,평탄함,주출입구 접근로,117052
1264,단차없음,주출입구 접근로,117052
1265,유효폭 1.2m 이상,주출입구 접근로,117052
1266,기울기 1/18이하,주출입구 접근로,117052
1267,보/차도 구분,주출입구 접근로,117052
1268,상세정보 없음,장애인 전용 주차구역,117053
1269,단차없음 또는 경사로 1/12이하 설치,주출입구 높이차이 제거,117054
1270,유효폭 1.2m 이상,주출입구 높이차이 제거,117054
1271,평탄함,주출입구 접근로,117055
1272,단차없음,주출입구 접근로,117055
1273,유효폭 1.2m 이상,주출입구 접근로,117055
1274,기울기 1/18~1/12이하,주출입구 접근로,117055
1275,보/차도 구분,주출입구 접근로,117055
1276,총주차대수7,장애인 전용 주차구역,117056
1277,전용주차대수  1,장애인 전용 주차구역,117056
1278,단차없음 또는 경사로 1/12이하 설치,주출입구 높이차이 제거,117057
1279,유효폭 1.2m 이상,주출입구 높이차이 제거,117057
1280,상세정보 없음,주출입구 접근로,117058
1281,상세정보 없음,장애인 전용 주차구역,117059
1282,평탄함,주출입구 접근로,117060
1283,단차없음,주출입구 접근로,117060
1284,유효폭 1.2m 이상,주출입구 접근로,117060
1285,기울기 1/18이하,주출입구 접근로,117060
1286,보/차도 구분,주출입구 접근로,117060
1287,총주차대수9,장애인 전용 주차구역,117061
1288,평탄하지 않음,주출입구 접근로,117062
1289,단차없음,주출입구 접근로,117062
1290,유효폭 1.2m 이상,주출입구 접근로,117062
1291,기울기 1/18이하,주출입구 접근로,117062
1292,보/차도 구분없음,주출입구 접근로,117062
1293,총주차대수9,장애인 전용 주차구역,117063
1294,상세정보 없음,주출입구 접근로,117064
1295,상세정보 없음,장애인 전용 주차구역,117065
1296,단차없음 또는 경사로 1/12이하 설치,주출입구 높이차이 제거,117066
1297,유효폭 1.2m 이상,주출입구 높이차이 제거,117066
1298,상세정보 없음,주출입구 접근로,117067
1299,총주차대수8,장애인 전용 주차구역,117068
1300,단차없음 또는 경사로 1/12이하 설치,주출입구 높이차이 제거,117069
1301,유효폭 1.2m 이상,주출입구 높이차이 제거,117069
1302,평탄함,주출입구 접근로,117070
1303,단차없음,주출입구 접근로,117070
1304,유효폭 1.2m 이상,주출입구 접근로,117070
1305,기울기 1/18이하,주출입구 접근로,117070
1306,보/차도 구분,주출입구 접근로,117070
1307,총주차대수2,장애인 전용 주차구역,117071
1308,단차없음 또는 경사로 1/12이하 설치,주출입구 높이차이 제거,117072
1309,유효폭 1.2m 이상,주출입구 높이차이 제거,117072
1310,손잡이 설치,주출입구 높이차이 제거,117072
1311,평탄함,주출입구 접근로,117073
1312,단차없음,주출입구 접근로,117073
1313,유효폭 1.2m 이상,주출입구 접근로,117073
1314,기울기 1/18이하,주출입구 접근로,117073
1315,보/차도 구분,주출입구 접근로,117073
1316,총주차대수18,장애인 전용 주차구역,117074
1317,전용주차대수  1,장애인 전용 주차구역,117074
1318,출입구와 가까운 곳에 설치,장애인 전용 주차구역,117074
1319,크기 확보(3.3*5m),장애인 전용 주차구역,117074
1320,안내표지판 설치,장애인 전용 주차구역,117074
1321,상세정보 없음,주출입구 높이차이 제거,117075
1322,승강기크기 1.6*1.35m 이상,장애인용 승강기,117076
1323,가로조작반 설치,장애인용 승강기,117076
1324,버튼점자 설치,장애인용 승강기,117076
1325,점자블록 설치,장애인용 승강기,117076
1326,음성안내 설치,장애인용 승강기,117076
1327,점멸등 설치,장애인용 승강기,117076
1328,평탄함,주출입구 접근로,117077
1329,단차없음,주출입구 접근로,117077
1330,유효폭 1.2m 이상,주출입구 접근로,117077
1331,기울기 1/18이하,주출입구 접근로,117077
1332,보/차도 구분,주출입구 접근로,117077
1333,총주차대수60,장애인 전용 주차구역,117078
1334,전용주차대수  2,장애인 전용 주차구역,117078
1335,출입구와 가까운 곳에 설치,장애인 전용 주차구역,117078
1336,크기 미 확보,장애인 전용 주차구역,117078
1337,안내표지판 설치,장애인 전용 주차구역,117078
1338,상세정보 없음,주출입구 높이차이 제거,117079
1339,승강기크기 1.6*1.35m 이상,장애인용 승강기,117080
1340,가로조작반 설치,장애인용 승강기,117080
1341,버튼점자 설치,장애인용 승강기,117080
1342,점자블록 설치,장애인용 승강기,117080
1343,음성안내 설치,장애인용 승강기,117080
1344,점멸등 설치,장애인용 승강기,117080
1345,"남,녀 구분 설치",장애인용 화장실,117081
1346,사용여부설비 설치,장애인용 화장실,117081
1347,이동통로 1.2m 이상,장애인용 화장실,117081
1348,바닥단차 2cm 이하,장애인용 화장실,117081
1349,점자블록 설치,장애인용 화장실,117081
1350,대변기 설치,장애인용 화장실,117081
1351,출입문 사용가능,장애인용 화장실,117081
1352,출입문폭 0.8m 이상,장애인용 화장실,117081
1353,양변기 설치,장애인용 화장실,117081
1354,수평손잡이 설치,장애인용 화장실,117081
1355,수직손잡이 설치,장애인용 화장실,117081
1356,회전식손잡이 설치,장애인용 화장실,117081
1357,출입구 및 피난통로와 가까운곳에 설치,장애인용 관람석,117082
1358,관람석 면적0.9*1.3m 이상,장애인용 관람석,117082
1359,좌석설치,장애인용 관람석,117082
1360,평탄함,주출입구 접근로,117083
1361,단차없음,주출입구 접근로,117083
1362,유효폭 1.2m 이상,주출입구 접근로,117083
1363,기울기 1/18이하,주출입구 접근로,117083
1364,보/차도 구분,주출입구 접근로,117083
1365,상세정보 없음,장애인 전용 주차구역,117084
1366,평탄함,주출입구 접근로,117085
1367,단차없음,주출입구 접근로,117085
1368,유효폭 1.2m 이상,주출입구 접근로,117085
1369,기울기 1/18~1/12이하,주출입구 접근로,117085
1370,보/차도 구분없음,주출입구 접근로,117085
1371,경사로 1/12초과 설치,주출입구 높이차이 제거,117086
1372,유효폭 1.2m 미만,주출입구 높이차이 제거,117086
1373,손잡이 미흡설치,주출입구 높이차이 제거,117086
1374,상세정보 없음,주출입구 접근로,117087
1375,총주차대수26,장애인 전용 주차구역,117088
1376,전용주차대수  1,장애인 전용 주차구역,117088
1377,출입구와 가까운 곳에 설치,장애인 전용 주차구역,117088
1378,크기 확보(3.3*5m),장애인 전용 주차구역,117088
1379,안내표지판 설치,장애인 전용 주차구역,117088
1380,단차없음 또는 경사로 1/12이하 설치,주출입구 높이차이 제거,117089
1381,유효폭 1.2m 이상,주출입구 높이차이 제거,117089
1382,평탄함,주출입구 접근로,117090
1383,단차없음,주출입구 접근로,117090
1384,유효폭 1.2m 이상,주출입구 접근로,117090
1385,기울기 1/18이하,주출입구 접근로,117090
1386,보/차도 구분,주출입구 접근로,117090
1387,총주차대수17,장애인 전용 주차구역,117091
1388,전용주차대수  1,장애인 전용 주차구역,117091
1389,출입구와 가까운 곳에 설치,장애인 전용 주차구역,117091
1390,크기 확보(3.3*5m),장애인 전용 주차구역,117091
1391,안내표지판 설치,장애인 전용 주차구역,117091
1392,단차없음 또는 경사로 1/12이하 설치,주출입구 높이차이 제거,117092
1393,평탄함,주출입구 접근로,117093
1394,단차없음,주출입구 접근로,117093
1395,유효폭 1.2m 이상,주출입구 접근로,117093
1396,기울기 1/18이하,주출입구 접근로,117093
1397,보/차도 구분,주출입구 접근로,117093
1398,상세정보 없음,장애인 전용 주차구역,117094
1399,단차없음 또는 경사로 1/12이하 설치,주출입구 높이차이 제거,117095
1400,유효폭 1.2m 이상,주출입구 높이차이 제거,117095
1401,상세정보 없음,주출입구 접근로,117096
1402,경사로 1/12초과 설치,주출입구 높이차이 제거,117097
1403,유효폭 1.2m 미만,주출입구 높이차이 제거,117097
1404,손잡이 미흡설치,주출입구 높이차이 제거,117097
1405,상세정보 없음,주출입구 접근로,117098
1406,평탄함,주출입구 접근로,117099
1407,단차없음,주출입구 접근로,117099
1408,유효폭 1.2m 이상,주출입구 접근로,117099
1409,기울기 1/18이하,주출입구 접근로,117099
1410,보/차도 구분,주출입구 접근로,117099
1411,총주차대수100,장애인 전용 주차구역,117100
1412,전용주차대수  5,장애인 전용 주차구역,117100
1413,출입구와 가까운 곳에 설치,장애인 전용 주차구역,117100
1414,크기 확보(3.3*5m),장애인 전용 주차구역,117100
1415,안내표지판 설치,장애인 전용 주차구역,117100
1416,단차없음 또는 경사로 1/12이하 설치,주출입구 높이차이 제거,117101
1417,유효폭 1.2m 이상,주출입구 높이차이 제거,117101
1418,상세정보 없음,장애인 전용 주차구역,117102
1419,상세정보 없음,주출입구 접근로,117103
1420,총주차대수1,장애인 전용 주차구역,117104
1421,평탄함,주출입구 접근로,117105
1422,단차없음,주출입구 접근로,117105
1423,유효폭 1.2m 이상,주출입구 접근로,117105
1424,기울기 1/18이하,주출입구 접근로,117105
1425,보/차도 구분,주출입구 접근로,117105
1426,상세정보 없음,장애인 전용 주차구역,117106
1427,단차없음 또는 경사로 1/12이하 설치,주출입구 높이차이 제거,117107
1428,유효폭 1.2m 이상,주출입구 높이차이 제거,117107
1429,평탄함,주출입구 접근로,117108
1430,단차없음,주출입구 접근로,117108
1431,유효폭 1.2m 이상,주출입구 접근로,117108
1432,기울기 1/18이하,주출입구 접근로,117108
1433,보/차도 구분,주출입구 접근로,117108
1434,단차없음 또는 경사로 1/12이하 설치,주출입구 높이차이 제거,117109
1435,유효폭 1.2m 이상,주출입구 높이차이 제거,117109
1436,손잡이 설치,주출입구 높이차이 제거,117109
1437,평탄함,주출입구 접근로,117110
1438,단차없음,주출입구 접근로,117110
1439,유효폭 1.2m 이상,주출입구 접근로,117110
1440,기울기 1/18이하,주출입구 접근로,117110
1441,보/차도 구분,주출입구 접근로,117110
1442,단차없음 또는 경사로 1/12이하 설치,주출입구 높이차이 제거,117111
1443,유효폭 1.2m 이상,주출입구 높이차이 제거,117111
1444,평탄함,주출입구 접근로,117112
1445,단차없음,주출입구 접근로,117112
1446,유효폭 1.2m 이상,주출입구 접근로,117112
1447,기울기 1/18이하,주출입구 접근로,117112
1448,보/차도 구분없음,주출입구 접근로,117112
1449,평탄함,주출입구 접근로,117113
1450,단차없음,주출입구 접근로,117113
1451,유효폭 1.2m 이상,주출입구 접근로,117113
1452,기울기 1/18이하,주출입구 접근로,117113
1453,보/차도 구분,주출입구 접근로,117113
1454,총주차대수17,장애인 전용 주차구역,117114
1455,단차없음 또는 경사로 1/12이하 설치,주출입구 높이차이 제거,117115
1456,유효폭 1.2m 이상,주출입구 높이차이 제거,117115
1457,손잡이 설치,주출입구 높이차이 제거,117115
1458,상세정보 없음,주출입구 접근로,117116
1459,총주차대수3,장애인 전용 주차구역,117117
1460,상세정보 없음,주출입구 접근로,117118
1461,상세정보 없음,장애인 전용 주차구역,117119
1462,평탄함,주출입구 접근로,117120
1463,단차없음,주출입구 접근로,117120
1464,유효폭 1.2m 이상,주출입구 접근로,117120
1465,기울기 1/18이하,주출입구 접근로,117120
1466,보/차도 구분,주출입구 접근로,117120
1467,총주차대수3,장애인 전용 주차구역,117121
1468,단차없음 또는 경사로 1/12이하 설치,주출입구 높이차이 제거,117122
1469,유효폭 1.2m 이상,주출입구 높이차이 제거,117122
1470,상세정보 없음,주출입구 접근로,117123
1471,상세정보 없음,장애인 전용 주차구역,117124
1472,경사로 1/12초과 설치,주출입구 높이차이 제거,117125
1473,유효폭 1.2m 이상,주출입구 높이차이 제거,117125
1474,손잡이 설치,주출입구 높이차이 제거,117125
1475,평탄함,주출입구 접근로,117126
1476,단차없음,주출입구 접근로,117126
1477,유효폭 1.2m 이상,주출입구 접근로,117126
1478,기울기 1/18이하,주출입구 접근로,117126
1479,보/차도 구분,주출입구 접근로,117126
1480,단차없음 또는 경사로 1/12이하 설치,주출입구 높이차이 제거,117127
1481,유효폭 1.2m 이상,주출입구 높이차이 제거,117127
1482,단차없음 또는 경사로 1/12이하 설치,주출입구 높이차이 제거,117128
1483,유효폭 1.2m 미만,주출입구 높이차이 제거,117128
1484,손잡이 미흡설치,주출입구 높이차이 제거,117128
1485,평탄함,주출입구 접근로,117129
1486,단차없음,주출입구 접근로,117129
1487,유효폭 1.2m 이상,주출입구 접근로,117129
1488,기울기 1/18이하,주출입구 접근로,117129
1489,보/차도 구분없음,주출입구 접근로,117129
1490,총주차대수9,장애인 전용 주차구역,117130
1491,단차없음 또는 경사로 1/12이하 설치,주출입구 높이차이 제거,117131
1492,유효폭 1.2m 이상,주출입구 높이차이 제거,117131
1493,평탄함,주출입구 접근로,117132
1494,단차없음,주출입구 접근로,117132
1495,유효폭 1.2m 이상,주출입구 접근로,117132
1496,기울기 1/18이하,주출입구 접근로,117132
1497,보/차도 구분,주출입구 접근로,117132
1498,단차없음 또는 경사로 1/12이하 설치,주출입구 높이차이 제거,117133
1499,유효폭 1.2m 이상,주출입구 높이차이 제거,117133
1500,상세정보 없음,주출입구 접근로,117134
1501,상세정보 없음,장애인 전용 주차구역,117135
1502,평탄함,주출입구 접근로,117136
1503,단차없음,주출입구 접근로,117136
1504,유효폭 1.2m 이상,주출입구 접근로,117136
1505,기울기 1/18이하,주출입구 접근로,117136
1506,보/차도 구분,주출입구 접근로,117136
1507,총주차대수4,장애인 전용 주차구역,117137
1508,단차없음 또는 경사로 1/12이하 설치,주출입구 높이차이 제거,117138
1509,유효폭 1.2m 이상,주출입구 높이차이 제거,117138
1510,평탄함,주출입구 접근로,117139
1511,단차없음,주출입구 접근로,117139
1512,유효폭 1.2m 이상,주출입구 접근로,117139
1513,기울기 1/18이하,주출입구 접근로,117139
1514,보/차도 구분,주출입구 접근로,117139
1515,총주차대수7,장애인 전용 주차구역,117140
1516,단차없음 또는 경사로 1/12이하 설치,주출입구 높이차이 제거,117141
1517,평탄함,주출입구 접근로,117142
1518,단차없음,주출입구 접근로,117142
1519,유효폭 1.2m 이상,주출입구 접근로,117142
1520,기울기 1/18이하,주출입구 접근로,117142
1521,보/차도 구분없음,주출입구 접근로,117142
1522,상세정보 없음,주출입구 접근로,117143
1523,총주차대수75,장애인 전용 주차구역,117144
1524,전용주차대수  2,장애인 전용 주차구역,117144
1525,출입구와 가까운 곳에 설치,장애인 전용 주차구역,117144
1526,크기 미 확보,장애인 전용 주차구역,117144
1527,안내표지판 설치,장애인 전용 주차구역,117144
1528,경사로 1/12초과 설치,주출입구 높이차이 제거,117145
1529,유효폭 1.2m 미만,주출입구 높이차이 제거,117145
1530,손잡이 미흡설치,주출입구 높이차이 제거,117145
1531,평탄함,주출입구 접근로,117146
1532,단차없음,주출입구 접근로,117146
1533,유효폭 1.2m 이상,주출입구 접근로,117146
1534,기울기 1/18이하,주출입구 접근로,117146
1535,보/차도 구분,주출입구 접근로,117146
1536,총주차대수1,장애인 전용 주차구역,117147
1537,경사로 1/12초과 설치,주출입구 높이차이 제거,117148
1538,유효폭 1.2m 미만,주출입구 높이차이 제거,117148
1539,손잡이 설치,주출입구 높이차이 제거,117148
1540,평탄함,주출입구 접근로,117149
1541,단차없음,주출입구 접근로,117149
1542,유효폭 1.2m 이상,주출입구 접근로,117149
1543,기울기 1/18이하,주출입구 접근로,117149
1544,보/차도 구분,주출입구 접근로,117149
1545,총주차대수17,장애인 전용 주차구역,117150
1546,전용주차대수  1,장애인 전용 주차구역,117150
1547,출입구와 가까운 곳에 설치,장애인 전용 주차구역,117150
1548,크기 미 확보,장애인 전용 주차구역,117150
1549,안내표지판 설치,장애인 전용 주차구역,117150
1550,상세정보 없음,주출입구 접근로,117151
1551,상세정보 없음,장애인 전용 주차구역,117152
1552,단차없음 또는 경사로 1/12이하 설치,주출입구 높이차이 제거,117153
1553,유효폭 1.2m 이상,주출입구 높이차이 제거,117153
1554,손잡이 설치,주출입구 높이차이 제거,117153
1555,총주차대수9,장애인 전용 주차구역,117154
1556,전용주차대수  1,장애인 전용 주차구역,117154
1557,단차없음 또는 경사로 1/12이하 설치,주출입구 높이차이 제거,117155
1558,유효폭 1.2m 이상,주출입구 높이차이 제거,117155
1559,손잡이 설치,주출입구 높이차이 제거,117155
1560,평탄함,주출입구 접근로,117156
1561,단차없음,주출입구 접근로,117156
1562,유효폭 1.2m 이상,주출입구 접근로,117156
1563,기울기 1/18이하,주출입구 접근로,117156
1564,보/차도 구분,주출입구 접근로,117156
1565,총주차대수15,장애인 전용 주차구역,117157
1566,전용주차대수  1,장애인 전용 주차구역,117157
1567,출입구와 가까운 곳에 설치,장애인 전용 주차구역,117157
1568,크기 확보(3.3*5m),장애인 전용 주차구역,117157
1569,안내표지판 설치,장애인 전용 주차구역,117157
1570,단차없음 또는 경사로 1/12이하 설치,주출입구 높이차이 제거,117158
1571,유효폭 1.2m 이상,주출입구 높이차이 제거,117158
1572,평탄함,주출입구 접근로,117159
1573,단차없음,주출입구 접근로,117159
1574,유효폭 1.2m 이상,주출입구 접근로,117159
1575,기울기 1/18이하,주출입구 접근로,117159
1576,보/차도 구분,주출입구 접근로,117159
1577,총주차대수1,장애인 전용 주차구역,117160
1578,전용주차대수  1,장애인 전용 주차구역,117160
1579,출입구와 가까운 곳에 설치,장애인 전용 주차구역,117160
1580,크기 확보(3.3*5m),장애인 전용 주차구역,117160
1581,안내표지판 설치,장애인 전용 주차구역,117160
1582,단차없음 또는 경사로 1/12이하 설치,주출입구 높이차이 제거,117161
1583,유효폭 1.2m 이상,주출입구 높이차이 제거,117161
1584,평탄하지 않음,주출입구 접근로,117162
1585,단차없음,주출입구 접근로,117162
1586,유효폭 1.2m 이상,주출입구 접근로,117162
1587,기울기 1/18이하,주출입구 접근로,117162
1588,보/차도 구분,주출입구 접근로,117162
1589,총주차대수9,장애인 전용 주차구역,117163
1590,상세정보 없음,주출입구 접근로,117164
1591,총주차대수6,장애인 전용 주차구역,117165
1592,단차없음 또는 경사로 1/12이하 설치,주출입구 높이차이 제거,117166
1593,유효폭 1.2m 이상,주출입구 높이차이 제거,117166
1594,평탄함,주출입구 접근로,117167
1595,단차없음,주출입구 접근로,117167
1596,유효폭 1.2m 이상,주출입구 접근로,117167
1597,기울기 1/18이하,주출입구 접근로,117167
1598,보/차도 구분,주출입구 접근로,117167
1599,총주차대수5,장애인 전용 주차구역,117168
1600,단차없음 또는 경사로 1/12이하 설치,주출입구 높이차이 제거,117169
1601,유효폭 1.2m 이상,주출입구 높이차이 제거,117169
1602,평탄함,주출입구 접근로,117170
1603,단차없음,주출입구 접근로,117170
1604,유효폭 1.2m 이상,주출입구 접근로,117170
1605,기울기 1/18이하,주출입구 접근로,117170
1606,보/차도 구분,주출입구 접근로,117170
1607,단차없음 또는 경사로 1/12이하 설치,주출입구 높이차이 제거,117171
1608,유효폭 1.2m 이상,주출입구 높이차이 제거,117171
1609,평탄함,주출입구 접근로,117172
1610,단차없음,주출입구 접근로,117172
1611,유효폭 1.2m 이상,주출입구 접근로,117172
1612,기울기 1/18이하,주출입구 접근로,117172
1613,보/차도 구분,주출입구 접근로,117172
1614,총주차대수10,장애인 전용 주차구역,117173
1615,전용주차대수  1,장애인 전용 주차구역,117173
1616,출입구와 가까운 곳에 설치,장애인 전용 주차구역,117173
1617,크기 확보(3.3*5m),장애인 전용 주차구역,117173
1618,안내표지판 설치,장애인 전용 주차구역,117173
1619,단차없음 또는 경사로 1/12이하 설치,주출입구 높이차이 제거,117174
1620,유효폭 1.2m 이상,주출입구 높이차이 제거,117174
1621,손잡이 설치,주출입구 높이차이 제거,117174
1622,상세정보 없음,주출입구 접근로,117175
1623,상세정보 없음,장애인 전용 주차구역,117176
1624,평탄함,주출입구 접근로,117177
1625,단차없음,주출입구 접근로,117177
1626,유효폭 1.2m 이상,주출입구 접근로,117177
1627,기울기 1/18이하,주출입구 접근로,117177
1628,보/차도 구분,주출입구 접근로,117177
1629,총주차대수40,장애인 전용 주차구역,117178
1630,전용주차대수  1,장애인 전용 주차구역,117178
1631,출입구와 가까운 곳에 설치,장애인 전용 주차구역,117178
1632,크기 확보(3.3*5m),장애인 전용 주차구역,117178
1633,안내표지판 설치,장애인 전용 주차구역,117178
1634,단차없음 또는 경사로 1/12이하 설치,주출입구 높이차이 제거,117179
1635,유효폭 1.2m 이상,주출입구 높이차이 제거,117179
1636,손잡이 설치,주출입구 높이차이 제거,117179
1637,평탄함,주출입구 접근로,117180
1638,단차없음,주출입구 접근로,117180
1639,유효폭 1.2m 이상,주출입구 접근로,117180
1640,기울기 1/18이하,주출입구 접근로,117180
1641,보/차도 구분,주출입구 접근로,117180
1642,총주차대수50,장애인 전용 주차구역,117181
1643,전용주차대수  2,장애인 전용 주차구역,117181
1644,출입구와 가까운 곳에 설치,장애인 전용 주차구역,117181
1645,크기 확보(3.3*5m),장애인 전용 주차구역,117181
1646,안내표지판 설치,장애인 전용 주차구역,117181
1647,단차없음 또는 경사로 1/12이하 설치,주출입구 높이차이 제거,117182
1648,유효폭 1.2m 이상,주출입구 높이차이 제거,117182
1649,손잡이 설치,주출입구 높이차이 제거,117182
1650,평탄함,주출입구 접근로,117183
1651,단차없음,주출입구 접근로,117183
1652,유효폭 1.2m 이상,주출입구 접근로,117183
1653,기울기 1/18이하,주출입구 접근로,117183
1654,보/차도 구분,주출입구 접근로,117183
1655,총주차대수54,장애인 전용 주차구역,117184
1656,전용주차대수  1,장애인 전용 주차구역,117184
1657,출입구와 가까운 곳에 설치,장애인 전용 주차구역,117184
1658,크기 확보(3.3*5m),장애인 전용 주차구역,117184
1659,안내표지판 설치,장애인 전용 주차구역,117184
1660,단차없음 또는 경사로 1/12이하 설치,주출입구 높이차이 제거,117185
1661,유효폭 1.2m 이상,주출입구 높이차이 제거,117185
1662,손잡이 설치,주출입구 높이차이 제거,117185
1663,평탄함,주출입구 접근로,117186
1664,단차없음,주출입구 접근로,117186
1665,유효폭 1.2m 이상,주출입구 접근로,117186
1666,기울기 1/18이하,주출입구 접근로,117186
1667,보/차도 구분,주출입구 접근로,117186
1668,총주차대수21,장애인 전용 주차구역,117187
1669,전용주차대수  2,장애인 전용 주차구역,117187
1670,출입구와 가까운 곳에 설치,장애인 전용 주차구역,117187
1671,크기 미 확보,장애인 전용 주차구역,117187
1672,안내표지판 설치,장애인 전용 주차구역,117187
1673,단차없음 또는 경사로 1/12이하 설치,주출입구 높이차이 제거,117188
1674,유효폭 1.2m 이상,주출입구 높이차이 제거,117188
1675,손잡이 설치,주출입구 높이차이 제거,117188
1676,총주차대수21,장애인 전용 주차구역,117189
1677,전용주차대수  3,장애인 전용 주차구역,117189
1678,단차없음 또는 경사로 1/12이하 설치,주출입구 높이차이 제거,117190
1679,유효폭 1.2m 이상,주출입구 높이차이 제거,117190
1680,평탄함,주출입구 접근로,117191
1681,단차없음,주출입구 접근로,117191
1682,유효폭 1.2m 이상,주출입구 접근로,117191
1683,기울기 1/18이하,주출입구 접근로,117191
1684,보/차도 구분,주출입구 접근로,117191
1685,총주차대수24,장애인 전용 주차구역,117192
1686,전용주차대수  2,장애인 전용 주차구역,117192
1687,출입구와 가까운 곳에 설치,장애인 전용 주차구역,117192
1688,크기 미 확보,장애인 전용 주차구역,117192
1689,안내표지판 설치,장애인 전용 주차구역,117192
1690,단차없음 또는 경사로 1/12이하 설치,주출입구 높이차이 제거,117193
1691,유효폭 1.2m 이상,주출입구 높이차이 제거,117193
1692,손잡이 설치,주출입구 높이차이 제거,117193
1693,평탄함,주출입구 접근로,117194
1694,단차없음,주출입구 접근로,117194
1695,유효폭 1.2m 이상,주출입구 접근로,117194
1696,기울기 1/18이하,주출입구 접근로,117194
1697,보/차도 구분,주출입구 접근로,117194
1698,총주차대수31,장애인 전용 주차구역,117195
1699,전용주차대수  2,장애인 전용 주차구역,117195
1700,출입구와 가까운 곳에 설치,장애인 전용 주차구역,117195
1701,크기 확보(3.3*5m),장애인 전용 주차구역,117195
1702,안내표지판 설치,장애인 전용 주차구역,117195
1703,단차없음 또는 경사로 1/12이하 설치,주출입구 높이차이 제거,117196
1704,유효폭 1.2m 이상,주출입구 높이차이 제거,117196
1705,평탄함,주출입구 접근로,117197
1706,단차없음,주출입구 접근로,117197
1707,유효폭 1.2m 이상,주출입구 접근로,117197
1708,기울기 1/18이하,주출입구 접근로,117197
1709,보/차도 구분,주출입구 접근로,117197
1710,총주차대수4,장애인 전용 주차구역,117198
1711,단차없음 또는 경사로 1/12이하 설치,주출입구 높이차이 제거,117199
1712,유효폭 1.2m 이상,주출입구 높이차이 제거,117199
1713,평탄함,주출입구 접근로,117200
1714,단차없음,주출입구 접근로,117200
1715,유효폭 1.2m 이상,주출입구 접근로,117200
1716,기울기 1/18이하,주출입구 접근로,117200
1717,보/차도 구분,주출입구 접근로,117200
1718,총주차대수25,장애인 전용 주차구역,117201
1719,전용주차대수  1,장애인 전용 주차구역,117201
1720,출입구와 가까운 곳에 설치,장애인 전용 주차구역,117201
1721,크기 확보(3.3*5m),장애인 전용 주차구역,117201
1722,안내표지판 설치,장애인 전용 주차구역,117201
1723,경사로 1/12초과 설치,주출입구 높이차이 제거,117202
1724,유효폭 1.2m 이상,주출입구 높이차이 제거,117202
1725,손잡이 설치,주출입구 높이차이 제거,117202
1726,평탄함,주출입구 접근로,117203
1727,단차없음,주출입구 접근로,117203
1728,유효폭 1.2m 이상,주출입구 접근로,117203
1729,기울기 1/18이하,주출입구 접근로,117203
1730,보/차도 구분,주출입구 접근로,117203
1731,평탄함,주출입구 접근로,117204
1732,단차없음,주출입구 접근로,117204
1733,유효폭 1.2m 이상,주출입구 접근로,117204
1734,기울기 1/18이하,주출입구 접근로,117204
1735,보/차도 구분,주출입구 접근로,117204
1736,총주차대수5,장애인 전용 주차구역,117205
1737,단차없음 또는 경사로 1/12이하 설치,주출입구 높이차이 제거,117206
1738,유효폭 1.2m 이상,주출입구 높이차이 제거,117206
1739,손잡이 설치,주출입구 높이차이 제거,117206
1740,총주차대수7,장애인 전용 주차구역,117207
1741,평탄함,주출입구 접근로,117208
1742,단차없음,주출입구 접근로,117208
1743,유효폭 1.2m 이상,주출입구 접근로,117208
1744,기울기 1/18이하,주출입구 접근로,117208
1745,보/차도 구분,주출입구 접근로,117208
1746,총주차대수32,장애인 전용 주차구역,117209
1747,평탄함,주출입구 접근로,117210
1748,단차없음,주출입구 접근로,117210
1749,유효폭 1.2m 이상,주출입구 접근로,117210
1750,기울기 1/18이하,주출입구 접근로,117210
1751,보/차도 구분없음,주출입구 접근로,117210
1752,평탄함,주출입구 접근로,117211
1753,단차없음,주출입구 접근로,117211
1754,유효폭 1.2m 이상,주출입구 접근로,117211
1755,기울기 1/18이하,주출입구 접근로,117211
1756,보/차도 구분,주출입구 접근로,117211
1757,총주차대수7,장애인 전용 주차구역,117212
1758,상세정보 없음,주출입구 접근로,117213
1759,총주차대수4,장애인 전용 주차구역,117214
1760,평탄함,주출입구 접근로,117215
1761,단차없음,주출입구 접근로,117215
1762,유효폭 1.2m 이상,주출입구 접근로,117215
1763,기울기 1/18이하,주출입구 접근로,117215
1764,보/차도 구분,주출입구 접근로,117215
1765,단차없음 또는 경사로 1/12이하 설치,주출입구 높이차이 제거,117216
1766,유효폭 1.2m 이상,주출입구 높이차이 제거,117216
1767,상세정보 없음,주출입구 접근로,117217
1768,상세정보 없음,장애인 전용 주차구역,117218
1769,단차없음 또는 경사로 1/12이하 설치,주출입구 높이차이 제거,117219
1770,손잡이 설치,주출입구 높이차이 제거,117219
1771,평탄함,주출입구 접근로,117220
1772,단차없음,주출입구 접근로,117220
1773,유효폭 1.2m 이상,주출입구 접근로,117220
1774,기울기 1/18이하,주출입구 접근로,117220
1775,보/차도 구분없음,주출입구 접근로,117220
1776,총주차대수40,장애인 전용 주차구역,117221
1777,전용주차대수  1,장애인 전용 주차구역,117221
1778,출입구와 가까운 곳에 설치,장애인 전용 주차구역,117221
1779,크기 미 확보,장애인 전용 주차구역,117221
1780,안내표지판 설치,장애인 전용 주차구역,117221
1781,단차없음 또는 경사로 1/12이하 설치,주출입구 높이차이 제거,117222
1782,유효폭 1.2m 이상,주출입구 높이차이 제거,117222
1783,총주차대수2,장애인 전용 주차구역,117223
1784,출입구 및 피난통로와 가까운곳에 설치,장애인용 관람석,117224
1785,관람석 면적0.9*1.3m 이상,장애인용 관람석,117224
1786,좌석설치,장애인용 관람석,117224
1787,평탄함,주출입구 접근로,117225
1788,단차없음,주출입구 접근로,117225
1789,유효폭 1.2m 이상,주출입구 접근로,117225
1790,기울기 1/18이하,주출입구 접근로,117225
1791,보/차도 구분,주출입구 접근로,117225
1792,단차없음 또는 경사로 1/12이하 설치,주출입구 높이차이 제거,117226
1793,유효폭 1.2m 이상,주출입구 높이차이 제거,117226
1794,평탄함,주출입구 접근로,117227
1795,단차없음,주출입구 접근로,117227
1796,유효폭 1.2m 이상,주출입구 접근로,117227
1797,기울기 1/18이하,주출입구 접근로,117227
1798,보/차도 구분없음,주출입구 접근로,117227
1799,경사로 1/12초과 설치,주출입구 높이차이 제거,117228
1800,유효폭 1.2m 이상,주출입구 높이차이 제거,117228
1801,손잡이 미흡설치,주출입구 높이차이 제거,117228
1802,평탄함,주출입구 접근로,117229
1803,단차없음,주출입구 접근로,117229
1804,유효폭 1.2m 이상,주출입구 접근로,117229
1805,기울기 1/18이하,주출입구 접근로,117229
1806,보/차도 구분,주출입구 접근로,117229
1807,단차없음 또는 경사로 1/12이하 설치,주출입구 높이차이 제거,117230
1808,유효폭 1.2m 이상,주출입구 높이차이 제거,117230
1809,상세정보 없음,주출입구 접근로,117231
1810,단차없음 또는 경사로 1/12이하 설치,주출입구 높이차이 제거,117232
1811,유효폭 1.2m 이상,주출입구 높이차이 제거,117232
1812,평탄함,주출입구 접근로,117233
1813,단차없음,주출입구 접근로,117233
1814,유효폭 1.2m 이상,주출입구 접근로,117233
1815,기울기 1/18이하,주출입구 접근로,117233
1816,보/차도 구분,주출입구 접근로,117233
1817,총주차대수18,장애인 전용 주차구역,117234
1818,전용주차대수  1,장애인 전용 주차구역,117234
1819,출입구와 가까운 곳에 설치,장애인 전용 주차구역,117234
1820,크기 확보(3.3*5m),장애인 전용 주차구역,117234
1821,안내표지판 설치,장애인 전용 주차구역,117234
1822,단차없음 또는 경사로 1/12이하 설치,주출입구 높이차이 제거,117235
1823,유효폭 1.2m 이상,주출입구 높이차이 제거,117235
1824,상세정보 없음,주출입구 접근로,117236
1825,총주차대수2,장애인 전용 주차구역,117237
1826,경사로 1/12초과 설치,주출입구 높이차이 제거,117238
1827,유효폭 1.2m 이상,주출입구 높이차이 제거,117238
1828,손잡이 설치,주출입구 높이차이 제거,117238
1829,평탄함,주출입구 접근로,117239
1830,단차없음,주출입구 접근로,117239
1831,유효폭 1.2m 이상,주출입구 접근로,117239
1832,기울기 1/18이하,주출입구 접근로,117239
1833,보/차도 구분,주출입구 접근로,117239
1834,상세정보 없음,주출입구 접근로,117240
1835,총주차대수5,장애인 전용 주차구역,117241
1836,상세정보 없음,주출입구 접근로,117242
1837,총주차대수5,장애인 전용 주차구역,117243
1838,전용주차대수  1,장애인 전용 주차구역,117243
1839,출입구와 가까운 곳에 설치,장애인 전용 주차구역,117243
1840,크기 확보(3.3*5m),장애인 전용 주차구역,117243
1841,안내표지판 미설치,장애인 전용 주차구역,117243
1842,경사로 1/12초과 설치,주출입구 높이차이 제거,117244
1843,유효폭 1.2m 이상,주출입구 높이차이 제거,117244
1844,손잡이 미흡설치,주출입구 높이차이 제거,117244
1845,상세정보 없음,주출입구 접근로,117245
1846,상세정보 없음,장애인 전용 주차구역,117246
1847,평탄함,주출입구 접근로,117247
1848,단차없음,주출입구 접근로,117247
1849,유효폭 1.2m 이상,주출입구 접근로,117247
1850,기울기 1/18이하,주출입구 접근로,117247
1851,보/차도 구분,주출입구 접근로,117247
1852,단차없음 또는 경사로 1/12이하 설치,주출입구 높이차이 제거,117248
1853,유효폭 1.2m 이상,주출입구 높이차이 제거,117248
1854,평탄함,주출입구 접근로,117249
1855,단차없음,주출입구 접근로,117249
1856,유효폭 1.2m 이상,주출입구 접근로,117249
1857,기울기 1/18이하,주출입구 접근로,117249
1858,보/차도 구분,주출입구 접근로,117249
1859,총주차대수6,장애인 전용 주차구역,117250
1860,단차없음 또는 경사로 1/12이하 설치,주출입구 높이차이 제거,117251
1861,유효폭 1.2m 이상,주출입구 높이차이 제거,117251
1862,평탄함,주출입구 접근로,117252
1863,단차없음,주출입구 접근로,117252
1864,유효폭 1.2m 이상,주출입구 접근로,117252
1865,기울기 1/18이하,주출입구 접근로,117252
1866,보/차도 구분,주출입구 접근로,117252
1867,단차없음 또는 경사로 1/12이하 설치,주출입구 높이차이 제거,117253
1868,유효폭 1.2m 이상,주출입구 높이차이 제거,117253
1869,상세정보 없음,주출입구 접근로,117254
1870,상세정보 없음,장애인 전용 주차구역,117255
1871,단차없음 또는 경사로 1/12이하 설치,주출입구 높이차이 제거,117256
1872,유효폭 1.2m 이상,주출입구 높이차이 제거,117256
1873,손잡이 설치,주출입구 높이차이 제거,117256
1874,평탄함,주출입구 접근로,117257
1875,단차없음,주출입구 접근로,117257
1876,유효폭 1.2m 이상,주출입구 접근로,117257
1877,기울기 1/18이하,주출입구 접근로,117257
1878,보/차도 구분,주출입구 접근로,117257
1879,상세정보 없음,장애인 전용 주차구역,117258
1880,경사로 1/12초과 설치,주출입구 높이차이 제거,117259
1881,유효폭 1.2m 미만,주출입구 높이차이 제거,117259
1882,손잡이 설치,주출입구 높이차이 제거,117259
1883,상세정보 없음,주출입구 접근로,117260
1884,상세정보 없음,장애인 전용 주차구역,117261
1885,평탄함,주출입구 접근로,117262
1886,단차없음,주출입구 접근로,117262
1887,유효폭 1.2m 이상,주출입구 접근로,117262
1888,기울기 1/18이하,주출입구 접근로,117262
1889,보/차도 구분,주출입구 접근로,117262
1890,단차없음 또는 경사로 1/12이하 설치,주출입구 높이차이 제거,117263
1891,유효폭 1.2m 이상,주출입구 높이차이 제거,117263
1892,손잡이 설치,주출입구 높이차이 제거,117263
1893,평탄함,주출입구 접근로,117264
1894,단차없음,주출입구 접근로,117264
1895,유효폭 1.2m 이상,주출입구 접근로,117264
1896,기울기 1/18이하,주출입구 접근로,117264
1897,보/차도 구분,주출입구 접근로,117264
1898,총주차대수5,장애인 전용 주차구역,117265
1899,평탄함,주출입구 접근로,117266
1900,단차없음,주출입구 접근로,117266
1901,유효폭 1.2m 이상,주출입구 접근로,117266
1902,기울기 1/18이하,주출입구 접근로,117266
1903,보/차도 구분없음,주출입구 접근로,117266
1904,총주차대수7,장애인 전용 주차구역,117267
1905,평탄하지 않음,주출입구 접근로,117268
1906,단차없음,주출입구 접근로,117268
1907,유효폭 1.2m 이상,주출입구 접근로,117268
1908,기울기 1/18이하,주출입구 접근로,117268
1909,보/차도 구분,주출입구 접근로,117268
1910,상세정보 없음,장애인 전용 주차구역,117269
1911,단차없음 또는 경사로 1/12이하 설치,주출입구 높이차이 제거,117270
1912,유효폭 1.2m 이상,주출입구 높이차이 제거,117270
1913,평탄함,주출입구 접근로,117271
1914,단차없음,주출입구 접근로,117271
1915,유효폭 1.2m 이상,주출입구 접근로,117271
1916,기울기 1/18이하,주출입구 접근로,117271
1917,보/차도 구분,주출입구 접근로,117271
1918,총주차대수4,장애인 전용 주차구역,117272
1919,평탄함,주출입구 접근로,117273
1920,단차없음,주출입구 접근로,117273
1921,유효폭 1.2m 이상,주출입구 접근로,117273
1922,기울기 1/18이하,주출입구 접근로,117273
1923,보/차도 구분,주출입구 접근로,117273
1924,총주차대수45,장애인 전용 주차구역,117274
1925,전용주차대수  1,장애인 전용 주차구역,117274
1926,출입구와 가까운 곳에 설치,장애인 전용 주차구역,117274
1927,크기 미 확보,장애인 전용 주차구역,117274
1928,안내표지판 설치,장애인 전용 주차구역,117274
1929,경사로 1/12초과 설치,주출입구 높이차이 제거,117275
1930,유효폭 1.2m 이상,주출입구 높이차이 제거,117275
1931,손잡이 미흡설치,주출입구 높이차이 제거,117275
1932,상세정보 없음,주출입구 접근로,117276
1933,평탄함,주출입구 접근로,117277
1934,단차없음,주출입구 접근로,117277
1935,유효폭 1.2m 이상,주출입구 접근로,117277
1936,기울기 1/18이하,주출입구 접근로,117277
1937,보/차도 구분,주출입구 접근로,117277
1938,단차없음 또는 경사로 1/12이하 설치,주출입구 높이차이 제거,117278
1939,유효폭 1.2m 이상,주출입구 높이차이 제거,117278
1940,평탄함,주출입구 접근로,117279
1941,단차없음,주출입구 접근로,117279
1942,유효폭 1.2m 이상,주출입구 접근로,117279
1943,기울기 1/18이하,주출입구 접근로,117279
1944,보/차도 구분,주출입구 접근로,117279
1945,상세정보 없음,장애인 전용 주차구역,117280
1946,상세정보 없음,주출입구 접근로,117281
1947,총주차대수2,장애인 전용 주차구역,117282
1948,경사로 1/12초과 설치,주출입구 높이차이 제거,117283
1949,유효폭 1.2m 미만,주출입구 높이차이 제거,117283
1950,손잡이 설치,주출입구 높이차이 제거,117283
1951,평탄함,주출입구 접근로,117284
1952,단차없음,주출입구 접근로,117284
1953,유효폭 1.2m 이상,주출입구 접근로,117284
1954,기울기 1/18이하,주출입구 접근로,117284
1955,보/차도 구분,주출입구 접근로,117284
1956,상세정보 없음,장애인 전용 주차구역,117285
1957,출입구 및 피난통로와 가까운곳에 설치,장애인용 관람석,117286
1958,관람석 면적0.9*1.3m 이상,장애인용 관람석,117286
1959,좌석설치,장애인용 관람석,117286
1960,총주차대수20,장애인 전용 주차구역,117287
1961,전용주차대수  6,장애인 전용 주차구역,117287
1962,출입구와 가까운 곳에 설치,장애인 전용 주차구역,117287
1963,크기 확보(3.3*5m),장애인 전용 주차구역,117287
1964,안내표지판 설치,장애인 전용 주차구역,117287
1965,단차없음 또는 경사로 1/12이하 설치,주출입구 높이차이 제거,117288
1966,유효폭 1.2m 이상,주출입구 높이차이 제거,117288
1967,평탄함,주출입구 접근로,117289
1968,단차없음,주출입구 접근로,117289
1969,유효폭 1.2m 이상,주출입구 접근로,117289
1970,기울기 1/18~1/12이하,주출입구 접근로,117289
1971,보/차도 구분,주출입구 접근로,117289
1972,총주차대수20,장애인 전용 주차구역,117290
1973,경사로 1/12초과 설치,주출입구 높이차이 제거,117291
1974,유효폭 1.2m 이상,주출입구 높이차이 제거,117291
1975,손잡이 설치,주출입구 높이차이 제거,117291
1976,평탄함,주출입구 접근로,117292
1977,단차없음,주출입구 접근로,117292
1978,유효폭 1.2m 이상,주출입구 접근로,117292
1979,기울기 1/18이하,주출입구 접근로,117292
1980,보/차도 구분,주출입구 접근로,117292
1981,총주차대수9,장애인 전용 주차구역,117293
1982,단차없음 또는 경사로 1/12이하 설치,주출입구 높이차이 제거,117294
1983,유효폭 1.2m 이상,주출입구 높이차이 제거,117294
1984,평탄함,주출입구 접근로,117295
1985,단차없음,주출입구 접근로,117295
1986,유효폭 1.2m 이상,주출입구 접근로,117295
1987,기울기 1/18이하,주출입구 접근로,117295
1988,보/차도 구분,주출입구 접근로,117295
1989,총주차대수14,장애인 전용 주차구역,117296
1990,전용주차대수  1,장애인 전용 주차구역,117296
1991,출입구와 가까운 곳에 설치,장애인 전용 주차구역,117296
1992,크기 확보(3.3*5m),장애인 전용 주차구역,117296
1993,안내표지판 설치,장애인 전용 주차구역,117296
1994,평탄함,주출입구 접근로,117297
1995,단차없음,주출입구 접근로,117297
1996,유효폭 1.2m 이상,주출입구 접근로,117297
1997,기울기 1/18이하,주출입구 접근로,117297
1998,보/차도 구분없음,주출입구 접근로,117297
1999,총주차대수14,장애인 전용 주차구역,117298
2000,전용주차대수  1,장애인 전용 주차구역,117298
2001,출입구와 가까운 곳에 설치,장애인 전용 주차구역,117298
2002,크기 확보(3.3*5m),장애인 전용 주차구역,117298
2003,안내표지판 설치,장애인 전용 주차구역,117298
2004,단차없음 또는 경사로 1/12이하 설치,주출입구 높이차이 제거,117299
2005,유효폭 1.2m 이상,주출입구 높이차이 제거,117299
2006,손잡이 설치,주출입구 높이차이 제거,117299
2007,평탄함,주출입구 접근로,117300
2008,단차없음,주출입구 접근로,117300
2009,유효폭 1.2m 이상,주출입구 접근로,117300
2010,기울기 1/18~1/12이하,주출입구 접근로,117300
2011,보/차도 구분없음,주출입구 접근로,117300
2012,총주차대수36,장애인 전용 주차구역,117301
2013,단차없음 또는 경사로 1/12이하 설치,주출입구 높이차이 제거,117302
2014,유효폭 1.2m 이상,주출입구 높이차이 제거,117302
2015,평탄함,주출입구 접근로,117303
2016,단차없음,주출입구 접근로,117303
2017,유효폭 1.2m 이상,주출입구 접근로,117303
2018,기울기 1/18이하,주출입구 접근로,117303
2019,보/차도 구분,주출입구 접근로,117303
2020,평탄함,주출입구 접근로,117304
2021,단차없음,주출입구 접근로,117304
2022,유효폭 1.2m 이상,주출입구 접근로,117304
2023,기울기 1/18이하,주출입구 접근로,117304
2024,보/차도 구분,주출입구 접근로,117304
2025,총주차대수3,장애인 전용 주차구역,117305
2026,단차없음 또는 경사로 1/12이하 설치,주출입구 높이차이 제거,117306
2027,유효폭 1.2m 이상,주출입구 높이차이 제거,117306
2028,평탄함,주출입구 접근로,117307
2029,단차없음,주출입구 접근로,117307
2030,유효폭 1.2m 이상,주출입구 접근로,117307
2031,기울기 1/18이하,주출입구 접근로,117307
2032,보/차도 구분,주출입구 접근로,117307
2033,총주차대수10,장애인 전용 주차구역,117308
2034,평탄함,주출입구 접근로,117309
2035,단차없음,주출입구 접근로,117309
2036,유효폭 1.2m 이상,주출입구 접근로,117309
2037,기울기 1/18이하,주출입구 접근로,117309
2038,보/차도 구분없음,주출입구 접근로,117309
2039,총주차대수18,장애인 전용 주차구역,117310
2040,전용주차대수  2,장애인 전용 주차구역,117310
2041,출입구와 가까운 곳에 설치,장애인 전용 주차구역,117310
2042,크기 확보(3.3*5m),장애인 전용 주차구역,117310
2043,안내표지판 설치,장애인 전용 주차구역,117310
2044,단차없음 또는 경사로 1/12이하 설치,주출입구 높이차이 제거,117311
2045,유효폭 1.2m 이상,주출입구 높이차이 제거,117311
2046,평탄함,주출입구 접근로,117312
2047,단차없음,주출입구 접근로,117312
2048,유효폭 1.2m 이상,주출입구 접근로,117312
2049,기울기 1/18이하,주출입구 접근로,117312
2050,보/차도 구분없음,주출입구 접근로,117312
2051,평탄함,주출입구 접근로,117313
2052,단차없음,주출입구 접근로,117313
2053,유효폭 1.2m 이상,주출입구 접근로,117313
2054,기울기 1/18이하,주출입구 접근로,117313
2055,보/차도 구분,주출입구 접근로,117313
2056,총주차대수42,장애인 전용 주차구역,117314
2057,전용주차대수  1,장애인 전용 주차구역,117314
2058,출입구와 가까운 곳에 설치,장애인 전용 주차구역,117314
2059,크기 확보(3.3*5m),장애인 전용 주차구역,117314
2060,안내표지판 설치,장애인 전용 주차구역,117314
2061,단차없음 또는 경사로 1/12이하 설치,주출입구 높이차이 제거,117315
2062,유효폭 1.2m 이상,주출입구 높이차이 제거,117315
2063,손잡이 설치,주출입구 높이차이 제거,117315
2064,평탄함,주출입구 접근로,117316
2065,단차없음,주출입구 접근로,117316
2066,유효폭 1.2m 이상,주출입구 접근로,117316
2067,기울기 1/18이하,주출입구 접근로,117316
2068,보/차도 구분,주출입구 접근로,117316
2069,총주차대수4,장애인 전용 주차구역,117317
2070,평탄함,주출입구 접근로,117318
2071,단차없음,주출입구 접근로,117318
2072,유효폭 1.2m 이상,주출입구 접근로,117318
2073,기울기 1/18이하,주출입구 접근로,117318
2074,보/차도 구분,주출입구 접근로,117318
2075,총주차대수4,장애인 전용 주차구역,117319
2076,단차없음 또는 경사로 1/12이하 설치,주출입구 높이차이 제거,117320
2077,유효폭 1.2m 이상,주출입구 높이차이 제거,117320
2078,평탄함,주출입구 접근로,117321
2079,단차없음,주출입구 접근로,117321
2080,유효폭 1.2m 이상,주출입구 접근로,117321
2081,기울기 1/18이하,주출입구 접근로,117321
2082,보/차도 구분,주출입구 접근로,117321
2083,총주차대수12,장애인 전용 주차구역,117322
2084,전용주차대수  1,장애인 전용 주차구역,117322
2085,출입구와 가까운 곳에 설치,장애인 전용 주차구역,117322
2086,크기 확보(3.3*5m),장애인 전용 주차구역,117322
2087,안내표지판 설치,장애인 전용 주차구역,117322
2088,단차없음 또는 경사로 1/12이하 설치,주출입구 높이차이 제거,117323
2089,유효폭 1.2m 이상,주출입구 높이차이 제거,117323
2090,손잡이 설치,주출입구 높이차이 제거,117323
2091,상세정보 없음,주출입구 접근로,117324
2092,평탄함,주출입구 접근로,117325
2093,단차없음,주출입구 접근로,117325
2094,유효폭 1.2m 이상,주출입구 접근로,117325
2095,기울기 1/18이하,주출입구 접근로,117325
2096,보/차도 구분,주출입구 접근로,117325
2097,총주차대수23,장애인 전용 주차구역,117326
2098,전용주차대수  1,장애인 전용 주차구역,117326
2099,출입구와 가까운 곳에 설치,장애인 전용 주차구역,117326
2100,크기 확보(3.3*5m),장애인 전용 주차구역,117326
2101,안내표지판 설치,장애인 전용 주차구역,117326
2102,단차없음 또는 경사로 1/12이하 설치,주출입구 높이차이 제거,117327
2103,유효폭 1.2m 이상,주출입구 높이차이 제거,117327
2104,손잡이 설치,주출입구 높이차이 제거,117327
2105,평탄함,주출입구 접근로,117328
2106,단차없음,주출입구 접근로,117328
2107,유효폭 1.2m 이상,주출입구 접근로,117328
2108,기울기 1/18이하,주출입구 접근로,117328
2109,보/차도 구분없음,주출입구 접근로,117328
2110,단차없음 또는 경사로 1/12이하 설치,주출입구 높이차이 제거,117329
2111,유효폭 1.2m 이상,주출입구 높이차이 제거,117329
2112,손잡이 설치,주출입구 높이차이 제거,117329
2113,평탄함,주출입구 접근로,117330
2114,단차없음,주출입구 접근로,117330
2115,유효폭 1.2m 이상,주출입구 접근로,117330
2116,기울기 1/18이하,주출입구 접근로,117330
2117,보/차도 구분,주출입구 접근로,117330
2118,총주차대수3,장애인 전용 주차구역,117331
2119,단차없음 또는 경사로 1/12이하 설치,주출입구 높이차이 제거,117332
2120,유효폭 1.2m 이상,주출입구 높이차이 제거,117332
2121,평탄함,주출입구 접근로,117333
2122,단차없음,주출입구 접근로,117333
2123,유효폭 1.2m 이상,주출입구 접근로,117333
2124,기울기 1/18이하,주출입구 접근로,117333
2125,보/차도 구분없음,주출입구 접근로,117333
2126,평탄함,주출입구 접근로,117334
2127,단차없음,주출입구 접근로,117334
2128,유효폭 1.2m 이상,주출입구 접근로,117334
2129,기울기 1/18이하,주출입구 접근로,117334
2130,보/차도 구분없음,주출입구 접근로,117334
2131,단차없음 또는 경사로 1/12이하 설치,주출입구 높이차이 제거,117335
2132,유효폭 1.2m 이상,주출입구 높이차이 제거,117335
2133,평탄함,주출입구 접근로,117336
2134,단차없음,주출입구 접근로,117336
2135,유효폭 1.2m 이상,주출입구 접근로,117336
2136,기울기 1/18이하,주출입구 접근로,117336
2137,보/차도 구분,주출입구 접근로,117336
2138,총주차대수31,장애인 전용 주차구역,117337
2139,전용주차대수  1,장애인 전용 주차구역,117337
2140,출입구와 가까운 곳에 설치,장애인 전용 주차구역,117337
2141,크기 확보(3.3*5m),장애인 전용 주차구역,117337
2142,안내표지판 설치,장애인 전용 주차구역,117337
2143,단차없음 또는 경사로 1/12이하 설치,주출입구 높이차이 제거,117338
2144,유효폭 1.2m 이상,주출입구 높이차이 제거,117338
2145,손잡이 설치,주출입구 높이차이 제거,117338
2146,상세정보 없음,주출입구 접근로,117339
2147,총주차대수8,장애인 전용 주차구역,117340
2148,전용주차대수  1,장애인 전용 주차구역,117340
2149,출입구와 가까운 곳에 설치,장애인 전용 주차구역,117340
2150,크기 확보(3.3*5m),장애인 전용 주차구역,117340
2151,안내표지판 설치,장애인 전용 주차구역,117340
2152,경사로 1/12초과 설치,주출입구 높이차이 제거,117341
2153,유효폭 1.2m 이상,주출입구 높이차이 제거,117341
2154,상세정보 없음,주출입구 접근로,117342
2155,상세정보 없음,장애인 전용 주차구역,117343
2156,평탄함,주출입구 접근로,117344
2157,단차없음,주출입구 접근로,117344
2158,유효폭 1.2m 이상,주출입구 접근로,117344
2159,기울기 1/18이하,주출입구 접근로,117344
2160,보/차도 구분,주출입구 접근로,117344
2161,상세정보 없음,장애인 전용 주차구역,117345
2162,상세정보 없음,주출입구 접근로,117346
2163,총주차대수2,장애인 전용 주차구역,117347
2164,경사로 1/12초과 설치,주출입구 높이차이 제거,117348
2165,평탄함,주출입구 접근로,117349
2166,단차없음,주출입구 접근로,117349
2167,유효폭 1.2m 이상,주출입구 접근로,117349
2168,기울기 1/18이하,주출입구 접근로,117349
2169,보/차도 구분,주출입구 접근로,117349
2170,총주차대수12,장애인 전용 주차구역,117350
2171,평탄함,주출입구 접근로,117351
2172,단차없음,주출입구 접근로,117351
2173,유효폭 1.2m 이상,주출입구 접근로,117351
2174,기울기 1/18이하,주출입구 접근로,117351
2175,보/차도 구분,주출입구 접근로,117351
2176,총주차대수17,장애인 전용 주차구역,117352
2177,상세정보 없음,주출입구 접근로,117353
2178,총주차대수3,장애인 전용 주차구역,117354
2179,평탄함,주출입구 접근로,117355
2180,단차없음,주출입구 접근로,117355
2181,유효폭 1.2m 이상,주출입구 접근로,117355
2182,기울기 1/18이하,주출입구 접근로,117355
2183,보/차도 구분,주출입구 접근로,117355
2184,단차없음 또는 경사로 1/12이하 설치,주출입구 높이차이 제거,117356
2185,유효폭 1.2m 이상,주출입구 높이차이 제거,117356
2186,평탄함,주출입구 접근로,117357
2187,단차없음,주출입구 접근로,117357
2188,유효폭 1.2m 이상,주출입구 접근로,117357
2189,기울기 1/18이하,주출입구 접근로,117357
2190,보/차도 구분,주출입구 접근로,117357
2191,총주차대수25,장애인 전용 주차구역,117358
2192,전용주차대수  1,장애인 전용 주차구역,117358
2193,출입구와 가까운 곳에 설치,장애인 전용 주차구역,117358
2194,크기 미 확보,장애인 전용 주차구역,117358
2195,안내표지판 미설치,장애인 전용 주차구역,117358
2196,단차없음 또는 경사로 1/12이하 설치,주출입구 높이차이 제거,117359
2197,유효폭 1.2m 미만,주출입구 높이차이 제거,117359
2198,손잡이 미흡설치,주출입구 높이차이 제거,117359
2199,평탄함,주출입구 접근로,117360
2200,단차없음,주출입구 접근로,117360
2201,유효폭 1.2m 이상,주출입구 접근로,117360
2202,기울기 1/18이하,주출입구 접근로,117360
2203,보/차도 구분,주출입구 접근로,117360
2204,총주차대수22,장애인 전용 주차구역,117361
2205,전용주차대수  1,장애인 전용 주차구역,117361
2206,출입구와 가까운 곳에 설치,장애인 전용 주차구역,117361
2207,크기 확보(3.3*5m),장애인 전용 주차구역,117361
2208,안내표지판 설치,장애인 전용 주차구역,117361
2209,단차없음 또는 경사로 1/12이하 설치,주출입구 높이차이 제거,117362
2210,유효폭 1.2m 이상,주출입구 높이차이 제거,117362
2211,상세정보 없음,주출입구 접근로,117363
2212,상세정보 없음,장애인 전용 주차구역,117364
2213,단차없음 또는 경사로 1/12이하 설치,주출입구 높이차이 제거,117365
2214,유효폭 1.2m 이상,주출입구 높이차이 제거,117365
2215,상세정보 없음,주출입구 접근로,117366
2216,총주차대수8,장애인 전용 주차구역,117367
2217,단차없음 또는 경사로 1/12이하 설치,주출입구 높이차이 제거,117368
2218,유효폭 1.2m 이상,주출입구 높이차이 제거,117368
2219,평탄함,주출입구 접근로,117369
2220,단차없음,주출입구 접근로,117369
2221,유효폭 1.2m 이상,주출입구 접근로,117369
2222,기울기 1/18이하,주출입구 접근로,117369
2223,보/차도 구분없음,주출입구 접근로,117369
2224,총주차대수45,장애인 전용 주차구역,117370
2225,전용주차대수  1,장애인 전용 주차구역,117370
2226,출입구와 가까운 곳에 설치,장애인 전용 주차구역,117370
2227,크기 확보(3.3*5m),장애인 전용 주차구역,117370
2228,안내표지판 설치,장애인 전용 주차구역,117370
2229,평탄함,주출입구 접근로,117371
2230,단차없음,주출입구 접근로,117371
2231,유효폭 1.2m 이상,주출입구 접근로,117371
2232,기울기 1/18이하,주출입구 접근로,117371
2233,보/차도 구분,주출입구 접근로,117371
2234,총주차대수9,장애인 전용 주차구역,117372
2235,총주차대수25,장애인 전용 주차구역,117373
2236,전용주차대수  1,장애인 전용 주차구역,117373
2237,출입구와 가까운 곳에 설치,장애인 전용 주차구역,117373
2238,크기 확보(3.3*5m),장애인 전용 주차구역,117373
2239,안내표지판 설치,장애인 전용 주차구역,117373
2240,단차없음 또는 경사로 1/12이하 설치,주출입구 높이차이 제거,117374
2241,유효폭 1.2m 이상,주출입구 높이차이 제거,117374
2242,평탄함,주출입구 접근로,117375
2243,단차없음,주출입구 접근로,117375
2244,유효폭 1.2m 이상,주출입구 접근로,117375
2245,기울기 1/18이하,주출입구 접근로,117375
2246,보/차도 구분,주출입구 접근로,117375
2247,단차없음 또는 경사로 1/12이하 설치,주출입구 높이차이 제거,117376
2248,유효폭 1.2m 이상,주출입구 높이차이 제거,117376
2249,손잡이 설치,주출입구 높이차이 제거,117376
2250,평탄함,주출입구 접근로,117377
2251,단차없음,주출입구 접근로,117377
2252,유효폭 1.2m 이상,주출입구 접근로,117377
2253,기울기 1/18이하,주출입구 접근로,117377
2254,보/차도 구분,주출입구 접근로,117377
2255,총주차대수4,장애인 전용 주차구역,117378
2256,단차없음 또는 경사로 1/12이하 설치,주출입구 높이차이 제거,117379
2257,유효폭 1.2m 이상,주출입구 높이차이 제거,117379
2258,평탄함,주출입구 접근로,117380
2259,단차없음,주출입구 접근로,117380
2260,유효폭 1.2m 이상,주출입구 접근로,117380
2261,기울기 1/18이하,주출입구 접근로,117380
2262,보/차도 구분,주출입구 접근로,117380
2263,총주차대수240,장애인 전용 주차구역,117381
2264,전용주차대수  6,장애인 전용 주차구역,117381
2265,출입구와 가까운 곳에 설치,장애인 전용 주차구역,117381
2266,크기 확보(3.3*5m),장애인 전용 주차구역,117381
2267,안내표지판 설치,장애인 전용 주차구역,117381
2268,평탄함,주출입구 접근로,117382
2269,단차없음,주출입구 접근로,117382
2270,유효폭 1.2m 이상,주출입구 접근로,117382
2271,기울기 1/18이하,주출입구 접근로,117382
2272,보/차도 구분,주출입구 접근로,117382
2273,총주차대수5,장애인 전용 주차구역,117383
2274,상세정보 없음,주출입구 접근로,117384
2275,상세정보 없음,장애인 전용 주차구역,117385
2276,상세정보 없음,주출입구 접근로,117386
2277,총주차대수60,장애인 전용 주차구역,117387
2278,전용주차대수  3,장애인 전용 주차구역,117387
2279,출입구와 가까운 곳에 설치,장애인 전용 주차구역,117387
2280,크기 확보(3.3*5m),장애인 전용 주차구역,117387
2281,안내표지판 설치,장애인 전용 주차구역,117387
2282,단차없음 또는 경사로 1/12이하 설치,주출입구 높이차이 제거,117388
2283,유효폭 1.2m 이상,주출입구 높이차이 제거,117388
2284,평탄함,주출입구 접근로,117389
2285,단차없음,주출입구 접근로,117389
2286,유효폭 1.2m 이상,주출입구 접근로,117389
2287,기울기 1/18이하,주출입구 접근로,117389
2288,보/차도 구분,주출입구 접근로,117389
2289,상세정보 없음,장애인 전용 주차구역,117390
2290,평탄함,주출입구 접근로,117391
2291,단차없음,주출입구 접근로,117391
2292,유효폭 1.2m 이상,주출입구 접근로,117391
2293,기울기 1/18이하,주출입구 접근로,117391
2294,보/차도 구분,주출입구 접근로,117391
2295,총주차대수6,장애인 전용 주차구역,117392
2296,단차없음 또는 경사로 1/12이하 설치,주출입구 높이차이 제거,117393
2297,유효폭 1.2m 이상,주출입구 높이차이 제거,117393
2298,상세정보 없음,주출입구 접근로,117394
2299,총주차대수4,장애인 전용 주차구역,117395
2300,평탄함,주출입구 접근로,117396
2301,단차없음,주출입구 접근로,117396
2302,유효폭 1.2m 이상,주출입구 접근로,117396
2303,기울기 1/18이하,주출입구 접근로,117396
2304,보/차도 구분,주출입구 접근로,117396
2305,총주차대수3,장애인 전용 주차구역,117397
2306,평탄함,주출입구 접근로,117398
2307,단차없음,주출입구 접근로,117398
2308,유효폭 1.2m 이상,주출입구 접근로,117398
2309,기울기 1/18~1/12이하,주출입구 접근로,117398
2310,보/차도 구분,주출입구 접근로,117398
2311,단차없음 또는 경사로 1/12이하 설치,주출입구 높이차이 제거,117399
2312,유효폭 1.2m 이상,주출입구 높이차이 제거,117399
2313,평탄함,주출입구 접근로,117400
2314,단차없음,주출입구 접근로,117400
2315,유효폭 1.2m 이상,주출입구 접근로,117400
2316,기울기 1/18이하,주출입구 접근로,117400
2317,보/차도 구분,주출입구 접근로,117400
2318,총주차대수13,장애인 전용 주차구역,117401
2319,전용주차대수  1,장애인 전용 주차구역,117401
2320,출입구와 가까운 곳에 설치,장애인 전용 주차구역,117401
2321,크기 확보(3.3*5m),장애인 전용 주차구역,117401
2322,안내표지판 설치,장애인 전용 주차구역,117401
2323,단차없음 또는 경사로 1/12이하 설치,주출입구 높이차이 제거,117402
2324,유효폭 1.2m 이상,주출입구 높이차이 제거,117402
2325,평탄함,주출입구 접근로,117403
2326,단차없음,주출입구 접근로,117403
2327,유효폭 1.2m 이상,주출입구 접근로,117403
2328,기울기 1/18이하,주출입구 접근로,117403
2329,보/차도 구분없음,주출입구 접근로,117403
2330,평탄함,주출입구 접근로,117404
2331,단차없음,주출입구 접근로,117404
2332,유효폭 1.2m 이상,주출입구 접근로,117404
2333,기울기 1/18이하,주출입구 접근로,117404
2334,보/차도 구분없음,주출입구 접근로,117404
2335,상세정보 없음,주출입구 접근로,117405
2336,상세정보 없음,장애인 전용 주차구역,117406
2337,상세정보 없음,주출입구 접근로,117407
2338,상세정보 없음,장애인 전용 주차구역,117408
2339,평탄함,주출입구 접근로,117409
2340,단차없음,주출입구 접근로,117409
2341,유효폭 1.2m 이상,주출입구 접근로,117409
2342,기울기 1/18이하,주출입구 접근로,117409
2343,보/차도 구분,주출입구 접근로,117409
2344,총주차대수8,장애인 전용 주차구역,117410
2345,단차없음 또는 경사로 1/12이하 설치,주출입구 높이차이 제거,117411
2346,유효폭 1.2m 이상,주출입구 높이차이 제거,117411
2347,상세정보 없음,주출입구 접근로,117412
2348,상세정보 없음,장애인 전용 주차구역,117413
2349,경사로 1/12초과 설치,주출입구 높이차이 제거,117414
2350,유효폭 1.2m 이상,주출입구 높이차이 제거,117414
2351,손잡이 미흡설치,주출입구 높이차이 제거,117414
2352,평탄함,주출입구 접근로,117415
2353,단차없음,주출입구 접근로,117415
2354,유효폭 1.2m 이상,주출입구 접근로,117415
2355,기울기 1/18이하,주출입구 접근로,117415
2356,보/차도 구분,주출입구 접근로,117415
2357,단차없음 또는 경사로 1/12이하 설치,주출입구 높이차이 제거,117416
2358,유효폭 1.2m 이상,주출입구 높이차이 제거,117416
2359,손잡이 설치,주출입구 높이차이 제거,117416
2360,평탄함,주출입구 접근로,117417
2361,단차없음,주출입구 접근로,117417
2362,유효폭 1.2m 이상,주출입구 접근로,117417
2363,기울기 1/18이하,주출입구 접근로,117417
2364,보/차도 구분,주출입구 접근로,117417
2365,총주차대수224,장애인 전용 주차구역,117418
2366,전용주차대수  1,장애인 전용 주차구역,117418
2367,출입구와 가까운 곳에 설치,장애인 전용 주차구역,117418
2368,크기 확보(3.3*5m),장애인 전용 주차구역,117418
2369,안내표지판 설치,장애인 전용 주차구역,117418
2370,경사로 1/12초과 설치,주출입구 높이차이 제거,117419
2371,유효폭 1.2m 이상,주출입구 높이차이 제거,117419
2372,손잡이 설치,주출입구 높이차이 제거,117419
2373,상세정보 없음,주출입구 접근로,117420
2374,상세정보 없음,장애인 전용 주차구역,117421
2375,단차없음 또는 경사로 1/12이하 설치,주출입구 높이차이 제거,117422
2376,유효폭 1.2m 이상,주출입구 높이차이 제거,117422
2377,총주차대수17,장애인 전용 주차구역,117423
2378,경사로 1/12초과 설치,주출입구 높이차이 제거,117424
2379,유효폭 1.2m 미만,주출입구 높이차이 제거,117424
2380,상세정보 없음,주출입구 접근로,117425
2381,총주차대수3,장애인 전용 주차구역,117426
2382,총주차대수22,장애인 전용 주차구역,117427
2383,전용주차대수  1,장애인 전용 주차구역,117427
2384,출입구와 가까운 곳에 설치,장애인 전용 주차구역,117427
2385,크기 확보(3.3*5m),장애인 전용 주차구역,117427
2386,안내표지판 설치,장애인 전용 주차구역,117427
2387,단차없음 또는 경사로 1/12이하 설치,주출입구 높이차이 제거,117428
2388,유효폭 1.2m 미만,주출입구 높이차이 제거,117428
2389,평탄함,주출입구 접근로,117429
2390,단차없음,주출입구 접근로,117429
2391,유효폭 1.2m 이상,주출입구 접근로,117429
2392,기울기 1/18이하,주출입구 접근로,117429
2393,보/차도 구분,주출입구 접근로,117429
2394,총주차대수4,장애인 전용 주차구역,117430
2395,평탄함,주출입구 접근로,117431
2396,단차없음,주출입구 접근로,117431
2397,유효폭 1.2m 이상,주출입구 접근로,117431
2398,기울기 1/18이하,주출입구 접근로,117431
2399,보/차도 구분,주출입구 접근로,117431
2400,총주차대수6,장애인 전용 주차구역,117432
2401,경사로 1/12초과 설치,주출입구 높이차이 제거,117433
2402,유효폭 1.2m 이상,주출입구 높이차이 제거,117433
2403,가로조작반 설치,장애인용 승강기,117434
2404,버튼점자 설치,장애인용 승강기,117434
2405,점자블록 설치,장애인용 승강기,117434
2406,음성안내 설치,장애인용 승강기,117434
2407,점멸등 설치,장애인용 승강기,117434
2408,평탄함,주출입구 접근로,117435
2409,단차없음,주출입구 접근로,117435
2410,유효폭 1.2m 이상,주출입구 접근로,117435
2411,기울기 1/18이하,주출입구 접근로,117435
2412,보/차도 구분,주출입구 접근로,117435
2413,상세정보 없음,장애인 전용 주차구역,117436
2414,단차없음 또는 경사로 1/12이하 설치,주출입구 높이차이 제거,117437
2415,유효폭 1.2m 이상,주출입구 높이차이 제거,117437
2416,평탄함,주출입구 접근로,117438
2417,단차없음,주출입구 접근로,117438
2418,유효폭 1.2m 이상,주출입구 접근로,117438
2419,기울기 1/18이하,주출입구 접근로,117438
2420,보/차도 구분없음,주출입구 접근로,117438
2421,상세정보 없음,장애인 전용 주차구역,117439
2422,단차없음 또는 경사로 1/12이하 설치,주출입구 높이차이 제거,117440
2423,유효폭 1.2m 이상,주출입구 높이차이 제거,117440
2424,상세정보 없음,주출입구 접근로,117441
2425,총주차대수2,장애인 전용 주차구역,117442
2426,단차없음 또는 경사로 1/12이하 설치,주출입구 높이차이 제거,117443
2427,유효폭 1.2m 이상,주출입구 높이차이 제거,117443
2428,상세정보 없음,주출입구 접근로,117444
2429,상세정보 없음,장애인 전용 주차구역,117445
2430,평탄함,주출입구 접근로,117446
2431,단차없음,주출입구 접근로,117446
2432,유효폭 1.2m 이상,주출입구 접근로,117446
2433,기울기 1/18이하,주출입구 접근로,117446
2434,보/차도 구분,주출입구 접근로,117446
2435,총주차대수45,장애인 전용 주차구역,117447
2436,전용주차대수  3,장애인 전용 주차구역,117447
2437,출입구와 가까운 곳에 설치,장애인 전용 주차구역,117447
2438,크기 확보(3.3*5m),장애인 전용 주차구역,117447
2439,안내표지판 설치,장애인 전용 주차구역,117447
2440,평탄함,주출입구 접근로,117448
2441,단차없음,주출입구 접근로,117448
2442,유효폭 1.2m 이상,주출입구 접근로,117448
2443,기울기 1/18이하,주출입구 접근로,117448
2444,보/차도 구분,주출입구 접근로,117448
2445,총주차대수192,장애인 전용 주차구역,117449
2446,전용주차대수  4,장애인 전용 주차구역,117449
2447,출입구와 가까운 곳에 설치,장애인 전용 주차구역,117449
2448,크기 확보(3.3*5m),장애인 전용 주차구역,117449
2449,안내표지판 설치,장애인 전용 주차구역,117449
2450,단차없음 또는 경사로 1/12이하 설치,주출입구 높이차이 제거,117450
2451,유효폭 1.2m 이상,주출입구 높이차이 제거,117450
2452,평탄함,주출입구 접근로,117451
2453,단차없음,주출입구 접근로,117451
2454,유효폭 1.2m 이상,주출입구 접근로,117451
2455,기울기 1/18이하,주출입구 접근로,117451
2456,보/차도 구분,주출입구 접근로,117451
2457,상세정보 없음,장애인 전용 주차구역,117452
2458,경사로 1/12초과 설치,주출입구 높이차이 제거,117453
2459,유효폭 1.2m 이상,주출입구 높이차이 제거,117453
2460,손잡이 설치,주출입구 높이차이 제거,117453
2461,평탄함,주출입구 접근로,117454
2462,단차없음,주출입구 접근로,117454
2463,유효폭 1.2m 이상,주출입구 접근로,117454
2464,기울기 1/18이하,주출입구 접근로,117454
2465,보/차도 구분,주출입구 접근로,117454
2466,평탄함,주출입구 접근로,117455
2467,단차없음,주출입구 접근로,117455
2468,유효폭 1.2m 이상,주출입구 접근로,117455
2469,기울기 1/18이하,주출입구 접근로,117455
2470,보/차도 구분,주출입구 접근로,117455
2471,상세정보 없음,장애인 전용 주차구역,117456
2472,상세정보 없음,주출입구 접근로,117457
2473,총주차대수6,장애인 전용 주차구역,117458
2474,전용주차대수  1,장애인 전용 주차구역,117458
2475,출입구와 가까운 곳에 설치,장애인 전용 주차구역,117458
2476,크기 확보(3.3*5m),장애인 전용 주차구역,117458
2477,안내표지판 미설치,장애인 전용 주차구역,117458
2478,단차없음 또는 경사로 1/12이하 설치,주출입구 높이차이 제거,117459
2479,유효폭 1.2m 이상,주출입구 높이차이 제거,117459
2480,평탄함,주출입구 접근로,117460
2481,단차없음,주출입구 접근로,117460
2482,유효폭 1.2m 이상,주출입구 접근로,117460
2483,기울기 1/18이하,주출입구 접근로,117460
2484,보/차도 구분,주출입구 접근로,117460
2485,총주차대수8,장애인 전용 주차구역,117461
2486,상세정보 없음,주출입구 접근로,117462
2487,총주차대수4,장애인 전용 주차구역,117463
2488,평탄함,주출입구 접근로,117464
2489,단차없음,주출입구 접근로,117464
2490,유효폭 1.2m 이상,주출입구 접근로,117464
2491,기울기 1/18이하,주출입구 접근로,117464
2492,보/차도 구분,주출입구 접근로,117464
2493,총주차대수4,장애인 전용 주차구역,117465
2494,단차없음 또는 경사로 1/12이하 설치,주출입구 높이차이 제거,117466
2495,유효폭 1.2m 이상,주출입구 높이차이 제거,117466
2496,평탄함,주출입구 접근로,117467
2497,단차없음,주출입구 접근로,117467
2498,유효폭 1.2m 이상,주출입구 접근로,117467
2499,기울기 1/18이하,주출입구 접근로,117467
2500,보/차도 구분,주출입구 접근로,117467
2501,총주차대수8,장애인 전용 주차구역,117468
2502,단차없음 또는 경사로 1/12이하 설치,주출입구 높이차이 제거,117469
2503,유효폭 1.2m 이상,주출입구 높이차이 제거,117469
2504,총주차대수8,장애인 전용 주차구역,117470
2505,단차없음 또는 경사로 1/12이하 설치,주출입구 높이차이 제거,117471
2506,유효폭 1.2m 이상,주출입구 높이차이 제거,117471
2507,손잡이 설치,주출입구 높이차이 제거,117471
2508,상세정보 없음,장애인 전용 주차구역,117472
2509,경사로 1/12초과 설치,주출입구 높이차이 제거,117473
2510,유효폭 1.2m 이상,주출입구 높이차이 제거,117473
2511,평탄함,주출입구 접근로,117474
2512,단차없음,주출입구 접근로,117474
2513,유효폭 1.2m 이상,주출입구 접근로,117474
2514,기울기 1/18이하,주출입구 접근로,117474
2515,보/차도 구분,주출입구 접근로,117474
2516,총주차대수4,장애인 전용 주차구역,117475
2517,상세정보 없음,주출입구 접근로,117476
2518,총주차대수7,장애인 전용 주차구역,117477
2519,경사로 1/12초과 설치,주출입구 높이차이 제거,117478
2520,유효폭 1.2m 이상,주출입구 높이차이 제거,117478
2521,손잡이 설치,주출입구 높이차이 제거,117478
2522,상세정보 없음,주출입구 접근로,117479
2523,상세정보 없음,장애인 전용 주차구역,117480
2524,단차없음 또는 경사로 1/12이하 설치,주출입구 높이차이 제거,117481
2525,유효폭 1.2m 이상,주출입구 높이차이 제거,117481
2526,손잡이 설치,주출입구 높이차이 제거,117481
2527,평탄함,주출입구 접근로,117482
2528,단차없음,주출입구 접근로,117482
2529,유효폭 1.2m 이상,주출입구 접근로,117482
2530,기울기 1/18~1/12이하,주출입구 접근로,117482
2531,보/차도 구분,주출입구 접근로,117482
2532,총주차대수75,장애인 전용 주차구역,117483
2533,전용주차대수  2,장애인 전용 주차구역,117483
2534,출입구와 가까운 곳에 설치,장애인 전용 주차구역,117483
2535,크기 확보(3.3*5m),장애인 전용 주차구역,117483
2536,안내표지판 설치,장애인 전용 주차구역,117483
2537,경사로 1/12초과 설치,주출입구 높이차이 제거,117484
2538,유효폭 1.2m 이상,주출입구 높이차이 제거,117484
2539,손잡이 설치,주출입구 높이차이 제거,117484
2540,평탄함,주출입구 접근로,117485
2541,단차없음,주출입구 접근로,117485
2542,유효폭 1.2m 이상,주출입구 접근로,117485
2543,기울기 1/18이하,주출입구 접근로,117485
2544,보/차도 구분,주출입구 접근로,117485
2545,상세정보 없음,장애인 전용 주차구역,117486
2546,단차없음 또는 경사로 1/12이하 설치,주출입구 높이차이 제거,117487
2547,유효폭 1.2m 이상,주출입구 높이차이 제거,117487
2548,손잡이 설치,주출입구 높이차이 제거,117487
2549,상세정보 없음,주출입구 접근로,117488
2550,상세정보 없음,장애인 전용 주차구역,117489
2551,단차없음 또는 경사로 1/12이하 설치,주출입구 높이차이 제거,117490
2552,유효폭 1.2m 이상,주출입구 높이차이 제거,117490
2553,평탄함,주출입구 접근로,117491
2554,단차없음,주출입구 접근로,117491
2555,유효폭 1.2m 이상,주출입구 접근로,117491
2556,기울기 1/18이하,주출입구 접근로,117491
2557,보/차도 구분,주출입구 접근로,117491
2558,총주차대수15,장애인 전용 주차구역,117492
2559,전용주차대수  1,장애인 전용 주차구역,117492
2560,출입구와 가까운 곳에 설치,장애인 전용 주차구역,117492
2561,크기 확보(3.3*5m),장애인 전용 주차구역,117492
2562,안내표지판 설치,장애인 전용 주차구역,117492
2563,단차없음 또는 경사로 1/12이하 설치,주출입구 높이차이 제거,117493
2564,평탄함,주출입구 접근로,117494
2565,단차없음,주출입구 접근로,117494
2566,유효폭 1.2m 이상,주출입구 접근로,117494
2567,기울기 1/18이하,주출입구 접근로,117494
2568,보/차도 구분,주출입구 접근로,117494
2569,총주차대수10,장애인 전용 주차구역,117495
2570,단차없음 또는 경사로 1/12이하 설치,주출입구 높이차이 제거,117496
2571,유효폭 1.2m 이상,주출입구 높이차이 제거,117496
2572,상세정보 없음,주출입구 접근로,117497
2573,총주차대수4,장애인 전용 주차구역,117498
2574,평탄함,주출입구 접근로,117499
2575,단차없음,주출입구 접근로,117499
2576,유효폭 1.2m 이상,주출입구 접근로,117499
2577,기울기 1/18이하,주출입구 접근로,117499
2578,보/차도 구분없음,주출입구 접근로,117499
2579,총주차대수27,장애인 전용 주차구역,117500
2580,전용주차대수  1,장애인 전용 주차구역,117500
2581,출입구와 가까운 곳에 설치,장애인 전용 주차구역,117500
2582,크기 확보(3.3*5m),장애인 전용 주차구역,117500
2583,안내표지판 설치,장애인 전용 주차구역,117500
2584,상세정보 없음,주출입구 접근로,117501
2585,총주차대수50,장애인 전용 주차구역,117502
2586,전용주차대수  3,장애인 전용 주차구역,117502
2587,출입구와 가까운 곳에 설치,장애인 전용 주차구역,117502
2588,크기 확보(3.3*5m),장애인 전용 주차구역,117502
2589,안내표지판 설치,장애인 전용 주차구역,117502
2590,상세정보 없음,주출입구 접근로,117503
2591,단차없음 또는 경사로 1/12이하 설치,주출입구 높이차이 제거,117504
2592,유효폭 1.2m 이상,주출입구 높이차이 제거,117504
2593,손잡이 설치,주출입구 높이차이 제거,117504
2594,평탄함,주출입구 접근로,117505
2595,단차없음,주출입구 접근로,117505
2596,유효폭 1.2m 이상,주출입구 접근로,117505
2597,기울기 1/18~1/12이하,주출입구 접근로,117505
2598,보/차도 구분,주출입구 접근로,117505
2599,총주차대수4,장애인 전용 주차구역,117506
2600,경사로 1/12초과 설치,주출입구 높이차이 제거,117507
2601,유효폭 1.2m 이상,주출입구 높이차이 제거,117507
2602,손잡이 설치,주출입구 높이차이 제거,117507
2603,평탄함,주출입구 접근로,117508
2604,단차없음,주출입구 접근로,117508
2605,유효폭 1.2m 이상,주출입구 접근로,117508
2606,기울기 1/18이하,주출입구 접근로,117508
2607,보/차도 구분없음,주출입구 접근로,117508
2608,총주차대수9,장애인 전용 주차구역,117509
2609,전용주차대수  1,장애인 전용 주차구역,117509
2610,출입구와 가까운 곳에 설치,장애인 전용 주차구역,117509
2611,크기 미 확보,장애인 전용 주차구역,117509
2612,안내표지판 설치,장애인 전용 주차구역,117509
2613,경사로 1/12초과 설치,주출입구 높이차이 제거,117510
2614,유효폭 1.2m 이상,주출입구 높이차이 제거,117510
2615,손잡이 설치,주출입구 높이차이 제거,117510
2616,상세정보 없음,주출입구 접근로,117511
2617,단차없음 또는 경사로 1/12이하 설치,주출입구 높이차이 제거,117512
2618,유효폭 1.2m 이상,주출입구 높이차이 제거,117512
2619,손잡이 설치,주출입구 높이차이 제거,117512
2620,상세정보 없음,주출입구 접근로,117513
2621,상세정보 없음,장애인 전용 주차구역,117514
2622,상세정보 없음,주출입구 접근로,117515
2623,총주차대수8,장애인 전용 주차구역,117516
2624,평탄함,주출입구 접근로,117517
2625,단차없음,주출입구 접근로,117517
2626,유효폭 1.2m 이상,주출입구 접근로,117517
2627,기울기 1/18이하,주출입구 접근로,117517
2628,보/차도 구분,주출입구 접근로,117517
2629,경사로 1/12초과 설치,주출입구 높이차이 제거,117518
2630,유효폭 1.2m 이상,주출입구 높이차이 제거,117518
2631,손잡이 설치,주출입구 높이차이 제거,117518
2632,상세정보 없음,주출입구 접근로,117519
2633,총주차대수4,장애인 전용 주차구역,117520
2634,전용주차대수  1,장애인 전용 주차구역,117520
2635,경사로 1/12초과 설치,주출입구 높이차이 제거,117521
2636,유효폭 1.2m 이상,주출입구 높이차이 제거,117521
2637,손잡이 미흡설치,주출입구 높이차이 제거,117521
2638,상세정보 없음,주출입구 접근로,117522
2639,총주차대수14,장애인 전용 주차구역,117523
2640,전용주차대수  1,장애인 전용 주차구역,117523
2641,출입구와 가까운 곳에 설치,장애인 전용 주차구역,117523
2642,크기 확보(3.3*5m),장애인 전용 주차구역,117523
2643,안내표지판 설치,장애인 전용 주차구역,117523
2644,단차없음 또는 경사로 1/12이하 설치,주출입구 높이차이 제거,117524
2645,유효폭 1.2m 이상,주출입구 높이차이 제거,117524
2646,상세정보 없음,주출입구 접근로,117525
2647,총주차대수5,장애인 전용 주차구역,117526
2648,단차없음 또는 경사로 1/12이하 설치,주출입구 높이차이 제거,117527
2649,유효폭 1.2m 이상,주출입구 높이차이 제거,117527
2650,손잡이 설치,주출입구 높이차이 제거,117527
2651,평탄함,주출입구 접근로,117528
2652,단차없음,주출입구 접근로,117528
2653,유효폭 1.2m 이상,주출입구 접근로,117528
2654,기울기 1/18이하,주출입구 접근로,117528
2655,보/차도 구분,주출입구 접근로,117528
2656,총주차대수9,장애인 전용 주차구역,117529
2657,단차없음 또는 경사로 1/12이하 설치,주출입구 높이차이 제거,117530
2658,유효폭 1.2m 미만,주출입구 높이차이 제거,117530
2659,손잡이 설치,주출입구 높이차이 제거,117530
2660,상세정보 없음,주출입구 접근로,117531
2661,총주차대수2,장애인 전용 주차구역,117532
2662,상세정보 없음,주출입구 접근로,117533
2663,단차없음 또는 경사로 1/12이하 설치,주출입구 높이차이 제거,117534
2664,손잡이 미흡설치,주출입구 높이차이 제거,117534
2665,평탄함,주출입구 접근로,117535
2666,단차없음,주출입구 접근로,117535
2667,유효폭 1.2m 이상,주출입구 접근로,117535
2668,기울기 1/18이하,주출입구 접근로,117535
2669,보/차도 구분,주출입구 접근로,117535
2670,단차없음 또는 경사로 1/12이하 설치,주출입구 높이차이 제거,117536
2671,평탄함,주출입구 접근로,117537
2672,단차없음,주출입구 접근로,117537
2673,유효폭 1.2m 이상,주출입구 접근로,117537
2674,기울기 1/18이하,주출입구 접근로,117537
2675,보/차도 구분없음,주출입구 접근로,117537
2676,총주차대수5,장애인 전용 주차구역,117538
2677,전용주차대수  2,장애인 전용 주차구역,117538
2678,출입구와 가까운 곳에 설치,장애인 전용 주차구역,117538
2679,크기 미 확보,장애인 전용 주차구역,117538
2680,안내표지판 설치,장애인 전용 주차구역,117538
2681,경사로 1/12초과 설치,주출입구 높이차이 제거,117539
2682,유효폭 1.2m 이상,주출입구 높이차이 제거,117539
2683,손잡이 설치,주출입구 높이차이 제거,117539
2684,평탄함,주출입구 접근로,117540
2685,단차없음,주출입구 접근로,117540
2686,유효폭 1.2m 이상,주출입구 접근로,117540
2687,기울기 1/18이하,주출입구 접근로,117540
2688,보/차도 구분,주출입구 접근로,117540
2689,총주차대수400,장애인 전용 주차구역,117541
2690,전용주차대수  8,장애인 전용 주차구역,117541
2691,출입구와 가까운 곳에 설치,장애인 전용 주차구역,117541
2692,크기 확보(3.3*5m),장애인 전용 주차구역,117541
2693,안내표지판 설치,장애인 전용 주차구역,117541
2694,경사로 1/12초과 설치,주출입구 높이차이 제거,117542
2695,유효폭 1.2m 미만,주출입구 높이차이 제거,117542
2696,손잡이 미흡설치,주출입구 높이차이 제거,117542
2697,평탄함,주출입구 접근로,117543
2698,단차없음,주출입구 접근로,117543
2699,유효폭 1.2m 이상,주출입구 접근로,117543
2700,기울기 1/18~1/12이하,주출입구 접근로,117543
2701,보/차도 구분,주출입구 접근로,117543
2702,상세정보 없음,장애인 전용 주차구역,117544
2703,평탄함,주출입구 접근로,117545
2704,단차없음,주출입구 접근로,117545
2705,유효폭 1.2m 이상,주출입구 접근로,117545
2706,기울기 1/18이하,주출입구 접근로,117545
2707,보/차도 구분,주출입구 접근로,117545
2708,총주차대수9,장애인 전용 주차구역,117546
2709,단차없음 또는 경사로 1/12이하 설치,주출입구 높이차이 제거,117547
2710,유효폭 1.2m 이상,주출입구 높이차이 제거,117547
2711,상세정보 없음,주출입구 접근로,117548
2712,상세정보 없음,장애인 전용 주차구역,117549
2713,평탄함,주출입구 접근로,117550
2714,단차없음,주출입구 접근로,117550
2715,유효폭 1.2m 이상,주출입구 접근로,117550
2716,기울기 1/18이하,주출입구 접근로,117550
2717,보/차도 구분,주출입구 접근로,117550
2718,총주차대수60,장애인 전용 주차구역,117551
2719,전용주차대수  2,장애인 전용 주차구역,117551
2720,출입구와 가까운 곳에 설치,장애인 전용 주차구역,117551
2721,크기 확보(3.3*5m),장애인 전용 주차구역,117551
2722,안내표지판 설치,장애인 전용 주차구역,117551
2723,단차없음 또는 경사로 1/12이하 설치,주출입구 높이차이 제거,117552
2724,유효폭 1.2m 이상,주출입구 높이차이 제거,117552
2725,상세정보 없음,주출입구 접근로,117553
2726,상세정보 없음,장애인 전용 주차구역,117554
2727,단차없음 또는 경사로 1/12이하 설치,주출입구 높이차이 제거,117555
2728,유효폭 1.2m 이상,주출입구 높이차이 제거,117555
2729,손잡이 설치,주출입구 높이차이 제거,117555
2730,상세정보 없음,주출입구 접근로,117556
2731,평탄함,주출입구 접근로,117557
2732,단차없음,주출입구 접근로,117557
2733,유효폭 1.2m 이상,주출입구 접근로,117557
2734,기울기 1/18이하,주출입구 접근로,117557
2735,보/차도 구분,주출입구 접근로,117557
2736,총주차대수16,장애인 전용 주차구역,117558
2737,전용주차대수  1,장애인 전용 주차구역,117558
2738,출입구와 가까운 곳에 설치,장애인 전용 주차구역,117558
2739,크기 미 확보,장애인 전용 주차구역,117558
2740,안내표지판 미설치,장애인 전용 주차구역,117558
2741,단차없음 또는 경사로 1/12이하 설치,주출입구 높이차이 제거,117559
2742,유효폭 1.2m 이상,주출입구 높이차이 제거,117559
2743,상세정보 없음,주출입구 접근로,117560
2744,평탄함,주출입구 접근로,117561
2745,단차없음,주출입구 접근로,117561
2746,유효폭 1.2m 이상,주출입구 접근로,117561
2747,기울기 1/18이하,주출입구 접근로,117561
2748,보/차도 구분,주출입구 접근로,117561
2749,총주차대수5,장애인 전용 주차구역,117562
2750,단차없음 또는 경사로 1/12이하 설치,주출입구 높이차이 제거,117563
2751,유효폭 1.2m 이상,주출입구 높이차이 제거,117563
2752,손잡이 설치,주출입구 높이차이 제거,117563
2753,상세정보 없음,주출입구 접근로,117564
2754,총주차대수13,장애인 전용 주차구역,117565
2755,평탄함,주출입구 접근로,117566
2756,단차없음,주출입구 접근로,117566
2757,유효폭 1.2m 이상,주출입구 접근로,117566
2758,기울기 1/18이하,주출입구 접근로,117566
2759,보/차도 구분,주출입구 접근로,117566
2760,총주차대수4,장애인 전용 주차구역,117567
2761,단차없음 또는 경사로 1/12이하 설치,주출입구 높이차이 제거,117568
2762,유효폭 1.2m 이상,주출입구 높이차이 제거,117568
2763,평탄함,주출입구 접근로,117569
2764,단차없음,주출입구 접근로,117569
2765,유효폭 1.2m 이상,주출입구 접근로,117569
2766,기울기 1/18이하,주출입구 접근로,117569
2767,보/차도 구분없음,주출입구 접근로,117569
2768,총주차대수3,장애인 전용 주차구역,117570
2769,단차없음 또는 경사로 1/12이하 설치,주출입구 높이차이 제거,117571
2770,유효폭 1.2m 이상,주출입구 높이차이 제거,117571
2771,손잡이 설치,주출입구 높이차이 제거,117571
2772,상세정보 없음,주출입구 접근로,117572
2773,상세정보 없음,장애인 전용 주차구역,117573
2774,단차없음 또는 경사로 1/12이하 설치,주출입구 높이차이 제거,117574
2775,유효폭 1.2m 이상,주출입구 높이차이 제거,117574
2776,손잡이 설치,주출입구 높이차이 제거,117574
2777,상세정보 없음,주출입구 접근로,117575
2778,총주차대수4,장애인 전용 주차구역,117576
2779,단차없음 또는 경사로 1/12이하 설치,주출입구 높이차이 제거,117577
2780,유효폭 1.2m 이상,주출입구 높이차이 제거,117577
2781,손잡이 설치,주출입구 높이차이 제거,117577
2782,상세정보 없음,주출입구 접근로,117578
2783,단차없음 또는 경사로 1/12이하 설치,주출입구 높이차이 제거,117579
2784,유효폭 1.2m 이상,주출입구 높이차이 제거,117579
2785,손잡이 설치,주출입구 높이차이 제거,117579
2786,평탄함,주출입구 접근로,117580
2787,단차없음,주출입구 접근로,117580
2788,유효폭 1.2m 이상,주출입구 접근로,117580
2789,기울기 1/18이하,주출입구 접근로,117580
2790,보/차도 구분없음,주출입구 접근로,117580
2791,총주차대수7,장애인 전용 주차구역,117581
2792,평탄함,주출입구 접근로,117582
2793,단차없음,주출입구 접근로,117582
2794,유효폭 1.2m 이상,주출입구 접근로,117582
2795,기울기 1/18이하,주출입구 접근로,117582
2796,보/차도 구분,주출입구 접근로,117582
2797,총주차대수395,장애인 전용 주차구역,117583
2798,전용주차대수  8,장애인 전용 주차구역,117583
2799,출입구와 가까운 곳에 설치,장애인 전용 주차구역,117583
2800,크기 미 확보,장애인 전용 주차구역,117583
2801,안내표지판 설치,장애인 전용 주차구역,117583
2802,경사로 1/12초과 설치,주출입구 높이차이 제거,117584
2803,유효폭 1.2m 미만,주출입구 높이차이 제거,117584
2804,손잡이 미흡설치,주출입구 높이차이 제거,117584
2805,상세정보 없음,주출입구 접근로,117585
2806,상세정보 없음,장애인 전용 주차구역,117586
2807,단차없음 또는 경사로 1/12이하 설치,주출입구 높이차이 제거,117587
2808,유효폭 1.2m 이상,주출입구 높이차이 제거,117587
2809,평탄함,주출입구 접근로,117588
2810,단차없음,주출입구 접근로,117588
2811,유효폭 1.2m 이상,주출입구 접근로,117588
2812,기울기 1/18이하,주출입구 접근로,117588
2813,보/차도 구분없음,주출입구 접근로,117588
2814,단차없음 또는 경사로 1/12이하 설치,주출입구 높이차이 제거,117589
2815,유효폭 1.2m 이상,주출입구 높이차이 제거,117589
2816,손잡이 설치,주출입구 높이차이 제거,117589
2817,평탄함,주출입구 접근로,117590
2818,단차없음,주출입구 접근로,117590
2819,유효폭 1.2m 이상,주출입구 접근로,117590
2820,기울기 1/18이하,주출입구 접근로,117590
2821,보/차도 구분,주출입구 접근로,117590
2822,총주차대수5,장애인 전용 주차구역,117591
2823,단차없음 또는 경사로 1/12이하 설치,주출입구 높이차이 제거,117592
2824,유효폭 1.2m 이상,주출입구 높이차이 제거,117592
2825,손잡이 설치,주출입구 높이차이 제거,117592
2826,상세정보 없음,주출입구 접근로,117593
2827,평탄함,주출입구 접근로,117594
2828,단차없음,주출입구 접근로,117594
2829,유효폭 1.2m 이상,주출입구 접근로,117594
2830,기울기 1/18이하,주출입구 접근로,117594
2831,보/차도 구분,주출입구 접근로,117594
2832,총주차대수16,장애인 전용 주차구역,117595
2833,전용주차대수  1,장애인 전용 주차구역,117595
2834,출입구와 가까운 곳에 설치,장애인 전용 주차구역,117595
2835,크기 확보(3.3*5m),장애인 전용 주차구역,117595
2836,안내표지판 미설치,장애인 전용 주차구역,117595
2837,평탄함,주출입구 접근로,117596
2838,단차없음,주출입구 접근로,117596
2839,유효폭 1.2m 이상,주출입구 접근로,117596
2840,기울기 1/18이하,주출입구 접근로,117596
2841,보/차도 구분,주출입구 접근로,117596
2842,총주차대수4,장애인 전용 주차구역,117597
2843,상세정보 없음,주출입구 접근로,117598
2844,총주차대수4,장애인 전용 주차구역,117599
2845,단차없음 또는 경사로 1/12이하 설치,주출입구 높이차이 제거,117600
2846,유효폭 1.2m 이상,주출입구 높이차이 제거,117600
2847,상세정보 없음,주출입구 접근로,117601
2848,총주차대수8,장애인 전용 주차구역,117602
2849,전용주차대수  1,장애인 전용 주차구역,117602
2850,경사로 1/12초과 설치,주출입구 높이차이 제거,117603
2851,유효폭 1.2m 이상,주출입구 높이차이 제거,117603
